# Blender v2.78 (sub 0) OBJ File: 'original.blend'
# www.blender.org
mtllib sect.mtl
o Cylinder.001
v -0.359019 -1.518624 -1.394404
v -0.193481 -1.575826 -1.277508
v -0.291678 -1.523286 -1.113702
v -0.384215 -1.592169 -1.282311
v -0.238930 -1.473723 -1.529328
v -0.221674 -1.510108 -1.388888
v -0.291834 -1.472662 -1.386810
v -0.294689 -1.442565 -1.545689
v -0.348173 -1.473772 -1.533979
v -0.383083 -1.946531 -0.936767
v -0.380267 -1.709414 -1.167084
v -0.382664 -1.650113 -1.224595
v -0.282150 -1.865291 -0.870398
v -0.292310 -1.577360 -1.051130
v -0.291487 -1.469157 -1.176305
v -0.157986 -1.914311 -0.936411
v -0.178555 -1.691075 -1.157725
v -0.184182 -1.633473 -1.217593
v -0.274491 -1.608893 -1.078333
v -0.292837 -1.537499 -1.200891
v -0.247086 -1.528015 -1.226575
v -0.294832 -1.498792 -1.242154
v -0.340583 -1.508276 -1.216471
v -0.292976 -1.482833 -1.210446
v -0.286026 -1.650532 -1.080395
v -0.238963 -1.639454 -1.105057
v -0.288019 -1.611886 -1.121593
v -0.335082 -1.622965 -1.096931
v -0.306021 -1.543930 -1.134921
v -0.289402 -1.594591 -1.140031
v -0.243023 -1.583756 -1.165792
v -0.291453 -1.554808 -1.182440
v -0.337832 -1.565643 -1.156678
v -0.290729 -1.560111 -1.125616
v -0.307423 -1.488135 -1.196090
v -0.289981 -1.593484 -1.087576
v -0.276084 -1.554055 -1.140016
v -0.292346 -1.504469 -1.187382
v -0.304842 -1.599676 -1.073791
v -0.291376 -1.537874 -1.149321
v -0.277899 -1.499168 -1.201737
v -0.289352 -1.615085 -1.064548
v -0.294288 -1.484391 -1.296440
v -0.205206 -1.535528 -1.334394
v -0.376892 -1.547763 -1.338554
v -0.348482 -1.521591 -1.394557
v -0.205932 -1.577830 -1.278608
v -0.294231 -1.525510 -1.115951
v -0.373634 -1.594348 -1.283766
v -0.249981 -1.476866 -1.529794
v -0.233526 -1.512906 -1.389167
v -0.293313 -1.477163 -1.387341
v -0.296174 -1.447405 -1.546566
v -0.338430 -1.476986 -1.534510
v -0.371564 -1.948178 -0.938409
v -0.369284 -1.711204 -1.168877
v -0.371787 -1.651946 -1.226408
v -0.282811 -1.868321 -0.873367
v -0.294582 -1.579620 -1.053397
v -0.294303 -1.471344 -1.178533
v -0.170058 -1.916166 -0.938101
v -0.190913 -1.692866 -1.159263
v -0.196677 -1.635251 -1.219008
v -0.283482 -1.611211 -1.080772
v -0.295586 -1.540232 -1.204621
v -0.257046 -1.531194 -1.229006
v -0.299000 -1.503113 -1.244014
v -0.337540 -1.512152 -1.219628
v -0.297883 -1.487339 -1.211226
v -0.288176 -1.653291 -1.084238
v -0.248429 -1.642570 -1.107881
v -0.291447 -1.615820 -1.124049
v -0.331193 -1.626541 -1.100406
v -0.303844 -1.547466 -1.138116
v -0.291859 -1.597342 -1.143805
v -0.252818 -1.586815 -1.168496
v -0.295231 -1.558713 -1.184841
v -0.334272 -1.569240 -1.160150
v -0.293291 -1.561287 -1.130334
v -0.305668 -1.491685 -1.199296
v -0.294106 -1.598106 -1.088452
v -0.285350 -1.556260 -1.142370
v -0.295209 -1.505608 -1.192075
v -0.302232 -1.603191 -1.076968
v -0.295902 -1.542440 -1.150151
v -0.287425 -1.501262 -1.204006
v -0.291608 -1.616295 -1.069289
v -0.296199 -1.488634 -1.297543
v -0.217444 -1.537957 -1.334925
v -0.366446 -1.550461 -1.339109
v -0.278945 -2.073002 -0.670956
v -0.388805 -1.680539 -1.350440
v -0.145567 -2.110117 -0.745488
v -0.381367 -2.154480 -0.735465
v -0.178827 -1.619745 -1.326364
v -0.190443 -1.575540 -1.365907
v -0.385058 -1.623143 -1.387092
v -0.299631 -1.420889 -1.659914
v -0.250814 -1.452547 -1.642908
v -0.342769 -1.443920 -1.645869
v -0.224974 -1.502534 -1.511311
v -0.359676 -1.508843 -1.524045
v -0.382878 -2.032248 -1.016220
v -0.385511 -1.799563 -1.239128
v -0.388004 -1.738650 -1.294637
v -0.134851 -1.959327 -0.989703
v -0.157996 -1.739456 -1.208882
v -0.164750 -1.679595 -1.267621
v -0.204174 -1.542748 -1.386762
v -0.373380 -1.570656 -1.406101
v -0.279752 -2.020336 -0.720082
v -0.391185 -1.658384 -1.333377
v -0.145705 -2.060688 -0.792774
v -0.384797 -2.102111 -0.785413
v -0.295037 -1.490924 -1.260275
v -0.199357 -1.551537 -1.306504
v -0.382697 -1.566780 -1.310603
v -0.179009 -1.608534 -1.314075
v -0.204071 -1.879753 -0.893415
v -0.354421 -1.883393 -0.880477
v -0.291934 -1.462206 -1.449123
v -0.231305 -1.494236 -1.437576
v -0.351345 -1.500757 -1.443332
v -0.190682 -1.565234 -1.358003
v -0.331562 -1.481355 -1.386600
v -0.386527 -1.604159 -1.374992
v -0.238310 -1.503041 -1.309175
v -0.297966 -1.425030 -1.631092
v -0.245213 -1.457012 -1.614365
v -0.346361 -1.450536 -1.617704
v -0.225105 -1.494882 -1.515782
v -0.263206 -1.451977 -1.542460
v -0.325604 -1.448744 -1.541900
v -0.360247 -1.499765 -1.526501
v -0.386460 -2.010788 -0.996328
v -0.387729 -1.776993 -1.221067
v -0.390197 -1.716479 -1.277069
v -0.137158 -1.947867 -0.976227
v -0.159653 -1.727162 -1.195952
v -0.166122 -1.667864 -1.254996
v -0.217691 -1.542144 -1.240422
v -0.212095 -1.598182 -1.179748
v -0.207419 -1.654177 -1.119120
v -0.367485 -1.527072 -1.231817
v -0.365258 -1.584763 -1.172652
v -0.362820 -1.642759 -1.113573
v -0.380236 -1.783659 -1.095376
v -0.381602 -1.679622 -1.195590
v -0.383514 -1.620942 -1.253650
v -0.284717 -1.708483 -1.023353
v -0.288705 -1.603301 -1.130745
v -0.292150 -1.546094 -1.191729
v -0.172305 -1.761075 -1.087646
v -0.181070 -1.662482 -1.187442
v -0.188212 -1.604452 -1.247756
v -0.293055 -1.524974 -1.202064
v -0.270783 -1.518627 -1.219251
v -0.294027 -1.499070 -1.229677
v -0.316300 -1.505417 -1.212490
v -0.257863 -1.539862 -1.209716
v -0.328310 -1.525459 -1.202382
v -0.259683 -1.511233 -1.240907
v -0.329483 -1.496027 -1.233086
v -0.287199 -1.637409 -1.080976
v -0.264287 -1.629995 -1.097480
v -0.288168 -1.611547 -1.108546
v -0.311080 -1.618961 -1.092042
v -0.250070 -1.651685 -1.088471
v -0.322481 -1.639718 -1.082619
v -0.251887 -1.623100 -1.119612
v -0.323653 -1.610333 -1.113274
v -0.290084 -1.581584 -1.141103
v -0.267506 -1.574334 -1.158343
v -0.291083 -1.554961 -1.169484
v -0.313661 -1.562212 -1.152244
v -0.253939 -1.596204 -1.148624
v -0.325378 -1.583031 -1.142039
v -0.255809 -1.566780 -1.180682
v -0.326583 -1.552783 -1.173595
v -0.291544 -1.483394 -1.173308
v -0.280710 -1.479418 -1.184075
v -0.292017 -1.467167 -1.190606
v -0.302852 -1.471143 -1.179839
v -0.291413 -1.592191 -1.048728
v -0.280268 -1.587547 -1.059067
v -0.291885 -1.575990 -1.065999
v -0.303031 -1.580635 -1.055660
v -0.291278 -1.538051 -1.110754
v -0.280295 -1.533509 -1.121554
v -0.291764 -1.521374 -1.128533
v -0.302748 -1.525916 -1.117733
v -0.302088 -1.553650 -1.126739
v -0.302469 -1.536742 -1.144377
v -0.303917 -1.481288 -1.205377
v -0.281877 -1.489787 -1.209749
v -0.278572 -1.599752 -1.086469
v -0.277998 -1.615729 -1.069062
v -0.279531 -1.561013 -1.130420
v -0.303547 -1.497739 -1.188215
v -0.301233 -1.592616 -1.082926
v -0.280121 -1.544566 -1.148338
v -0.281302 -1.505790 -1.192315
v -0.300863 -1.609041 -1.065792
v -0.205152 -1.534194 -1.387287
v -0.348647 -1.494368 -1.303722
v -0.373270 -1.557410 -1.403234
v -0.251362 -1.484820 -1.389438
v -0.293061 -1.478527 -1.341625
v -0.212241 -1.523239 -1.361687
v -0.368449 -1.532562 -1.366407
v -0.279906 -2.022569 -0.722293
v -0.381485 -1.659053 -1.333802
v -0.154657 -2.062106 -0.794086
v -0.375915 -2.103285 -0.786579
v -0.297615 -1.495090 -1.261933
v -0.211705 -1.553761 -1.307333
v -0.372271 -1.569252 -1.311654
v -0.189085 -1.609497 -1.314499
v -0.212373 -1.882419 -0.895964
v -0.347249 -1.886148 -0.883214
v -0.293301 -1.466824 -1.449820
v -0.242820 -1.497207 -1.437932
v -0.341014 -1.503824 -1.443650
v -0.200645 -1.566448 -1.358188
v -0.325721 -1.485714 -1.387037
v -0.376894 -1.605112 -1.375062
v -0.247181 -1.506531 -1.310062
v -0.299196 -1.428796 -1.631842
v -0.253236 -1.459456 -1.614778
v -0.339443 -1.453032 -1.618221
v -0.234583 -1.496566 -1.515965
v -0.270675 -1.456218 -1.543195
v -0.320689 -1.453352 -1.542729
v -0.350918 -1.501188 -1.526689
v -0.376519 -2.011261 -0.996796
v -0.377925 -1.777506 -1.221615
v -0.380421 -1.717010 -1.277638
v -0.147130 -1.948742 -0.976955
v -0.169707 -1.728007 -1.196618
v -0.176218 -1.668709 -1.255586
v -0.228782 -1.544982 -1.242255
v -0.223189 -1.600770 -1.181956
v -0.218269 -1.656799 -1.121467
v -0.360552 -1.530642 -1.234363
v -0.357828 -1.587881 -1.175671
v -0.355177 -1.645827 -1.116583
v -0.369093 -1.785402 -1.097120
v -0.370671 -1.681435 -1.197399
v -0.372739 -1.622872 -1.255374
v -0.286090 -1.711484 -1.026556
v -0.290974 -1.606539 -1.133753
v -0.294685 -1.549326 -1.194687
v -0.184550 -1.762889 -1.089254
v -0.193503 -1.664265 -1.188918
v -0.200724 -1.606285 -1.249062
v -0.296304 -1.527102 -1.206473
v -0.280125 -1.521581 -1.221908
v -0.299405 -1.503573 -1.231279
v -0.315584 -1.509095 -1.215845
v -0.265940 -1.542732 -1.212757
v -0.326086 -1.528453 -1.206333
v -0.268275 -1.514895 -1.242911
v -0.328872 -1.500612 -1.235268
v -0.289778 -1.639607 -1.085465
v -0.272974 -1.633075 -1.100363
v -0.292688 -1.616053 -1.110384
v -0.309492 -1.622584 -1.095487
v -0.257540 -1.654589 -1.091769
v -0.319630 -1.642627 -1.086660
v -0.260010 -1.626544 -1.122124
v -0.322065 -1.614463 -1.116021
v -0.292999 -1.583750 -1.145551
v -0.276544 -1.577330 -1.161134
v -0.296033 -1.559411 -1.171267
v -0.312488 -1.565832 -1.155684
v -0.261746 -1.599073 -1.151801
v -0.322814 -1.585954 -1.146068
v -0.264253 -1.570163 -1.183105
v -0.325367 -1.556920 -1.176318
v -0.293983 -1.484203 -1.177429
v -0.288848 -1.480946 -1.185986
v -0.295745 -1.471050 -1.191196
v -0.300879 -1.474308 -1.182639
v -0.293323 -1.593064 -1.052876
v -0.288001 -1.589288 -1.061115
v -0.294979 -1.579967 -1.066654
v -0.300301 -1.583742 -1.058416
v -0.293460 -1.538892 -1.114890
v -0.288242 -1.535142 -1.123533
v -0.295185 -1.525304 -1.129157
v -0.300403 -1.529054 -1.120515
v -0.300526 -1.555616 -1.131399
v -0.302538 -1.541515 -1.145896
v -0.304425 -1.486055 -1.206879
v -0.290672 -1.493191 -1.210785
v -0.286741 -1.603371 -1.087657
v -0.284910 -1.617046 -1.072936
v -0.286709 -1.562246 -1.134224
v -0.302350 -1.499710 -1.192889
v -0.300847 -1.597389 -1.084455
v -0.288613 -1.548076 -1.149452
v -0.288738 -1.506938 -1.196049
v -0.298930 -1.610997 -1.070432
v -0.214910 -1.535682 -1.387370
v -0.343090 -1.498524 -1.304760
v -0.363676 -1.558627 -1.403159
v -0.259751 -1.488654 -1.389906
v -0.294761 -1.482930 -1.342220
v -0.224325 -1.525858 -1.361998
v -0.357928 -1.535425 -1.366590
v -0.194733 -2.081049 -0.699860
v -0.355417 -2.094603 -0.676812
v -0.127067 -2.092208 -0.833536
v -0.382089 -2.163429 -0.848180
v -0.186501 -1.593949 -1.350727
v -0.387927 -1.651872 -1.373353
v -0.215201 -1.523655 -1.423033
v -0.366048 -1.543338 -1.440515
v -0.271366 -1.430708 -1.655817
v -0.326477 -1.424742 -1.656248
v -0.236007 -1.478969 -1.601352
v -0.352503 -1.473570 -1.608545
v -0.383948 -1.873453 -1.169799
v -0.387039 -1.768616 -1.266608
v -0.388546 -1.709384 -1.322740
v -0.151101 -1.809175 -1.139611
v -0.160793 -1.709739 -1.238042
v -0.170538 -1.649453 -1.297200
v -0.194915 -1.559985 -1.376416
v -0.380206 -1.595642 -1.396421
v -0.195098 -2.030050 -0.747588
v -0.357155 -2.041155 -0.727081
v -0.133479 -2.046590 -0.859839
v -0.385118 -2.108006 -0.870137
v -0.231146 -1.512941 -1.265636
v -0.357586 -1.496954 -1.256732
v -0.186244 -1.583083 -1.339623
v -0.390142 -1.630506 -1.357663
v -0.257886 -1.471950 -1.447748
v -0.325678 -1.470107 -1.446163
v -0.215855 -1.515869 -1.426655
v -0.365836 -1.532415 -1.441245
v -0.267605 -1.434899 -1.627256
v -0.327238 -1.429534 -1.627399
v -0.234509 -1.477183 -1.582494
v -0.353981 -1.474328 -1.589679
v -0.386550 -1.850973 -1.151154
v -0.389208 -1.746333 -1.248796
v -0.390816 -1.687230 -1.305418
v -0.152922 -1.796949 -1.126472
v -0.162378 -1.697727 -1.225261
v -0.171471 -1.637993 -1.284740
v -0.224304 -1.562526 -1.202955
v -0.219659 -1.618898 -1.141592
v -0.214769 -1.702545 -1.058647
v -0.358596 -1.544527 -1.193541
v -0.356117 -1.602693 -1.133475
v -0.352816 -1.692593 -1.051523
v -0.310324 -1.516916 -1.203062
v -0.276029 -1.526555 -1.207969
v -0.276915 -1.507396 -1.228843
v -0.310896 -1.497220 -1.223609
v -0.304946 -1.630173 -1.082465
v -0.269694 -1.638181 -1.086380
v -0.270579 -1.619052 -1.107221
v -0.305516 -1.610508 -1.102979
v -0.307598 -1.573849 -1.142447
v -0.272820 -1.582664 -1.146854
v -0.273731 -1.562973 -1.168308
v -0.308185 -1.553606 -1.163565
v -0.283610 -1.489068 -1.181485
v -0.300057 -1.483038 -1.178408
v -0.284006 -1.477148 -1.194359
v -0.300362 -1.470919 -1.191161
v -0.282507 -1.597837 -1.057046
v -0.299414 -1.592816 -1.054583
v -0.282902 -1.585936 -1.069900
v -0.299718 -1.580716 -1.067316
v -0.282881 -1.543649 -1.119064
v -0.299559 -1.538127 -1.116296
v -0.283287 -1.531398 -1.132296
v -0.299872 -1.525671 -1.129403
v -0.195819 -1.550450 -1.372722
v -0.340228 -1.487704 -1.345143
v -0.380762 -1.579682 -1.388979
v -0.244536 -1.494036 -1.349318
v -0.201114 -2.032067 -0.749547
v -0.351388 -2.043135 -0.729059
v -0.140549 -2.047402 -0.860557
v -0.378032 -2.108555 -0.870681
v -0.240797 -1.516288 -1.267110
v -0.352324 -1.501161 -1.258630
v -0.196272 -1.584165 -1.339926
v -0.380490 -1.631309 -1.357930
v -0.265878 -1.475956 -1.448340
v -0.320033 -1.474538 -1.446785
v -0.225478 -1.517474 -1.426771
v -0.356326 -1.533738 -1.441274
v -0.272914 -1.438212 -1.627883
v -0.324050 -1.433104 -1.628130
v -0.241060 -1.478669 -1.582707
v -0.347842 -1.475713 -1.589933
v -0.376704 -1.851472 -1.151668
v -0.379419 -1.746855 -1.249363
v -0.381066 -1.687800 -1.305948
v -0.162943 -1.797805 -1.127169
v -0.172455 -1.698569 -1.225893
v -0.181571 -1.638871 -1.285266
v -0.234427 -1.565292 -1.205250
v -0.229582 -1.621668 -1.144027
v -0.223993 -1.705245 -1.061257
v -0.352535 -1.547908 -1.196679
v -0.349793 -1.605985 -1.136659
v -0.346191 -1.695602 -1.054687
v -0.309783 -1.519356 -1.207612
v -0.283599 -1.528966 -1.211536
v -0.285516 -1.511075 -1.230764
v -0.312519 -1.501954 -1.225594
v -0.303699 -1.632623 -1.087031
v -0.276585 -1.640702 -1.090130
v -0.278493 -1.622826 -1.109377
v -0.306155 -1.615167 -1.105162
v -0.306697 -1.576289 -1.147015
v -0.280060 -1.585127 -1.150515
v -0.282015 -1.566658 -1.170389
v -0.309293 -1.558250 -1.165716
v -0.289926 -1.490015 -1.184805
v -0.299296 -1.484916 -1.182436
v -0.291272 -1.480089 -1.195345
v -0.300705 -1.475031 -1.192645
v -0.288363 -1.598941 -1.060472
v -0.297977 -1.594679 -1.058583
v -0.289635 -1.589063 -1.071009
v -0.299287 -1.584831 -1.068809
v -0.288975 -1.544674 -1.122437
v -0.298465 -1.539999 -1.120313
v -0.290298 -1.534431 -1.133344
v -0.299837 -1.529786 -1.130895
v -0.205694 -1.551802 -1.372822
v -0.334493 -1.492002 -1.345643
v -0.371140 -1.580778 -1.388902
v -0.253212 -1.497713 -1.349834
v 0.359019 -1.518624 -1.394404
v 0.193482 -1.575826 -1.277508
v 0.291678 -1.523285 -1.113702
v 0.384216 -1.592168 -1.282311
v 0.238931 -1.473723 -1.529328
v 0.221675 -1.510108 -1.388888
v 0.291834 -1.472662 -1.386810
v 0.294690 -1.442565 -1.545689
v 0.348174 -1.473771 -1.533979
v 0.383084 -1.946531 -0.936767
v 0.380268 -1.709413 -1.167084
v 0.382665 -1.650112 -1.224595
v 0.282151 -1.865291 -0.870398
v 0.292311 -1.577359 -1.051130
v 0.291488 -1.469156 -1.176305
v 0.157987 -1.914311 -0.936411
v 0.178556 -1.691075 -1.157725
v 0.184183 -1.633473 -1.217593
v 0.274492 -1.608892 -1.078333
v 0.292838 -1.537499 -1.200891
v 0.247086 -1.528015 -1.226575
v 0.294833 -1.498791 -1.242154
v 0.340584 -1.508276 -1.216471
v 0.292977 -1.482833 -1.210446
v 0.286027 -1.650532 -1.080395
v 0.238964 -1.639453 -1.105057
v 0.288019 -1.611886 -1.121593
v 0.335083 -1.622965 -1.096931
v 0.306022 -1.543930 -1.134921
v 0.289403 -1.594590 -1.140031
v 0.243024 -1.583756 -1.165792
v 0.291453 -1.554808 -1.182440
v 0.337832 -1.565643 -1.156678
v 0.290729 -1.560110 -1.125616
v 0.307423 -1.488134 -1.196090
v 0.289982 -1.593484 -1.087576
v 0.276085 -1.554054 -1.140016
v 0.292347 -1.504469 -1.187382
v 0.304842 -1.599676 -1.073791
v 0.291377 -1.537874 -1.149321
v 0.277900 -1.499167 -1.201737
v 0.289352 -1.615085 -1.064548
v 0.294288 -1.484391 -1.296440
v 0.205207 -1.535528 -1.334394
v 0.376892 -1.547762 -1.338554
v 0.348483 -1.521591 -1.394557
v 0.205933 -1.577830 -1.278608
v 0.294232 -1.525510 -1.115951
v 0.373635 -1.594348 -1.283766
v 0.249981 -1.476866 -1.529794
v 0.233527 -1.512905 -1.389167
v 0.293314 -1.477163 -1.387341
v 0.296175 -1.447404 -1.546566
v 0.338430 -1.476986 -1.534510
v 0.371565 -1.948178 -0.938409
v 0.369285 -1.711204 -1.168877
v 0.371787 -1.651946 -1.226408
v 0.282812 -1.868320 -0.873367
v 0.294583 -1.579620 -1.053397
v 0.294303 -1.471344 -1.178533
v 0.170059 -1.916166 -0.938101
v 0.190914 -1.692866 -1.159263
v 0.196678 -1.635251 -1.219008
v 0.283482 -1.611210 -1.080772
v 0.295587 -1.540232 -1.204621
v 0.257046 -1.531193 -1.229006
v 0.299001 -1.503113 -1.244014
v 0.337541 -1.512152 -1.219628
v 0.297884 -1.487339 -1.211226
v 0.288177 -1.653291 -1.084238
v 0.248430 -1.642570 -1.107881
v 0.291447 -1.615819 -1.124049
v 0.331194 -1.626541 -1.100406
v 0.303844 -1.547466 -1.138116
v 0.291859 -1.597342 -1.143805
v 0.252818 -1.586815 -1.168496
v 0.295232 -1.558713 -1.184841
v 0.334273 -1.569240 -1.160150
v 0.293292 -1.561286 -1.130334
v 0.305668 -1.491685 -1.199296
v 0.294107 -1.598106 -1.088452
v 0.285350 -1.556260 -1.142370
v 0.295210 -1.505607 -1.192075
v 0.302233 -1.603190 -1.076968
v 0.295903 -1.542440 -1.150151
v 0.287425 -1.501261 -1.204006
v 0.291608 -1.616295 -1.069289
v 0.296199 -1.488634 -1.297543
v 0.217444 -1.537957 -1.334925
v 0.366447 -1.550461 -1.339109
v 0.278946 -2.073002 -0.670956
v 0.388806 -1.680538 -1.350440
v 0.145568 -2.110117 -0.745488
v 0.381368 -2.154480 -0.735465
v 0.178828 -1.619745 -1.326364
v 0.190444 -1.575540 -1.365907
v 0.385058 -1.623143 -1.387092
v 0.299632 -1.420889 -1.659914
v 0.250815 -1.452547 -1.642908
v 0.342769 -1.443919 -1.645869
v 0.224975 -1.502534 -1.511311
v 0.359677 -1.508842 -1.524045
v 0.382879 -2.032248 -1.016220
v 0.385512 -1.799563 -1.239128
v 0.388005 -1.738649 -1.294637
v 0.134852 -1.959327 -0.989703
v 0.157996 -1.739456 -1.208882
v 0.164751 -1.679595 -1.267621
v 0.204175 -1.542748 -1.386762
v 0.373381 -1.570655 -1.406101
v 0.279753 -2.020336 -0.720082
v 0.391185 -1.658384 -1.333377
v 0.145706 -2.060688 -0.792774
v 0.384798 -2.102111 -0.785413
v 0.295038 -1.490923 -1.260275
v 0.199358 -1.551537 -1.306504
v 0.382698 -1.566779 -1.310603
v 0.179010 -1.608534 -1.314075
v 0.204072 -1.879753 -0.893415
v 0.354422 -1.883393 -0.880477
v 0.291935 -1.462205 -1.449123
v 0.231305 -1.494236 -1.437576
v 0.351346 -1.500757 -1.443332
v 0.190683 -1.565234 -1.358003
v 0.331562 -1.481355 -1.386600
v 0.386528 -1.604159 -1.374992
v 0.238310 -1.503041 -1.309175
v 0.297967 -1.425030 -1.631092
v 0.245213 -1.457012 -1.614365
v 0.346362 -1.450536 -1.617704
v 0.225106 -1.494882 -1.515782
v 0.263206 -1.451977 -1.542460
v 0.325605 -1.448744 -1.541900
v 0.360247 -1.499765 -1.526501
v 0.386461 -2.010788 -0.996328
v 0.387730 -1.776993 -1.221067
v 0.390198 -1.716479 -1.277069
v 0.137159 -1.947867 -0.976227
v 0.159654 -1.727162 -1.195952
v 0.166123 -1.667864 -1.254996
v 0.217692 -1.542144 -1.240422
v 0.212096 -1.598182 -1.179748
v 0.207420 -1.654177 -1.119120
v 0.367486 -1.527072 -1.231817
v 0.365258 -1.584763 -1.172652
v 0.362821 -1.642759 -1.113573
v 0.380237 -1.783659 -1.095376
v 0.381603 -1.679622 -1.195590
v 0.383515 -1.620942 -1.253650
v 0.284717 -1.708483 -1.023353
v 0.288706 -1.603301 -1.130745
v 0.292150 -1.546094 -1.191729
v 0.172305 -1.761075 -1.087646
v 0.181071 -1.662482 -1.187442
v 0.188213 -1.604452 -1.247756
v 0.293056 -1.524973 -1.202064
v 0.270783 -1.518626 -1.219251
v 0.294028 -1.499070 -1.229677
v 0.316300 -1.505417 -1.212490
v 0.257864 -1.539862 -1.209716
v 0.328310 -1.525459 -1.202382
v 0.259683 -1.511233 -1.240907
v 0.329484 -1.496027 -1.233086
v 0.287199 -1.637409 -1.080976
v 0.264288 -1.629995 -1.097480
v 0.288169 -1.611547 -1.108546
v 0.311081 -1.618961 -1.092042
v 0.250070 -1.651685 -1.088471
v 0.322482 -1.639718 -1.082619
v 0.251887 -1.623100 -1.119612
v 0.323653 -1.610333 -1.113274
v 0.290085 -1.581584 -1.141103
v 0.267507 -1.574333 -1.158343
v 0.291083 -1.554961 -1.169484
v 0.313662 -1.562212 -1.152244
v 0.253940 -1.596204 -1.148624
v 0.325378 -1.583031 -1.142039
v 0.255810 -1.566779 -1.180682
v 0.326584 -1.552782 -1.173595
v 0.291545 -1.483393 -1.173308
v 0.280710 -1.479418 -1.184075
v 0.292018 -1.467167 -1.190606
v 0.302853 -1.471143 -1.179839
v 0.291414 -1.592191 -1.048728
v 0.280268 -1.587547 -1.059067
v 0.291886 -1.575990 -1.065999
v 0.303031 -1.580635 -1.055660
v 0.291279 -1.538051 -1.110754
v 0.280296 -1.533509 -1.121554
v 0.291765 -1.521374 -1.128533
v 0.302748 -1.525915 -1.117733
v 0.302089 -1.553649 -1.126739
v 0.302470 -1.536742 -1.144377
v 0.303918 -1.481288 -1.205377
v 0.281878 -1.489787 -1.209749
v 0.278572 -1.599752 -1.086469
v 0.277999 -1.615729 -1.069062
v 0.279531 -1.561012 -1.130420
v 0.303548 -1.497739 -1.188215
v 0.301234 -1.592616 -1.082926
v 0.280122 -1.544565 -1.148338
v 0.281303 -1.505790 -1.192315
v 0.300864 -1.609040 -1.065792
v 0.205152 -1.534194 -1.387287
v 0.348647 -1.494368 -1.303722
v 0.373270 -1.557410 -1.403234
v 0.251363 -1.484820 -1.389438
v 0.293061 -1.478526 -1.341625
v 0.212242 -1.523239 -1.361687
v 0.368449 -1.532562 -1.366407
v 0.279907 -2.022569 -0.722293
v 0.381486 -1.659052 -1.333802
v 0.154658 -2.062106 -0.794086
v 0.375916 -2.103285 -0.786579
v 0.297616 -1.495090 -1.261933
v 0.211706 -1.553761 -1.307333
v 0.372271 -1.569252 -1.311654
v 0.189085 -1.609497 -1.314499
v 0.212374 -1.882419 -0.895964
v 0.347250 -1.886148 -0.883214
v 0.293302 -1.466824 -1.449820
v 0.242821 -1.497206 -1.437932
v 0.341015 -1.503824 -1.443650
v 0.200646 -1.566448 -1.358188
v 0.325721 -1.485714 -1.387037
v 0.376894 -1.605111 -1.375062
v 0.247182 -1.506531 -1.310062
v 0.299197 -1.428795 -1.631842
v 0.253237 -1.459456 -1.614778
v 0.339443 -1.453032 -1.618221
v 0.234584 -1.496566 -1.515965
v 0.270676 -1.456218 -1.543195
v 0.320690 -1.453352 -1.542729
v 0.350919 -1.501188 -1.526689
v 0.376520 -2.011261 -0.996796
v 0.377926 -1.777506 -1.221615
v 0.380422 -1.717010 -1.277638
v 0.147131 -1.948742 -0.976955
v 0.169708 -1.728007 -1.196618
v 0.176219 -1.668709 -1.255586
v 0.228783 -1.544982 -1.242255
v 0.223190 -1.600770 -1.181956
v 0.218269 -1.656799 -1.121467
v 0.360553 -1.530641 -1.234363
v 0.357828 -1.587881 -1.175671
v 0.355178 -1.645827 -1.116583
v 0.369094 -1.785402 -1.097120
v 0.370672 -1.681435 -1.197399
v 0.372739 -1.622872 -1.255374
v 0.286091 -1.711484 -1.026556
v 0.290974 -1.606539 -1.133753
v 0.294686 -1.549326 -1.194687
v 0.184551 -1.762889 -1.089254
v 0.193504 -1.664265 -1.188918
v 0.200724 -1.606285 -1.249062
v 0.296304 -1.527102 -1.206473
v 0.280126 -1.521581 -1.221908
v 0.299406 -1.503573 -1.231279
v 0.315584 -1.509094 -1.215845
v 0.265941 -1.542732 -1.212757
v 0.326086 -1.528452 -1.206333
v 0.268276 -1.514895 -1.242911
v 0.328872 -1.500611 -1.235268
v 0.289779 -1.639606 -1.085465
v 0.272975 -1.633075 -1.100363
v 0.292688 -1.616052 -1.110384
v 0.309492 -1.622584 -1.095487
v 0.257540 -1.654588 -1.091769
v 0.319631 -1.642626 -1.086660
v 0.260011 -1.626544 -1.122124
v 0.322066 -1.614463 -1.116021
v 0.293000 -1.583750 -1.145551
v 0.276545 -1.577330 -1.161134
v 0.296034 -1.559411 -1.171267
v 0.312489 -1.565832 -1.155684
v 0.261747 -1.599073 -1.151801
v 0.322815 -1.585954 -1.146068
v 0.264253 -1.570163 -1.183105
v 0.325367 -1.556920 -1.176318
v 0.293983 -1.484203 -1.177429
v 0.288849 -1.480946 -1.185986
v 0.295745 -1.471050 -1.191196
v 0.300879 -1.474308 -1.182639
v 0.293324 -1.593063 -1.052876
v 0.288002 -1.589288 -1.061115
v 0.294980 -1.579967 -1.066654
v 0.300301 -1.583742 -1.058416
v 0.293461 -1.538892 -1.114890
v 0.288243 -1.535142 -1.123533
v 0.295186 -1.525304 -1.129157
v 0.300404 -1.529054 -1.120515
v 0.300526 -1.555615 -1.131399
v 0.302539 -1.541515 -1.145896
v 0.304426 -1.486055 -1.206879
v 0.290673 -1.493190 -1.210785
v 0.286742 -1.603370 -1.087657
v 0.284911 -1.617045 -1.072936
v 0.286710 -1.562245 -1.134224
v 0.302350 -1.499709 -1.192889
v 0.300847 -1.597389 -1.084455
v 0.288614 -1.548076 -1.149452
v 0.288738 -1.506938 -1.196049
v 0.298931 -1.610997 -1.070432
v 0.214911 -1.535682 -1.387370
v 0.343090 -1.498524 -1.304760
v 0.363677 -1.558627 -1.403159
v 0.259751 -1.488654 -1.389906
v 0.294762 -1.482929 -1.342220
v 0.224326 -1.525858 -1.361998
v 0.357928 -1.535424 -1.366590
v 0.194734 -2.081049 -0.699860
v 0.355419 -2.094603 -0.676812
v 0.127068 -2.092208 -0.833536
v 0.382090 -2.163429 -0.848180
v 0.186501 -1.593949 -1.350727
v 0.387928 -1.651872 -1.373353
v 0.215202 -1.523655 -1.423033
v 0.366049 -1.543338 -1.440515
v 0.271366 -1.430708 -1.655817
v 0.326477 -1.424742 -1.656248
v 0.236007 -1.478969 -1.601352
v 0.352504 -1.473570 -1.608545
v 0.383949 -1.873453 -1.169799
v 0.387040 -1.768615 -1.266608
v 0.388546 -1.709384 -1.322740
v 0.151102 -1.809175 -1.139611
v 0.160794 -1.709739 -1.238042
v 0.170539 -1.649453 -1.297200
v 0.194915 -1.559985 -1.376416
v 0.380206 -1.595642 -1.396421
v 0.195099 -2.030050 -0.747588
v 0.357156 -2.041155 -0.727081
v 0.133480 -2.046590 -0.859839
v 0.385119 -2.108006 -0.870137
v 0.231147 -1.512941 -1.265636
v 0.357587 -1.496954 -1.256732
v 0.186245 -1.583083 -1.339623
v 0.390143 -1.630506 -1.357663
v 0.257886 -1.471949 -1.447748
v 0.325678 -1.470107 -1.446163
v 0.215856 -1.515869 -1.426655
v 0.365836 -1.532414 -1.441245
v 0.267605 -1.434898 -1.627256
v 0.327239 -1.429534 -1.627399
v 0.234510 -1.477183 -1.582494
v 0.353981 -1.474328 -1.589679
v 0.386551 -1.850973 -1.151154
v 0.389209 -1.746333 -1.248796
v 0.390817 -1.687230 -1.305418
v 0.152923 -1.796949 -1.126472
v 0.162379 -1.697727 -1.225261
v 0.171471 -1.637993 -1.284740
v 0.224305 -1.562526 -1.202955
v 0.219660 -1.618898 -1.141592
v 0.214770 -1.702545 -1.058647
v 0.358596 -1.544527 -1.193541
v 0.356117 -1.602693 -1.133475
v 0.352817 -1.692593 -1.051523
v 0.310325 -1.516916 -1.203062
v 0.276030 -1.526555 -1.207969
v 0.276916 -1.507396 -1.228843
v 0.310896 -1.497220 -1.223609
v 0.304946 -1.630172 -1.082465
v 0.269695 -1.638180 -1.086380
v 0.270579 -1.619051 -1.107221
v 0.305517 -1.610507 -1.102979
v 0.307599 -1.573848 -1.142447
v 0.272821 -1.582664 -1.146854
v 0.273731 -1.562972 -1.168308
v 0.308186 -1.553605 -1.163565
v 0.283611 -1.489068 -1.181485
v 0.300058 -1.483038 -1.178408
v 0.284006 -1.477148 -1.194359
v 0.300363 -1.470919 -1.191161
v 0.282508 -1.597837 -1.057046
v 0.299414 -1.592816 -1.054583
v 0.282902 -1.585936 -1.069900
v 0.299719 -1.580716 -1.067316
v 0.282881 -1.543649 -1.119064
v 0.299560 -1.538126 -1.116296
v 0.283288 -1.531397 -1.132296
v 0.299873 -1.525671 -1.129403
v 0.195820 -1.550450 -1.372722
v 0.340228 -1.487704 -1.345143
v 0.380763 -1.579681 -1.388979
v 0.244537 -1.494036 -1.349318
v 0.201115 -2.032067 -0.749547
v 0.351389 -2.043135 -0.729059
v 0.140550 -2.047402 -0.860557
v 0.378033 -2.108555 -0.870681
v 0.240797 -1.516287 -1.267110
v 0.352324 -1.501161 -1.258630
v 0.196273 -1.584165 -1.339926
v 0.380491 -1.631309 -1.357930
v 0.265879 -1.475955 -1.448340
v 0.320033 -1.474538 -1.446785
v 0.225479 -1.517474 -1.426771
v 0.356327 -1.533738 -1.441274
v 0.272914 -1.438211 -1.627883
v 0.324051 -1.433104 -1.628130
v 0.241060 -1.478668 -1.582707
v 0.347843 -1.475713 -1.589933
v 0.376705 -1.851471 -1.151668
v 0.379420 -1.746855 -1.249363
v 0.381067 -1.687800 -1.305948
v 0.162944 -1.797805 -1.127169
v 0.172456 -1.698569 -1.225893
v 0.181571 -1.638871 -1.285266
v 0.234428 -1.565292 -1.205250
v 0.229583 -1.621668 -1.144027
v 0.223993 -1.705245 -1.061257
v 0.352535 -1.547908 -1.196679
v 0.349794 -1.605985 -1.136659
v 0.346191 -1.695602 -1.054687
v 0.309784 -1.519356 -1.207612
v 0.283600 -1.528966 -1.211536
v 0.285517 -1.511074 -1.230764
v 0.312520 -1.501954 -1.225594
v 0.303699 -1.632623 -1.087031
v 0.276586 -1.640701 -1.090130
v 0.278494 -1.622826 -1.109377
v 0.306156 -1.615167 -1.105162
v 0.306698 -1.576288 -1.147015
v 0.280060 -1.585127 -1.150515
v 0.282016 -1.566657 -1.170389
v 0.309294 -1.558250 -1.165716
v 0.289927 -1.490015 -1.184805
v 0.299297 -1.484916 -1.182436
v 0.291273 -1.480089 -1.195345
v 0.300705 -1.475031 -1.192645
v 0.288363 -1.598940 -1.060472
v 0.297978 -1.594678 -1.058583
v 0.289636 -1.589063 -1.071009
v 0.299288 -1.584831 -1.068809
v 0.288976 -1.544674 -1.122437
v 0.298466 -1.539998 -1.120313
v 0.290298 -1.534431 -1.133344
v 0.299837 -1.529786 -1.130895
v 0.205695 -1.551802 -1.372822
v 0.334494 -1.492002 -1.345643
v 0.371141 -1.580778 -1.388902
v 0.253213 -1.497713 -1.349834
vt 0.2067 0.2210
vt 0.2598 0.2379
vt 0.2700 0.2594
vt 0.1931 0.2461
vt 0.0906 0.2284
vt 0.1359 0.1985
vt 0.1932 0.1549
vt 0.2380 0.1809
vt 0.2716 0.2004
vt 0.5062 0.6400
vt 0.4060 0.6317
vt 0.4093 0.5975
vt 0.5116 0.6056
vt 0.5883 0.6117
vt 0.5813 0.6463
vt 0.5754 0.6764
vt 0.5051 0.6717
vt 0.4114 0.6654
vt 0.9400 0.5070
vt 0.9279 0.5083
vt 0.9281 0.4947
vt 0.9401 0.4934
vt 0.9521 0.4922
vt 0.9521 0.5057
vt 0.9521 0.5192
vt 0.9399 0.5206
vt 0.9276 0.5219
vt 0.1717 0.3316
vt 0.2998 0.3384
vt 0.3026 0.3719
vt 0.1736 0.3655
vt 0.0017 0.3568
vt 0.0009 0.3225
vt 0.0115 0.2894
vt 0.1730 0.2998
vt 0.2941 0.3077
vt 0.6256 0.8579
vt 0.6084 0.8847
vt 0.5402 0.8123
vt 0.5617 0.7874
vt 0.5778 0.7688
vt 0.6385 0.8378
vt 0.6811 0.8906
vt 0.6872 0.9221
vt 0.6689 0.9487
vt 0.5341 0.7473
vt 0.4965 0.7659
vt 0.4653 0.7325
vt 0.5240 0.7226
vt 0.5681 0.7152
vt 0.5622 0.7334
vt 0.8289 0.7956
vt 0.7980 0.7956
vt 0.7741 0.7646
vt 0.8132 0.7637
vt 0.8524 0.7629
vt 0.8598 0.7957
vt 0.8729 0.8413
vt 0.8482 0.8409
vt 0.8236 0.8406
vt 0.8749 0.9130
vt 0.8524 0.9134
vt 0.8974 0.9126
vt 0.9201 0.9757
vt 0.8977 0.9770
vt 0.8753 0.9783
vt 0.3032 0.1102
vt 0.3247 0.1297
vt 0.2746 0.0843
vt 0.3447 0.0211
vt 0.3649 0.0458
vt 0.3623 0.0766
vt 0.2041 0.7444
vt 0.3388 0.7450
vt 0.3145 0.8773
vt 0.2183 0.9255
vt 0.0387 0.9304
vt 0.0244 0.7438
vt 0.0098 0.5486
vt 0.1888 0.5548
vt 0.3231 0.5594
vt 0.1813 0.4687
vt 0.3141 0.4745
vt 0.0044 0.4609
vt 0.0035 0.4265
vt 0.1781 0.4343
vt 0.3090 0.4402
vt 0.1756 0.3998
vt 0.3054 0.4059
vt 0.0026 0.3917
vt 0.8313 0.2547
vt 0.7699 0.2481
vt 0.7860 0.0620
vt 0.8525 0.0751
vt 0.9189 0.0882
vt 0.8928 0.2613
vt 0.8658 0.4429
vt 0.8099 0.4368
vt 0.7529 0.4426
vt 0.9881 0.0760
vt 0.9762 0.0773
vt 0.9764 0.0640
vt 0.9882 0.0629
vt 1.0000 0.0617
vt 1.0000 0.0748
vt 1.0000 0.0880
vt 0.9880 0.0892
vt 0.9760 0.0905
vt 0.9647 0.5067
vt 0.9523 0.5081
vt 0.9525 0.4948
vt 0.9648 0.4935
vt 0.9770 0.4922
vt 0.9770 0.5053
vt 0.9770 0.5185
vt 0.9646 0.5199
vt 0.9521 0.5213
vt 0.5780 0.2406
vt 0.4716 0.2303
vt 0.5084 0.0576
vt 0.6122 0.0704
vt 0.6616 0.1211
vt 0.6578 0.2484
vt 0.6240 0.4253
vt 0.5425 0.4194
vt 0.4339 0.4114
vt 0.5273 0.5016
vt 0.4192 0.4943
vt 0.6084 0.5071
vt 0.6019 0.5416
vt 0.5222 0.5359
vt 0.4159 0.5284
vt 0.5169 0.5708
vt 0.4126 0.5630
vt 0.5951 0.5766
vt 0.9518 0.0924
vt 0.9276 0.0926
vt 0.9276 0.0621
vt 0.9518 0.0619
vt 0.9760 0.0617
vt 0.9760 0.0922
vt 0.9760 0.1227
vt 0.9518 0.1229
vt 0.9276 0.1231
vt 0.7878 0.6423
vt 0.7890 0.6318
vt 0.8443 0.6293
vt 0.8126 0.6469
vt 0.7956 0.6552
vt 0.7866 0.6527
vt 0.7771 0.6568
vt 0.7618 0.6495
vt 0.7337 0.6340
vt 0.8194 0.6641
vt 0.8409 0.6634
vt 0.8402 0.6970
vt 0.8092 0.6822
vt 0.7940 0.6750
vt 0.7979 0.6648
vt 0.7831 0.6895
vt 0.7862 0.7053
vt 0.7333 0.7017
vt 0.7582 0.6849
vt 0.7752 0.6766
vt 0.7843 0.6791
vt 0.7515 0.6677
vt 0.7300 0.6684
vt 0.7730 0.6670
vt 0.9760 0.3854
vt 0.9662 0.3803
vt 0.9662 0.3524
vt 0.9760 0.3575
vt 0.9858 0.3627
vt 0.9858 0.3905
vt 0.9858 0.4184
vt 0.9760 0.4133
vt 0.9662 0.4081
vt 0.8020 0.5045
vt 0.8265 0.5093
vt 0.8095 0.5175
vt 0.8008 0.5149
vt 0.7916 0.5189
vt 0.7764 0.5115
vt 0.8331 0.5265
vt 0.8546 0.5260
vt 0.8512 0.5601
vt 0.8231 0.5446
vt 0.8078 0.5372
vt 0.8117 0.5271
vt 0.7973 0.5516
vt 0.7962 0.5621
vt 0.7411 0.5644
vt 0.7728 0.5469
vt 0.7898 0.5387
vt 0.7985 0.5412
vt 0.7662 0.5296
vt 0.7448 0.5301
vt 0.7877 0.5290
vt 0.9527 0.1526
vt 0.9276 0.1529
vt 0.9276 0.1237
vt 0.9527 0.1234
vt 0.9778 0.1231
vt 0.9778 0.1523
vt 0.9778 0.1815
vt 0.9527 0.1818
vt 0.9276 0.1821
vt 0.7950 0.5727
vt 0.8196 0.5776
vt 0.8026 0.5860
vt 0.7938 0.5834
vt 0.7844 0.5875
vt 0.7692 0.5800
vt 0.8263 0.5953
vt 0.8477 0.5947
vt 0.8161 0.6139
vt 0.8009 0.6063
vt 0.8048 0.5959
vt 0.7902 0.6212
vt 0.7654 0.6164
vt 0.7825 0.6079
vt 0.7914 0.6105
vt 0.7589 0.5986
vt 0.7374 0.5992
vt 0.7804 0.5979
vt 0.9568 0.4563
vt 0.9666 0.4520
vt 0.9666 0.4812
vt 0.9568 0.4856
vt 0.9471 0.4900
vt 0.9471 0.4607
vt 0.9471 0.4315
vt 0.9568 0.4271
vt 0.9666 0.4227
vt 0.9520 0.2687
vt 0.9276 0.2690
vt 0.9276 0.2412
vt 0.9520 0.2409
vt 0.9764 0.2406
vt 0.9764 0.2684
vt 0.9764 0.2963
vt 0.9520 0.2966
vt 0.9276 0.2969
vt 0.9372 0.3876
vt 0.9276 0.3831
vt 0.9276 0.3524
vt 0.9372 0.3569
vt 0.9468 0.3614
vt 0.9468 0.3920
vt 0.9468 0.4227
vt 0.9372 0.4182
vt 0.9276 0.4138
vt 0.9525 0.2113
vt 0.9276 0.2116
vt 0.9276 0.1825
vt 0.9525 0.1823
vt 0.9774 0.1821
vt 0.9774 0.2111
vt 0.9774 0.2401
vt 0.9525 0.2404
vt 0.9276 0.2406
vt 0.9765 0.4553
vt 0.9666 0.4600
vt 0.9666 0.4321
vt 0.9765 0.4274
vt 0.9863 0.4227
vt 0.9863 0.4506
vt 0.9863 0.4784
vt 0.9765 0.4831
vt 0.9666 0.4878
vt 0.9520 0.0308
vt 0.9276 0.0311
vt 0.9276 0.0005
vt 0.9520 0.0003
vt 0.9763 0.0000
vt 0.9763 0.0306
vt 0.9763 0.0612
vt 0.9520 0.0614
vt 0.9276 0.0617
vt 0.9565 0.3865
vt 0.9468 0.3817
vt 0.9468 0.3524
vt 0.9565 0.3572
vt 0.9662 0.3620
vt 0.9662 0.3913
vt 0.9662 0.4205
vt 0.9565 0.4157
vt 0.9468 0.4109
vt 0.9518 0.3246
vt 0.9761 0.3244
vt 0.9761 0.3520
vt 0.9518 0.3522
vt 0.9276 0.3524
vt 0.9276 0.3249
vt 0.9276 0.2973
vt 0.9518 0.2971
vt 0.9761 0.2969
vt 0.9373 0.4574
vt 0.9471 0.4534
vt 0.9471 0.4841
vt 0.9373 0.4881
vt 0.9276 0.4922
vt 0.9276 0.4615
vt 0.9276 0.4308
vt 0.9373 0.4268
vt 0.9471 0.4227
vt 0.7976 0.7318
vt 0.7503 0.7335
vt 0.8449 0.7301
vt 0.5127 0.6983
vt 0.4340 0.6990
vt 0.5718 0.6978
vt 0.1810 0.2719
vt 0.2828 0.2820
vt 0.0453 0.2584
vt 0.2067 0.2210
vt 0.1931 0.2461
vt 0.2956 0.2638
vt 0.2775 0.2435
vt 0.2828 0.2069
vt 0.2380 0.1809
vt 0.1932 0.1549
vt 0.1359 0.1985
vt 0.0906 0.2284
vt 0.5062 0.6400
vt 0.5116 0.6056
vt 0.4093 0.5975
vt 0.4060 0.6317
vt 0.4114 0.6654
vt 0.5051 0.6717
vt 0.5988 0.6780
vt 0.6063 0.6484
vt 0.6138 0.6137
vt 0.9400 0.5070
vt 0.9401 0.4934
vt 0.9281 0.4947
vt 0.9279 0.5083
vt 0.9276 0.5219
vt 0.9399 0.5206
vt 0.9521 0.5192
vt 0.9521 0.5057
vt 0.9521 0.4922
vt 0.1717 0.3316
vt 0.1736 0.3655
vt 0.3456 0.3741
vt 0.3425 0.3407
vt 0.3345 0.3103
vt 0.1730 0.2998
vt 0.0115 0.2894
vt 0.0009 0.3225
vt 0.0017 0.3568
vt 0.6256 0.8579
vt 0.5617 0.7874
vt 0.5402 0.8123
vt 0.6084 0.8847
vt 0.6891 0.9700
vt 0.7077 0.9435
vt 0.7264 0.9170
vt 0.6428 0.8311
vt 0.5832 0.7626
vt 0.5341 0.7473
vt 0.5240 0.7226
vt 0.4653 0.7325
vt 0.4965 0.7659
vt 0.5716 0.7288
vt 0.5828 0.7128
vt 0.8289 0.7956
vt 0.8132 0.7637
vt 0.7741 0.7646
vt 0.7980 0.7956
vt 0.8236 0.8406
vt 0.8482 0.8409
vt 0.8729 0.8413
vt 0.8598 0.7957
vt 0.8524 0.7629
vt 0.8749 0.9130
vt 0.8524 0.9134
vt 0.8830 1.0000
vt 0.9053 0.9984
vt 0.9276 0.9967
vt 0.8974 0.9126
vt 0.3032 0.1102
vt 0.3318 0.1362
vt 0.4027 0.0486
vt 0.3854 0.0243
vt 0.3681 0.0000
vt 0.2746 0.0843
vt 0.2041 0.7444
vt 0.2231 0.9859
vt 0.4027 0.9793
vt 0.3838 0.7451
vt 0.3679 0.5609
vt 0.1888 0.5548
vt 0.0098 0.5486
vt 0.0244 0.7438
vt 0.0435 0.9926
vt 0.1813 0.4687
vt 0.3583 0.4765
vt 0.3527 0.4421
vt 0.1781 0.4343
vt 0.0035 0.4265
vt 0.0044 0.4609
vt 0.1756 0.3998
vt 0.3487 0.4079
vt 0.0026 0.3917
vt 0.8313 0.2547
vt 0.8595 0.0152
vt 0.7914 0.0000
vt 0.7699 0.2481
vt 0.7529 0.4426
vt 0.8099 0.4368
vt 0.8658 0.4429
vt 0.8928 0.2613
vt 0.9276 0.0305
vt 0.9881 0.0760
vt 0.9882 0.0629
vt 0.9764 0.0640
vt 0.9762 0.0773
vt 0.9760 0.0905
vt 0.9880 0.0892
vt 1.0000 0.0880
vt 1.0000 0.0748
vt 1.0000 0.0617
vt 0.9647 0.5067
vt 0.9648 0.4935
vt 0.9525 0.4948
vt 0.9523 0.5081
vt 0.9521 0.5213
vt 0.9646 0.5199
vt 0.9770 0.5185
vt 0.9770 0.5053
vt 0.9770 0.4922
vt 0.5780 0.2406
vt 0.6236 0.0137
vt 0.5207 0.0000
vt 0.4716 0.2303
vt 0.4339 0.4114
vt 0.5425 0.4194
vt 0.6512 0.4273
vt 0.6844 0.2510
vt 0.7264 0.0274
vt 0.5273 0.5016
vt 0.4192 0.4943
vt 0.4159 0.5284
vt 0.5222 0.5359
vt 0.6284 0.5435
vt 0.6355 0.5089
vt 0.5169 0.5708
vt 0.4126 0.5630
vt 0.6212 0.5786
vt 0.9518 0.0924
vt 0.9518 0.0619
vt 0.9276 0.0621
vt 0.9276 0.0926
vt 0.9276 0.1231
vt 0.9518 0.1229
vt 0.9760 0.1227
vt 0.9760 0.0922
vt 0.9760 0.0617
vt 0.7878 0.6423
vt 0.8126 0.6469
vt 0.8443 0.6293
vt 0.7890 0.6318
vt 0.7337 0.6340
vt 0.7618 0.6495
vt 0.7771 0.6568
vt 0.7866 0.6527
vt 0.7956 0.6552
vt 0.8194 0.6641
vt 0.8092 0.6822
vt 0.8402 0.6970
vt 0.8409 0.6634
vt 0.7979 0.6648
vt 0.7940 0.6750
vt 0.7831 0.6895
vt 0.7582 0.6849
vt 0.7333 0.7017
vt 0.7862 0.7053
vt 0.7843 0.6791
vt 0.7752 0.6766
vt 0.7515 0.6677
vt 0.7300 0.6684
vt 0.7730 0.6670
vt 0.9760 0.3854
vt 0.9760 0.3575
vt 0.9662 0.3524
vt 0.9662 0.3803
vt 0.9662 0.4081
vt 0.9760 0.4133
vt 0.9858 0.4184
vt 0.9858 0.3905
vt 0.9858 0.3627
vt 0.8020 0.5045
vt 0.8265 0.5093
vt 0.7764 0.5115
vt 0.7916 0.5189
vt 0.8008 0.5149
vt 0.8095 0.5175
vt 0.8331 0.5265
vt 0.8231 0.5446
vt 0.8512 0.5601
vt 0.8546 0.5260
vt 0.8117 0.5271
vt 0.8078 0.5372
vt 0.7973 0.5516
vt 0.7728 0.5469
vt 0.7411 0.5644
vt 0.7962 0.5621
vt 0.7985 0.5412
vt 0.7898 0.5387
vt 0.7662 0.5296
vt 0.7448 0.5301
vt 0.7877 0.5290
vt 0.9527 0.1526
vt 0.9527 0.1234
vt 0.9276 0.1237
vt 0.9276 0.1529
vt 0.9276 0.1821
vt 0.9527 0.1818
vt 0.9778 0.1815
vt 0.9778 0.1523
vt 0.9778 0.1231
vt 0.7950 0.5727
vt 0.8196 0.5776
vt 0.7692 0.5800
vt 0.7844 0.5875
vt 0.7938 0.5834
vt 0.8026 0.5860
vt 0.8263 0.5953
vt 0.8161 0.6139
vt 0.8477 0.5947
vt 0.8048 0.5959
vt 0.8009 0.6063
vt 0.7902 0.6212
vt 0.7654 0.6164
vt 0.7914 0.6105
vt 0.7825 0.6079
vt 0.7589 0.5986
vt 0.7374 0.5992
vt 0.7804 0.5979
vt 0.9568 0.4563
vt 0.9568 0.4856
vt 0.9666 0.4812
vt 0.9666 0.4520
vt 0.9666 0.4227
vt 0.9568 0.4271
vt 0.9471 0.4315
vt 0.9471 0.4607
vt 0.9471 0.4900
vt 0.9520 0.2687
vt 0.9520 0.2409
vt 0.9276 0.2412
vt 0.9276 0.2690
vt 0.9276 0.2969
vt 0.9520 0.2966
vt 0.9764 0.2963
vt 0.9764 0.2684
vt 0.9764 0.2406
vt 0.9372 0.3876
vt 0.9372 0.3569
vt 0.9276 0.3524
vt 0.9276 0.3831
vt 0.9276 0.4138
vt 0.9372 0.4182
vt 0.9468 0.4227
vt 0.9468 0.3920
vt 0.9468 0.3614
vt 0.9525 0.2113
vt 0.9525 0.1823
vt 0.9276 0.1825
vt 0.9276 0.2116
vt 0.9276 0.2406
vt 0.9525 0.2404
vt 0.9774 0.2401
vt 0.9774 0.2111
vt 0.9774 0.1821
vt 0.9765 0.4553
vt 0.9765 0.4274
vt 0.9666 0.4321
vt 0.9666 0.4600
vt 0.9666 0.4878
vt 0.9765 0.4831
vt 0.9863 0.4784
vt 0.9863 0.4506
vt 0.9863 0.4227
vt 0.9520 0.0308
vt 0.9520 0.0003
vt 0.9276 0.0005
vt 0.9276 0.0311
vt 0.9276 0.0617
vt 0.9520 0.0614
vt 0.9763 0.0612
vt 0.9763 0.0306
vt 0.9763 0.0000
vt 0.9565 0.3865
vt 0.9565 0.3572
vt 0.9468 0.3524
vt 0.9468 0.3817
vt 0.9468 0.4109
vt 0.9565 0.4157
vt 0.9662 0.4205
vt 0.9662 0.3913
vt 0.9662 0.3620
vt 0.9518 0.3246
vt 0.9518 0.3522
vt 0.9761 0.3520
vt 0.9761 0.3244
vt 0.9761 0.2969
vt 0.9518 0.2971
vt 0.9276 0.2973
vt 0.9276 0.3249
vt 0.9276 0.3524
vt 0.9373 0.4574
vt 0.9373 0.4881
vt 0.9471 0.4841
vt 0.9471 0.4534
vt 0.9471 0.4227
vt 0.9373 0.4268
vt 0.9276 0.4308
vt 0.9276 0.4615
vt 0.9276 0.4922
vt 0.7976 0.7318
vt 0.7503 0.7335
vt 0.8449 0.7301
vt 0.5127 0.6983
vt 0.4340 0.6990
vt 0.5914 0.6976
vt 0.1810 0.2719
vt 0.3167 0.2854
vt 0.0453 0.2584
vt 0.8595 0.0152
vt 0.9276 0.0305
vt 0.7914 0.0000
vt 0.3425 0.3407
vt 0.3456 0.3741
vt 0.3345 0.3103
vt 0.6236 0.0137
vt 0.6902 0.0799
vt 0.5207 0.0000
vt 0.6902 0.0799
vt 0.2231 0.9859
vt 0.0435 0.9926
vt 0.3531 0.9224
vt 0.3531 0.9224
vt 0.6063 0.6484
vt 0.5988 0.6780
vt 0.6138 0.6137
vt 0.5914 0.6976
vt 0.5828 0.7128
vt 0.3167 0.2854
vt 0.2956 0.2638
vt 0.9053 0.9984
vt 0.8830 1.0000
vt 0.9276 0.9967
vt 0.7077 0.9435
vt 0.6891 0.9700
vt 0.7008 0.9022
vt 0.7008 0.9022
vt 0.3854 0.0243
vt 0.3807 0.0645
vt 0.3681 0.0000
vt 0.3807 0.0645
vt 0.6428 0.8311
vt 0.5832 0.7626
vt 0.3318 0.1362
vt 0.2828 0.2069
vt 0.3838 0.7451
vt 0.3679 0.5609
vt 0.3583 0.4765
vt 0.3527 0.4421
vt 0.3487 0.4079
vt 0.6844 0.2510
vt 0.6512 0.4273
vt 0.6355 0.5089
vt 0.6284 0.5435
vt 0.6212 0.5786
vt 0.5716 0.7288
vt 0.2775 0.2435
vt 0.2067 0.2210
vt 0.1931 0.2461
vt 0.2700 0.2594
vt 0.2598 0.2379
vt 0.1359 0.1985
vt 0.0906 0.2284
vt 0.2380 0.1809
vt 0.1932 0.1549
vt 0.2716 0.2004
vt 0.5062 0.6400
vt 0.5116 0.6056
vt 0.4093 0.5975
vt 0.4060 0.6317
vt 0.5813 0.6463
vt 0.5883 0.6117
vt 0.5051 0.6717
vt 0.5754 0.6764
vt 0.4114 0.6654
vt 0.9400 0.5070
vt 0.9401 0.4934
vt 0.9281 0.4947
vt 0.9279 0.5083
vt 0.9521 0.5057
vt 0.9521 0.4922
vt 0.9399 0.5206
vt 0.9521 0.5192
vt 0.9276 0.5219
vt 0.1717 0.3316
vt 0.1736 0.3655
vt 0.3026 0.3719
vt 0.2998 0.3384
vt 0.0009 0.3225
vt 0.0017 0.3568
vt 0.1730 0.2998
vt 0.0115 0.2894
vt 0.2941 0.3077
vt 0.6256 0.8579
vt 0.5617 0.7874
vt 0.5402 0.8123
vt 0.6084 0.8847
vt 0.6385 0.8378
vt 0.5778 0.7688
vt 0.6872 0.9221
vt 0.6811 0.8906
vt 0.6689 0.9487
vt 0.5341 0.7473
vt 0.5240 0.7226
vt 0.4653 0.7325
vt 0.4965 0.7659
vt 0.5622 0.7334
vt 0.5681 0.7152
vt 0.8289 0.7956
vt 0.8132 0.7637
vt 0.7741 0.7646
vt 0.7980 0.7956
vt 0.8598 0.7957
vt 0.8524 0.7629
vt 0.8482 0.8409
vt 0.8729 0.8413
vt 0.8236 0.8406
vt 0.8749 0.9130
vt 0.8524 0.9134
vt 0.8974 0.9126
vt 0.8977 0.9770
vt 0.9201 0.9757
vt 0.8753 0.9783
vt 0.3032 0.1102
vt 0.3247 0.1297
vt 0.2746 0.0843
vt 0.3649 0.0458
vt 0.3447 0.0211
vt 0.3623 0.0766
vt 0.2041 0.7444
vt 0.2183 0.9255
vt 0.3145 0.8773
vt 0.3388 0.7450
vt 0.0244 0.7438
vt 0.0387 0.9304
vt 0.1888 0.5548
vt 0.0098 0.5486
vt 0.3231 0.5594
vt 0.1813 0.4687
vt 0.3141 0.4745
vt 0.0044 0.4609
vt 0.1781 0.4343
vt 0.0035 0.4265
vt 0.3090 0.4402
vt 0.1756 0.3998
vt 0.3054 0.4059
vt 0.0026 0.3917
vt 0.8313 0.2547
vt 0.8525 0.0751
vt 0.7860 0.0620
vt 0.7699 0.2481
vt 0.8928 0.2613
vt 0.9189 0.0882
vt 0.8099 0.4368
vt 0.8658 0.4429
vt 0.7529 0.4426
vt 0.9881 0.0760
vt 0.9882 0.0629
vt 0.9764 0.0640
vt 0.9762 0.0773
vt 1.0000 0.0748
vt 1.0000 0.0617
vt 0.9880 0.0892
vt 1.0000 0.0880
vt 0.9760 0.0905
vt 0.9647 0.5067
vt 0.9648 0.4935
vt 0.9525 0.4948
vt 0.9523 0.5081
vt 0.9770 0.5053
vt 0.9770 0.4922
vt 0.9646 0.5199
vt 0.9770 0.5185
vt 0.9521 0.5213
vt 0.5780 0.2406
vt 0.6122 0.0704
vt 0.5084 0.0576
vt 0.4716 0.2303
vt 0.6578 0.2484
vt 0.6616 0.1211
vt 0.5425 0.4194
vt 0.6240 0.4253
vt 0.4339 0.4114
vt 0.5273 0.5016
vt 0.4192 0.4943
vt 0.6084 0.5071
vt 0.5222 0.5359
vt 0.6019 0.5416
vt 0.4159 0.5284
vt 0.5169 0.5708
vt 0.4126 0.5630
vt 0.5951 0.5766
vt 0.9518 0.0924
vt 0.9518 0.0619
vt 0.9276 0.0621
vt 0.9276 0.0926
vt 0.9760 0.0922
vt 0.9760 0.0617
vt 0.9518 0.1229
vt 0.9760 0.1227
vt 0.9276 0.1231
vt 0.7878 0.6423
vt 0.8126 0.6469
vt 0.8443 0.6293
vt 0.7890 0.6318
vt 0.7866 0.6527
vt 0.7956 0.6552
vt 0.7618 0.6495
vt 0.7771 0.6568
vt 0.7337 0.6340
vt 0.8194 0.6641
vt 0.8092 0.6822
vt 0.8402 0.6970
vt 0.8409 0.6634
vt 0.7979 0.6648
vt 0.7940 0.6750
vt 0.7831 0.6895
vt 0.7582 0.6849
vt 0.7333 0.7017
vt 0.7862 0.7053
vt 0.7843 0.6791
vt 0.7752 0.6766
vt 0.7515 0.6677
vt 0.7300 0.6684
vt 0.7730 0.6670
vt 0.9760 0.3854
vt 0.9760 0.3575
vt 0.9662 0.3524
vt 0.9662 0.3803
vt 0.9858 0.3905
vt 0.9858 0.3627
vt 0.9760 0.4133
vt 0.9858 0.4184
vt 0.9662 0.4081
vt 0.8020 0.5045
vt 0.8265 0.5093
vt 0.8008 0.5149
vt 0.8095 0.5175
vt 0.7764 0.5115
vt 0.7916 0.5189
vt 0.8331 0.5265
vt 0.8231 0.5446
vt 0.8512 0.5601
vt 0.8546 0.5260
vt 0.8117 0.5271
vt 0.8078 0.5372
vt 0.7973 0.5516
vt 0.7728 0.5469
vt 0.7411 0.5644
vt 0.7962 0.5621
vt 0.7985 0.5412
vt 0.7898 0.5387
vt 0.7662 0.5296
vt 0.7448 0.5301
vt 0.7877 0.5290
vt 0.9527 0.1526
vt 0.9527 0.1234
vt 0.9276 0.1237
vt 0.9276 0.1529
vt 0.9778 0.1523
vt 0.9778 0.1231
vt 0.9527 0.1818
vt 0.9778 0.1815
vt 0.9276 0.1821
vt 0.7950 0.5727
vt 0.8196 0.5776
vt 0.7938 0.5834
vt 0.8026 0.5860
vt 0.7692 0.5800
vt 0.7844 0.5875
vt 0.8263 0.5953
vt 0.8161 0.6139
vt 0.8477 0.5947
vt 0.8048 0.5959
vt 0.8009 0.6063
vt 0.7902 0.6212
vt 0.7654 0.6164
vt 0.7914 0.6105
vt 0.7825 0.6079
vt 0.7589 0.5986
vt 0.7374 0.5992
vt 0.7804 0.5979
vt 0.9568 0.4563
vt 0.9568 0.4856
vt 0.9666 0.4812
vt 0.9666 0.4520
vt 0.9471 0.4607
vt 0.9471 0.4900
vt 0.9568 0.4271
vt 0.9471 0.4315
vt 0.9666 0.4227
vt 0.9520 0.2687
vt 0.9520 0.2409
vt 0.9276 0.2412
vt 0.9276 0.2690
vt 0.9764 0.2684
vt 0.9764 0.2406
vt 0.9520 0.2966
vt 0.9764 0.2963
vt 0.9276 0.2969
vt 0.9372 0.3876
vt 0.9372 0.3569
vt 0.9276 0.3524
vt 0.9276 0.3831
vt 0.9468 0.3920
vt 0.9468 0.3614
vt 0.9372 0.4182
vt 0.9468 0.4227
vt 0.9276 0.4138
vt 0.9525 0.2113
vt 0.9525 0.1823
vt 0.9276 0.1825
vt 0.9276 0.2116
vt 0.9774 0.2111
vt 0.9774 0.1821
vt 0.9525 0.2404
vt 0.9774 0.2401
vt 0.9276 0.2406
vt 0.9765 0.4553
vt 0.9765 0.4274
vt 0.9666 0.4321
vt 0.9666 0.4600
vt 0.9863 0.4506
vt 0.9863 0.4227
vt 0.9765 0.4831
vt 0.9863 0.4784
vt 0.9666 0.4878
vt 0.9520 0.0308
vt 0.9520 0.0003
vt 0.9276 0.0005
vt 0.9276 0.0311
vt 0.9763 0.0306
vt 0.9763 0.0000
vt 0.9520 0.0614
vt 0.9763 0.0612
vt 0.9276 0.0617
vt 0.9565 0.3865
vt 0.9565 0.3572
vt 0.9468 0.3524
vt 0.9468 0.3817
vt 0.9662 0.3913
vt 0.9662 0.3620
vt 0.9565 0.4157
vt 0.9662 0.4205
vt 0.9468 0.4109
vt 0.9518 0.3246
vt 0.9518 0.3522
vt 0.9761 0.3520
vt 0.9761 0.3244
vt 0.9276 0.3249
vt 0.9276 0.3524
vt 0.9518 0.2971
vt 0.9276 0.2973
vt 0.9761 0.2969
vt 0.9373 0.4574
vt 0.9373 0.4881
vt 0.9471 0.4841
vt 0.9471 0.4534
vt 0.9276 0.4615
vt 0.9276 0.4922
vt 0.9373 0.4268
vt 0.9276 0.4308
vt 0.9471 0.4227
vt 0.7976 0.7318
vt 0.7503 0.7335
vt 0.8449 0.7301
vt 0.5127 0.6983
vt 0.4340 0.6990
vt 0.5718 0.6978
vt 0.1810 0.2719
vt 0.2828 0.2820
vt 0.0453 0.2584
vt 0.2067 0.2210
vt 0.2775 0.2435
vt 0.2956 0.2638
vt 0.1931 0.2461
vt 0.2380 0.1809
vt 0.2828 0.2069
vt 0.1359 0.1985
vt 0.1932 0.1549
vt 0.0906 0.2284
vt 0.5062 0.6400
vt 0.4060 0.6317
vt 0.4093 0.5975
vt 0.5116 0.6056
vt 0.5051 0.6717
vt 0.4114 0.6654
vt 0.6063 0.6484
vt 0.5988 0.6780
vt 0.6138 0.6137
vt 0.9400 0.5070
vt 0.9279 0.5083
vt 0.9281 0.4947
vt 0.9401 0.4934
vt 0.9399 0.5206
vt 0.9276 0.5219
vt 0.9521 0.5057
vt 0.9521 0.5192
vt 0.9521 0.4922
vt 0.1717 0.3316
vt 0.3425 0.3407
vt 0.3456 0.3741
vt 0.1736 0.3655
vt 0.1730 0.2998
vt 0.3345 0.3103
vt 0.0009 0.3225
vt 0.0115 0.2894
vt 0.0017 0.3568
vt 0.6256 0.8579
vt 0.6084 0.8847
vt 0.5402 0.8123
vt 0.5617 0.7874
vt 0.7077 0.9435
vt 0.6891 0.9700
vt 0.6428 0.8311
vt 0.7264 0.9170
vt 0.5832 0.7626
vt 0.5341 0.7473
vt 0.4965 0.7659
vt 0.4653 0.7325
vt 0.5240 0.7226
vt 0.5716 0.7288
vt 0.5828 0.7128
vt 0.8289 0.7956
vt 0.7980 0.7956
vt 0.7741 0.7646
vt 0.8132 0.7637
vt 0.8482 0.8409
vt 0.8236 0.8406
vt 0.8598 0.7957
vt 0.8729 0.8413
vt 0.8524 0.7629
vt 0.8749 0.9130
vt 0.8524 0.9134
vt 0.9053 0.9984
vt 0.8830 1.0000
vt 0.8974 0.9126
vt 0.9276 0.9967
vt 0.3032 0.1102
vt 0.3318 0.1362
vt 0.3854 0.0243
vt 0.4027 0.0486
vt 0.2746 0.0843
vt 0.3681 0.0000
vt 0.2041 0.7444
vt 0.3838 0.7451
vt 0.4027 0.9793
vt 0.2231 0.9859
vt 0.1888 0.5548
vt 0.3679 0.5609
vt 0.0244 0.7438
vt 0.0098 0.5486
vt 0.0435 0.9926
vt 0.1813 0.4687
vt 0.3583 0.4765
vt 0.1781 0.4343
vt 0.3527 0.4421
vt 0.0044 0.4609
vt 0.0035 0.4265
vt 0.1756 0.3998
vt 0.3487 0.4079
vt 0.0026 0.3917
vt 0.8313 0.2547
vt 0.7699 0.2481
vt 0.7914 0.0000
vt 0.8595 0.0152
vt 0.8099 0.4368
vt 0.7529 0.4426
vt 0.8928 0.2613
vt 0.8658 0.4429
vt 0.9276 0.0305
vt 0.9881 0.0760
vt 0.9762 0.0773
vt 0.9764 0.0640
vt 0.9882 0.0629
vt 0.9880 0.0892
vt 0.9760 0.0905
vt 1.0000 0.0748
vt 1.0000 0.0880
vt 1.0000 0.0617
vt 0.9647 0.5067
vt 0.9523 0.5081
vt 0.9525 0.4948
vt 0.9648 0.4935
vt 0.9646 0.5199
vt 0.9521 0.5213
vt 0.9770 0.5053
vt 0.9770 0.5185
vt 0.9770 0.4922
vt 0.5780 0.2406
vt 0.4716 0.2303
vt 0.5207 0.0000
vt 0.6236 0.0137
vt 0.5425 0.4194
vt 0.4339 0.4114
vt 0.6844 0.2510
vt 0.6512 0.4273
vt 0.7264 0.0274
vt 0.5273 0.5016
vt 0.4192 0.4943
vt 0.5222 0.5359
vt 0.4159 0.5284
vt 0.6355 0.5089
vt 0.6284 0.5435
vt 0.5169 0.5708
vt 0.4126 0.5630
vt 0.6212 0.5786
vt 0.9518 0.0924
vt 0.9276 0.0926
vt 0.9276 0.0621
vt 0.9518 0.0619
vt 0.9518 0.1229
vt 0.9276 0.1231
vt 0.9760 0.0922
vt 0.9760 0.1227
vt 0.9760 0.0617
vt 0.7878 0.6423
vt 0.7890 0.6318
vt 0.8443 0.6293
vt 0.8126 0.6469
vt 0.7618 0.6495
vt 0.7337 0.6340
vt 0.7866 0.6527
vt 0.7771 0.6568
vt 0.7956 0.6552
vt 0.8194 0.6641
vt 0.8409 0.6634
vt 0.8402 0.6970
vt 0.8092 0.6822
vt 0.7979 0.6648
vt 0.7940 0.6750
vt 0.7831 0.6895
vt 0.7862 0.7053
vt 0.7333 0.7017
vt 0.7582 0.6849
vt 0.7843 0.6791
vt 0.7752 0.6766
vt 0.7515 0.6677
vt 0.7300 0.6684
vt 0.7730 0.6670
vt 0.9760 0.3854
vt 0.9662 0.3803
vt 0.9662 0.3524
vt 0.9760 0.3575
vt 0.9760 0.4133
vt 0.9662 0.4081
vt 0.9858 0.3905
vt 0.9858 0.4184
vt 0.9858 0.3627
vt 0.8020 0.5045
vt 0.8265 0.5093
vt 0.7764 0.5115
vt 0.8008 0.5149
vt 0.7916 0.5189
vt 0.8095 0.5175
vt 0.8331 0.5265
vt 0.8546 0.5260
vt 0.8512 0.5601
vt 0.8231 0.5446
vt 0.8117 0.5271
vt 0.8078 0.5372
vt 0.7973 0.5516
vt 0.7962 0.5621
vt 0.7411 0.5644
vt 0.7728 0.5469
vt 0.7985 0.5412
vt 0.7898 0.5387
vt 0.7662 0.5296
vt 0.7448 0.5301
vt 0.7877 0.5290
vt 0.9527 0.1526
vt 0.9276 0.1529
vt 0.9276 0.1237
vt 0.9527 0.1234
vt 0.9527 0.1818
vt 0.9276 0.1821
vt 0.9778 0.1523
vt 0.9778 0.1815
vt 0.9778 0.1231
vt 0.7950 0.5727
vt 0.8196 0.5776
vt 0.7692 0.5800
vt 0.7938 0.5834
vt 0.7844 0.5875
vt 0.8026 0.5860
vt 0.8263 0.5953
vt 0.8477 0.5947
vt 0.8161 0.6139
vt 0.8048 0.5959
vt 0.8009 0.6063
vt 0.7902 0.6212
vt 0.7654 0.6164
vt 0.7914 0.6105
vt 0.7825 0.6079
vt 0.7589 0.5986
vt 0.7374 0.5992
vt 0.7804 0.5979
vt 0.9568 0.4563
vt 0.9666 0.4520
vt 0.9666 0.4812
vt 0.9568 0.4856
vt 0.9568 0.4271
vt 0.9666 0.4227
vt 0.9471 0.4607
vt 0.9471 0.4315
vt 0.9471 0.4900
vt 0.9520 0.2687
vt 0.9276 0.2690
vt 0.9276 0.2412
vt 0.9520 0.2409
vt 0.9520 0.2966
vt 0.9276 0.2969
vt 0.9764 0.2684
vt 0.9764 0.2963
vt 0.9764 0.2406
vt 0.9372 0.3876
vt 0.9276 0.3831
vt 0.9276 0.3524
vt 0.9372 0.3569
vt 0.9372 0.4182
vt 0.9276 0.4138
vt 0.9468 0.3920
vt 0.9468 0.4227
vt 0.9468 0.3614
vt 0.9525 0.2113
vt 0.9276 0.2116
vt 0.9276 0.1825
vt 0.9525 0.1823
vt 0.9525 0.2404
vt 0.9276 0.2406
vt 0.9774 0.2111
vt 0.9774 0.2401
vt 0.9774 0.1821
vt 0.9765 0.4553
vt 0.9666 0.4600
vt 0.9666 0.4321
vt 0.9765 0.4274
vt 0.9765 0.4831
vt 0.9666 0.4878
vt 0.9863 0.4506
vt 0.9863 0.4784
vt 0.9863 0.4227
vt 0.9520 0.0308
vt 0.9276 0.0311
vt 0.9276 0.0005
vt 0.9520 0.0003
vt 0.9520 0.0614
vt 0.9276 0.0617
vt 0.9763 0.0306
vt 0.9763 0.0612
vt 0.9763 0.0000
vt 0.9565 0.3865
vt 0.9468 0.3817
vt 0.9468 0.3524
vt 0.9565 0.3572
vt 0.9565 0.4157
vt 0.9468 0.4109
vt 0.9662 0.3913
vt 0.9662 0.4205
vt 0.9662 0.3620
vt 0.9518 0.3246
vt 0.9761 0.3244
vt 0.9761 0.3520
vt 0.9518 0.3522
vt 0.9518 0.2971
vt 0.9761 0.2969
vt 0.9276 0.3249
vt 0.9276 0.2973
vt 0.9276 0.3524
vt 0.9373 0.4574
vt 0.9471 0.4534
vt 0.9471 0.4841
vt 0.9373 0.4881
vt 0.9373 0.4268
vt 0.9471 0.4227
vt 0.9276 0.4615
vt 0.9276 0.4308
vt 0.9276 0.4922
vt 0.7976 0.7318
vt 0.7503 0.7335
vt 0.8449 0.7301
vt 0.5127 0.6983
vt 0.4340 0.6990
vt 0.5914 0.6976
vt 0.1810 0.2719
vt 0.3167 0.2854
vt 0.0453 0.2584
vt 0.8595 0.0152
vt 0.9276 0.0305
vt 0.7914 0.0000
vt 0.3425 0.3407
vt 0.3456 0.3741
vt 0.3345 0.3103
vt 0.6236 0.0137
vt 0.6902 0.0799
vt 0.5207 0.0000
vt 0.6902 0.0799
vt 0.2231 0.9859
vt 0.0435 0.9926
vt 0.3531 0.9224
vt 0.3531 0.9224
vt 0.6063 0.6484
vt 0.5988 0.6780
vt 0.6138 0.6137
vt 0.5914 0.6976
vt 0.5828 0.7128
vt 0.3167 0.2854
vt 0.2956 0.2638
vt 0.9053 0.9984
vt 0.8830 1.0000
vt 0.9276 0.9967
vt 0.7077 0.9435
vt 0.6891 0.9700
vt 0.7008 0.9022
vt 0.7008 0.9022
vt 0.3854 0.0243
vt 0.3807 0.0645
vt 0.3681 0.0000
vt 0.3807 0.0645
vt 0.6428 0.8311
vt 0.5832 0.7626
vt 0.3318 0.1362
vt 0.2828 0.2069
vt 0.3838 0.7451
vt 0.3679 0.5609
vt 0.3583 0.4765
vt 0.3527 0.4421
vt 0.3487 0.4079
vt 0.6844 0.2510
vt 0.6512 0.4273
vt 0.6355 0.5089
vt 0.6284 0.5435
vt 0.6212 0.5786
vt 0.5716 0.7288
vt 0.2775 0.2435
vn -0.8756 0.4828 -0.0128
vn -0.9662 0.2199 -0.1340
vn -0.9602 0.1917 -0.2030
vn -0.9039 0.4220 -0.0694
vn -0.5651 0.8241 0.0386
vn -0.5349 0.8411 0.0800
vn -0.4992 0.8515 0.1605
vn -0.8432 0.5302 0.0886
vn -0.9771 0.2110 -0.0264
vn 0.9098 0.3812 0.1638
vn 0.7428 0.5604 0.3664
vn 0.6237 0.6042 0.4959
vn 0.9088 0.3622 0.2071
vn 0.9715 0.2350 0.0311
vn 0.9704 0.2411 -0.0154
vn 0.9700 0.2406 -0.0338
vn 0.8819 0.4611 0.0984
vn 0.6093 0.7495 0.2588
vn 0.1496 0.7167 0.6811
vn -0.7680 0.4859 0.4171
vn -0.6751 -0.2048 0.7087
vn 0.0867 -0.1592 0.9834
vn 0.7047 -0.2234 0.6734
vn 0.8889 0.3290 0.3187
vn 0.7552 0.6039 -0.2547
vn 0.1845 0.9555 -0.2303
vn -0.6089 0.7436 -0.2762
vn -0.9871 0.1259 0.0991
vn -0.9999 0.0070 -0.0095
vn -0.9999 -0.0061 0.0122
vn -0.9869 0.1011 0.1252
vn -0.6664 0.5221 0.5322
vn -0.8536 0.4119 0.3189
vn -0.6306 0.7566 0.1727
vn -0.9710 0.2389 0.0008
vn -0.9962 0.0549 -0.0666
vn 0.7377 0.6701 0.0825
vn 0.4626 0.8734 0.1522
vn 0.4526 0.8787 0.1515
vn 0.7196 0.6888 0.0870
vn 0.9431 0.3292 -0.0469
vn 0.9494 0.3120 -0.0342
vn 0.9515 0.3031 -0.0522
vn 0.8281 0.5604 -0.0162
vn 0.5100 0.8554 0.0903
vn 0.7400 0.6697 0.0624
vn 0.4772 0.8689 0.1312
vn 0.5176 0.8476 0.1164
vn 0.7865 0.6154 0.0506
vn 0.9277 0.3334 -0.1682
vn 0.9255 0.3542 -0.1339
vn 0.0476 0.9872 0.1524
vn 0.0630 0.9888 0.1350
vn 0.0398 0.9816 0.1867
vn 0.0544 0.9781 0.2007
vn -0.4592 0.8658 0.1986
vn 0.0808 0.9831 0.1640
vn -0.4527 0.8775 0.1581
vn -0.8194 0.5580 0.1311
vn -0.9795 0.2014 -0.0011
vn -0.8679 0.4939 0.0512
vn -0.9792 0.2026 -0.0146
vn -0.9844 0.1263 0.1222
vn -0.9993 -0.0276 -0.0228
vn -0.9991 -0.0395 -0.0169
vn -0.9884 0.0875 0.1237
vn -0.6850 0.4972 0.5324
vn -0.6818 0.5083 0.5261
vn -0.6611 0.4877 0.5701
vn -0.9845 0.1167 0.1308
vn -0.9999 -0.0120 -0.0070
vn -0.9864 0.1024 0.1288
vn -0.9997 -0.0129 0.0181
vn -0.8430 0.3637 0.3964
vn -0.6722 0.5155 0.5313
vn -0.9863 0.0950 0.1348
vn -0.9995 -0.0139 0.0277
vn -0.9864 0.0971 0.1326
vn -0.9998 -0.0085 0.0196
vn -0.8535 0.3583 0.3783
vn 0.0412 0.6935 0.7192
vn 0.0293 0.6907 0.7225
vn 0.5435 0.5893 0.5977
vn 0.5644 0.5911 0.5762
vn 0.5939 0.5704 0.5674
vn 0.0696 0.6749 0.7346
vn 0.0941 0.7213 0.6862
vn -0.8073 0.4491 0.3828
vn -0.6890 -0.2552 0.6783
vn 0.0646 -0.1775 0.9820
vn 0.6881 -0.2162 0.6926
vn 0.8699 0.3544 0.3429
vn 0.7371 0.6291 -0.2465
vn 0.1566 0.9572 -0.2435
vn -0.6274 0.7094 -0.3212
vn 0.2022 0.7101 0.6744
vn -0.7246 0.5230 0.4488
vn -0.6475 -0.1733 0.7420
vn 0.1079 -0.1574 0.9816
vn 0.7063 -0.2473 0.6633
vn 0.9051 0.3038 0.2974
vn 0.7613 0.5854 -0.2788
vn 0.2143 0.9484 -0.2338
vn -0.5736 0.7793 -0.2523
vn 0.8608 0.3900 0.3268
vn 0.8550 0.3758 0.3574
vn 0.9546 0.2395 0.1770
vn 0.9627 0.2287 0.1443
vn 0.9703 0.2121 0.1166
vn 0.8840 0.3607 0.2973
vn 0.9010 0.3476 0.2594
vn 0.7171 0.5260 0.4572
vn 0.9732 0.2018 0.1100
vn 0.9734 0.2061 0.1003
vn 0.9039 0.3477 0.2489
vn 0.6121 0.6038 0.5106
vn 0.9048 0.3554 0.2346
vn 0.7302 0.5322 0.4284
vn 0.9726 0.2199 0.0750
vn 0.9611 0.2118 0.1769
vn 0.6641 -0.3117 0.6795
vn 0.5185 0.1161 0.8471
vn 0.6980 0.5397 0.4706
vn 0.5664 0.8232 0.0382
vn 0.7151 0.6124 -0.3369
vn 0.1545 0.3983 0.9041
vn 0.1612 0.7303 0.6638
vn 0.3738 0.6095 0.6991
vn 0.5459 0.1180 0.8295
vn 0.0725 -0.2018 0.9767
vn -0.3674 0.0287 0.9296
vn -0.1770 0.5212 0.8349
vn 0.4832 0.6854 0.5447
vn 0.4207 0.8145 0.3995
vn 0.5999 0.7993 0.0335
vn 0.7292 0.5166 0.4487
vn 0.1921 0.9670 0.1674
vn 0.1257 0.9728 0.1943
vn -0.2047 0.9228 0.3263
vn -0.2849 0.9574 -0.0472
vn 0.2169 0.9360 -0.2770
vn -0.4139 0.6958 0.5869
vn -0.6048 0.5717 0.5544
vn 0.1539 0.7758 -0.6118
vn 0.7338 0.5654 -0.3766
vn -0.6027 0.6956 -0.3909
vn 0.1127 0.4246 0.8983
vn 0.3855 0.5906 0.7089
vn 0.0520 -0.2311 0.9715
vn -0.4081 -0.0294 0.9125
vn -0.2862 0.5257 0.8010
vn 0.4590 0.6508 0.6048
vn 0.3689 0.7726 0.5166
vn 0.1772 0.9351 0.3067
vn 0.1425 0.7334 0.6647
vn -0.1832 0.8628 0.4710
vn -0.3350 0.9374 -0.0953
vn 0.1817 0.9389 -0.2923
vn -0.4299 0.6278 0.6489
vn -0.6769 0.5264 0.5144
vn -0.9767 0.1536 0.1497
vn -0.6264 0.6621 -0.4113
vn -0.3143 0.9474 -0.0590
vn -0.6425 0.5488 0.5347
vn -0.3914 0.0108 0.9201
vn -0.6913 -0.3368 0.6392
vn 0.1375 0.3959 0.9079
vn 0.3604 0.6080 0.7074
vn 0.5358 0.1268 0.8347
vn 0.0647 -0.2060 0.9764
vn -0.1963 0.5175 0.8329
vn 0.4563 0.6685 0.5872
vn 0.3818 0.7639 0.5202
vn 0.5862 0.8089 0.0449
vn 0.7156 0.5271 0.4583
vn 0.1962 0.9263 0.3216
vn -0.1628 0.8619 0.4801
vn 0.2012 0.9403 -0.2743
vn -0.4001 0.6551 0.6408
vn -0.0224 -0.5517 0.8337
vn 0.6768 -0.3254 0.6603
vn -0.9613 0.1990 0.1904
vn -0.6748 -0.3087 0.6703
vn 0.1305 0.7797 -0.6124
vn -0.6341 0.6319 -0.4457
vn 0.9722 0.1812 0.1484
vn 0.7305 0.5860 -0.3507
vn -0.0221 -0.5473 0.8366
vn 0.6751 -0.3516 0.6485
vn -0.9884 0.1079 0.1066
vn -0.6946 -0.3773 0.6125
vn 0.1426 0.7806 -0.6085
vn 0.9811 0.1505 0.1216
vn -0.0255 -0.5629 0.8261
vn 0.0873 0.9871 0.1340
vn -0.5952 0.8031 0.0289
vn 0.5583 0.8204 0.1229
vn 0.8352 0.5457 0.0682
vn 0.9599 0.2752 -0.0533
vn -0.9360 0.3474 -0.0564
vn -0.9817 0.1292 -0.1398
vn 0.8843 -0.4667 0.0143
vn 0.9106 -0.4066 0.0735
vn 0.9256 -0.3544 -0.1328
vn 0.8752 -0.4680 -0.1221
vn 0.8085 -0.5650 -0.1643
vn 0.8523 -0.5155 -0.0888
vn 0.5497 -0.8215 -0.1515
vn 0.5791 -0.8127 -0.0648
vn 0.6005 -0.7993 -0.0207
vn -0.9038 -0.3898 -0.1765
vn -0.9018 -0.3724 -0.2191
vn -0.6351 -0.5973 -0.4897
vn -0.7502 -0.5531 -0.3623
vn -0.6273 -0.7329 -0.2632
vn -0.8777 -0.4657 -0.1132
vn -0.8698 -0.4473 -0.2080
vn -0.8769 -0.4341 -0.2064
vn -0.8733 -0.4227 -0.2419
vn 0.7614 -0.4000 -0.5101
vn -0.1185 0.1884 -0.9749
vn 0.7628 0.2383 -0.6010
vn 0.8603 -0.3692 -0.3514
vn 0.7418 -0.6185 0.2592
vn -0.1503 -0.9526 0.2646
vn -0.9136 -0.3527 -0.2023
vn -0.8175 -0.4958 0.2930
vn -0.9486 -0.2577 -0.1835
vn -0.8126 0.2236 -0.5382
vn 0.9894 -0.1113 -0.0934
vn 0.9888 -0.0894 -0.1194
vn 0.9824 -0.1191 -0.1437
vn 0.9825 -0.1310 -0.1323
vn 0.9780 -0.1737 -0.1156
vn 0.9753 -0.2208 0.0042
vn 0.6568 -0.7370 -0.1598
vn 0.8763 -0.3763 -0.3006
vn 0.6851 -0.5061 -0.5239
vn -0.7040 -0.7015 -0.1109
vn -0.7024 -0.7053 -0.0959
vn -0.4903 -0.8594 -0.1446
vn -0.4933 -0.8551 -0.1596
vn -0.4791 -0.8507 -0.2162
vn -0.6663 -0.7240 -0.1785
vn -0.6447 -0.7505 -0.1446
vn -0.6308 -0.7654 -0.1275
vn -0.6301 -0.7645 -0.1357
vn -0.7248 -0.6843 -0.0796
vn -0.7752 -0.6276 -0.0716
vn -0.5477 -0.8297 -0.1078
vn -0.5119 -0.8502 -0.1228
vn -0.6738 -0.7132 -0.1931
vn -0.7373 -0.6096 -0.2910
vn -0.0471 -0.9878 -0.1481
vn -0.0637 -0.9894 -0.1301
vn -0.0392 -0.9821 -0.1840
vn -0.0567 -0.9765 -0.2076
vn 0.5041 -0.8391 -0.2045
vn 0.4371 -0.8594 -0.2651
vn -0.0800 -0.9651 -0.2495
vn 0.8165 -0.5566 -0.1531
vn 0.7591 -0.6204 -0.1970
vn 0.7474 -0.6270 -0.2197
vn 0.7423 -0.6259 -0.2391
vn 0.9857 -0.1254 -0.1123
vn 0.9832 -0.1571 -0.0932
vn 0.9938 -0.0966 -0.0553
vn 0.9905 -0.1036 -0.0896
vn 0.9862 -0.1112 -0.1228
vn 0.9864 -0.1089 -0.1231
vn 0.6801 -0.4766 -0.5570
vn 0.7032 -0.4971 -0.5083
vn 0.6973 -0.5237 -0.4894
vn 0.9880 -0.0937 -0.1227
vn 0.9825 -0.1088 -0.1507
vn 0.9813 -0.1075 -0.1595
vn 0.9880 -0.0860 -0.1283
vn 0.6915 -0.5008 -0.5205
vn 0.8638 -0.3364 -0.3750
vn 0.9882 -0.0876 -0.1257
vn 0.9818 -0.1159 -0.1505
vn 0.8739 -0.3302 -0.3568
vn -0.0419 -0.6964 -0.7164
vn -0.0252 -0.7122 -0.7015
vn -0.0724 -0.6783 -0.7312
vn -0.6119 -0.5654 -0.5530
vn -0.5842 -0.5860 -0.5614
vn -0.5481 -0.6190 -0.5624
vn 0.8179 -0.3473 -0.4587
vn -0.0911 0.2073 -0.9740
vn 0.7727 0.2882 -0.5654
vn 0.8972 -0.3189 -0.3053
vn 0.7573 -0.5765 0.3066
vn -0.1155 -0.9532 0.2793
vn -0.8988 -0.3755 -0.2263
vn -0.8038 -0.5270 0.2761
vn -0.9339 -0.2868 -0.2135
vn -0.7982 0.2080 -0.5654
vn 0.6975 -0.4461 -0.5608
vn -0.1465 0.1898 -0.9708
vn 0.7358 0.2084 -0.6442
vn 0.8159 -0.4224 -0.3949
vn 0.7068 -0.6673 0.2346
vn -0.1886 -0.9437 0.2717
vn -0.9262 -0.3337 -0.1755
vn -0.8165 -0.4755 0.3274
vn -0.9604 -0.2303 -0.1564
vn -0.8108 0.2573 -0.5257
vn -0.8539 -0.4033 -0.3289
vn -0.8126 -0.4672 -0.3484
vn -0.8791 -0.3684 -0.3024
vn -0.8694 -0.3892 -0.3044
vn -0.8603 -0.4056 -0.3089
vn -0.8571 -0.4166 -0.3030
vn -0.8949 -0.3565 -0.2682
vn -0.7257 -0.5202 -0.4502
vn -0.6237 -0.5974 -0.5040
vn -0.8970 -0.3583 -0.2587
vn -0.8724 -0.3892 -0.2956
vn -0.8737 -0.3822 -0.3008
vn -0.8976 -0.3662 -0.2454
vn -0.7368 -0.5281 -0.4220
vn -0.8714 -0.4050 -0.2769
vn -0.9666 -0.2286 -0.1159
vn -0.7111 -0.5462 -0.4428
vn -0.5468 -0.1841 -0.8168
vn -0.7368 0.2592 -0.6244
vn -0.7538 -0.5752 0.3175
vn -0.5862 -0.8061 -0.0808
vn -0.1734 -0.4368 -0.8827
vn -0.3912 -0.6265 -0.6741
vn -0.1767 -0.7260 -0.6646
vn 0.1954 -0.5219 -0.8303
vn 0.3838 -0.0525 -0.9219
vn -0.0837 0.1525 -0.9847
vn -0.5766 -0.1886 -0.7949
vn -0.4915 -0.6821 -0.5413
vn -0.4349 -0.7966 -0.4198
vn -0.7423 -0.5232 -0.4186
vn -0.6199 -0.7819 -0.0660
vn -0.2054 -0.9588 -0.1964
vn 0.2389 -0.9128 -0.3312
vn -0.1348 -0.9687 -0.2085
vn -0.2349 -0.9409 0.2440
vn 0.3065 -0.9518 -0.0121
vn 0.4483 -0.6759 -0.5849
vn 0.6122 -0.5321 -0.5849
vn -0.1671 -0.7732 0.6117
vn -0.7670 -0.5255 0.3681
vn 0.6816 -0.6596 0.3167
vn -0.1239 -0.4523 -0.8832
vn -0.4028 -0.5999 -0.6912
vn 0.3112 -0.5163 -0.7979
vn 0.4321 0.0037 -0.9018
vn -0.0582 0.1851 -0.9810
vn -0.4688 -0.6493 -0.5988
vn -0.3824 -0.7540 -0.5340
vn -0.1920 -0.9172 -0.3491
vn 0.2108 -0.8490 -0.4845
vn -0.1563 -0.7294 -0.6660
vn -0.2009 -0.9487 0.2441
vn 0.3634 -0.9313 0.0250
vn 0.4630 -0.6128 -0.6404
vn 0.6862 -0.4854 -0.5417
vn 0.9722 -0.1038 -0.2097
vn 0.6518 -0.5087 -0.5625
vn 0.3385 -0.9409 -0.0113
vn 0.7095 -0.6191 0.3366
vn 0.7325 0.3063 -0.6079
vn 0.4139 -0.0359 -0.9096
vn -0.1538 -0.4339 -0.8877
vn -0.3778 -0.6250 -0.6831
vn 0.2179 -0.5194 -0.8262
vn -0.0741 0.1578 -0.9847
vn -0.5658 -0.1950 -0.8011
vn -0.4656 -0.6670 -0.5816
vn -0.3955 -0.7448 -0.5374
vn -0.7290 -0.5331 -0.4293
vn -0.6070 -0.7899 -0.0863
vn -0.2128 -0.9071 -0.3631
vn 0.1905 -0.8487 -0.4933
vn -0.2227 -0.9484 0.2257
vn 0.4341 -0.6398 -0.6342
vn 0.0237 0.5415 -0.8404
vn -0.7505 0.2757 -0.6006
vn 0.9561 -0.1458 -0.2542
vn 0.7113 0.2801 -0.6447
vn -0.1433 -0.7814 0.6073
vn 0.7194 -0.5849 0.3745
vn -0.9768 -0.1965 -0.0847
vn -0.7681 -0.5459 0.3346
vn 0.0244 0.5368 -0.8433
vn -0.7483 0.3063 -0.5884
vn 0.9843 -0.0594 -0.1659
vn 0.7371 0.3475 -0.5796
vn -0.1559 -0.7813 0.6044
vn -0.9846 -0.1666 -0.0533
vn 0.0286 0.5535 -0.8323
vn -0.0914 -0.9870 -0.1323
vn 0.6242 -0.7811 -0.0128
vn -0.5857 -0.8018 -0.1183
vn -0.8292 -0.5527 -0.0829
vn -0.8269 -0.5060 -0.2455
vn 0.9416 -0.3308 0.0631
vn 0.9618 -0.2505 -0.1105
vn 0.0055 0.6823 0.7311
vn 0.5158 0.5883 0.6228
vn -0.7036 0.4698 0.5331
vn 0.0022 -0.7201 -0.6939
vn 0.7216 -0.5209 -0.4561
vn -0.5198 -0.6415 -0.5642
vn -0.9963 -0.0525 -0.0686
vn -0.9967 -0.0635 -0.0496
vn -0.9931 -0.0159 -0.1164
vn 0.9634 -0.1843 -0.1945
vn 0.9578 -0.2067 -0.1998
vn 0.9635 -0.1775 -0.2004
vn 0.8028 0.4147 0.4285
vn 0.9459 0.2386 0.2198
vn -0.7710 -0.5119 -0.3787
vn -0.8532 -0.4369 -0.2849
vn -0.9819 0.0996 0.1611
vn -0.9981 -0.0611 -0.0062
vn 0.9754 -0.1938 -0.1048
vn 0.9941 -0.1044 -0.0290
vn 0.9805 0.1537 -0.1227
vn 0.9825 0.1299 -0.1338
vn 0.9857 0.1520 -0.0726
vn -0.8161 -0.5044 -0.2822
vn -0.8135 -0.4911 -0.3115
vn -0.8070 -0.5042 -0.3076
vn 0.9804 0.1316 -0.1470
vn 0.9525 0.1636 -0.2568
vn -0.7582 -0.5318 -0.3772
vn -0.6590 -0.6050 -0.4468
vn -0.9807 0.0419 -0.1910
vn -0.9568 0.0906 -0.2761
vn 0.9382 -0.2557 -0.2333
vn 0.8895 -0.3435 -0.3013
vn 0.0800 0.9875 0.1356
vn -0.3700 0.9193 0.1340
vn 0.4579 0.8863 0.0695
vn -0.0841 -0.9574 -0.2764
vn -0.4242 -0.8690 -0.2548
vn 0.3393 -0.8928 -0.2963
vn 0.7635 0.6452 -0.0301
vn 0.9500 0.2871 -0.1226
vn -0.6404 -0.7331 -0.2290
vn -0.6360 -0.7451 -0.2008
vn -0.7833 0.6191 0.0572
vn -0.9772 0.1992 -0.0732
vn 0.6825 -0.6737 -0.2833
vn 0.7291 -0.6269 -0.2747
vn 0.9938 0.0051 -0.1109
vn 0.9749 0.0202 -0.2219
vn -0.4814 -0.8619 -0.1592
vn -0.4697 -0.8493 -0.2409
vn -0.9954 -0.0327 -0.0896
vn -0.9889 0.0095 -0.1483
vn 0.6304 -0.7345 -0.2511
vn 0.6956 -0.6610 -0.2816
vn -0.9944 -0.0811 -0.0672
vn -0.9955 -0.0708 -0.0629
vn 0.9790 -0.1499 -0.1380
vn 0.9697 -0.1631 -0.1817
vn -0.9967 -0.0697 -0.0406
vn -0.9969 -0.0715 -0.0328
vn 0.9644 -0.1614 -0.2095
vn 0.9621 -0.1613 -0.2199
vn -0.9969 -0.0662 -0.0414
vn 0.9627 -0.1725 -0.2086
vn 0.9858 0.1540 0.0663
vn 0.9915 0.1274 0.0264
vn -0.8081 -0.4627 -0.3645
vn -0.8117 -0.4516 -0.3704
vn 0.9932 0.1150 0.0204
vn 0.9929 0.1188 0.0087
vn -0.8164 -0.4441 -0.3691
vn -0.8145 -0.4509 -0.3650
vn 0.9907 0.1343 -0.0217
vn -0.8125 -0.4691 -0.3461
vn 0.9125 0.1298 -0.3880
vn -0.5285 -0.7281 -0.4365
vn -0.9517 0.0838 -0.2954
vn 0.7972 -0.4955 -0.3449
vn 0.8756 0.4828 -0.0128
vn 0.9039 0.4220 -0.0694
vn 0.9602 0.1917 -0.2030
vn 0.9662 0.2199 -0.1340
vn 0.5349 0.8411 0.0800
vn 0.5651 0.8241 0.0386
vn 0.8432 0.5302 0.0886
vn 0.4992 0.8515 0.1605
vn 0.9771 0.2110 -0.0264
vn -0.9098 0.3812 0.1638
vn -0.9088 0.3622 0.2071
vn -0.6237 0.6042 0.4959
vn -0.7428 0.5604 0.3664
vn -0.9704 0.2411 -0.0154
vn -0.9715 0.2350 0.0311
vn -0.8819 0.4611 0.0984
vn -0.9700 0.2406 -0.0338
vn -0.6093 0.7495 0.2588
vn -0.1496 0.7167 0.6811
vn -0.0867 -0.1592 0.9834
vn 0.6751 -0.2048 0.7087
vn 0.7680 0.4859 0.4171
vn -0.8889 0.3290 0.3187
vn -0.7047 -0.2234 0.6734
vn -0.1845 0.9555 -0.2303
vn -0.7552 0.6039 -0.2547
vn 0.6089 0.7436 -0.2762
vn 0.9871 0.1259 0.0991
vn 0.9869 0.1011 0.1252
vn 0.9999 -0.0061 0.0122
vn 0.9999 0.0070 -0.0095
vn 0.8536 0.4119 0.3189
vn 0.6664 0.5221 0.5322
vn 0.9710 0.2389 0.0008
vn 0.6306 0.7566 0.1727
vn 0.9962 0.0549 -0.0666
vn -0.7377 0.6701 0.0825
vn -0.7196 0.6888 0.0870
vn -0.4526 0.8787 0.1515
vn -0.4626 0.8734 0.1522
vn -0.9494 0.3120 -0.0342
vn -0.9431 0.3292 -0.0469
vn -0.8281 0.5604 -0.0162
vn -0.9515 0.3031 -0.0522
vn -0.5100 0.8554 0.0903
vn -0.7400 0.6697 0.0624
vn -0.7865 0.6154 0.0506
vn -0.5176 0.8476 0.1164
vn -0.4772 0.8689 0.1312
vn -0.9255 0.3542 -0.1339
vn -0.9277 0.3334 -0.1682
vn -0.0476 0.9872 0.1524
vn -0.0630 0.9888 0.1350
vn -0.0398 0.9816 0.1867
vn -0.0544 0.9781 0.2007
vn 0.4592 0.8658 0.1986
vn -0.0808 0.9831 0.1640
vn 0.4527 0.8775 0.1581
vn 0.8194 0.5580 0.1311
vn 0.9795 0.2014 -0.0011
vn 0.8679 0.4939 0.0512
vn 0.9792 0.2026 -0.0146
vn 0.9844 0.1263 0.1222
vn 0.9884 0.0875 0.1237
vn 0.9991 -0.0395 -0.0169
vn 0.9993 -0.0276 -0.0228
vn 0.6818 0.5083 0.5261
vn 0.6850 0.4972 0.5324
vn 0.9845 0.1167 0.1308
vn 0.6611 0.4877 0.5701
vn 0.9999 -0.0120 -0.0070
vn 0.9864 0.1024 0.1288
vn 0.9997 -0.0129 0.0181
vn 0.8430 0.3637 0.3964
vn 0.9863 0.0950 0.1348
vn 0.6722 0.5155 0.5313
vn 0.9995 -0.0139 0.0277
vn 0.9864 0.0971 0.1326
vn 0.9998 -0.0085 0.0196
vn 0.8535 0.3583 0.3783
vn -0.0412 0.6935 0.7192
vn -0.0293 0.6907 0.7225
vn -0.5644 0.5911 0.5762
vn -0.5435 0.5893 0.5977
vn -0.0696 0.6749 0.7346
vn -0.5939 0.5704 0.5674
vn -0.0941 0.7213 0.6862
vn -0.0646 -0.1775 0.9820
vn 0.6890 -0.2552 0.6783
vn 0.8073 0.4491 0.3828
vn -0.8699 0.3544 0.3429
vn -0.6881 -0.2162 0.6926
vn -0.1566 0.9572 -0.2435
vn -0.7371 0.6291 -0.2465
vn 0.6274 0.7094 -0.3212
vn -0.2022 0.7101 0.6744
vn -0.1079 -0.1574 0.9816
vn 0.6475 -0.1733 0.7420
vn 0.7246 0.5230 0.4488
vn -0.9051 0.3038 0.2974
vn -0.7063 -0.2473 0.6633
vn -0.2143 0.9484 -0.2338
vn -0.7613 0.5854 -0.2788
vn 0.5735 0.7793 -0.2523
vn -0.8608 0.3900 0.3268
vn -0.8550 0.3758 0.3574
vn -0.9627 0.2287 0.1443
vn -0.9546 0.2395 0.1770
vn -0.8840 0.3607 0.2973
vn -0.9703 0.2121 0.1166
vn -0.9010 0.3476 0.2594
vn -0.7171 0.5260 0.4572
vn -0.9732 0.2018 0.1100
vn -0.9039 0.3477 0.2489
vn -0.9734 0.2061 0.1003
vn -0.6121 0.6038 0.5106
vn -0.9048 0.3554 0.2346
vn -0.7302 0.5322 0.4284
vn -0.9726 0.2199 0.0750
vn -0.9611 0.2118 0.1769
vn -0.6980 0.5396 0.4706
vn -0.5185 0.1161 0.8471
vn -0.6641 -0.3117 0.6795
vn -0.7151 0.6124 -0.3369
vn -0.5664 0.8232 0.0382
vn -0.1545 0.3983 0.9041
vn -0.3738 0.6095 0.6991
vn -0.1612 0.7303 0.6638
vn -0.0725 -0.2018 0.9767
vn -0.5459 0.1180 0.8295
vn 0.1770 0.5212 0.8349
vn 0.3674 0.0287 0.9296
vn -0.4832 0.6854 0.5447
vn -0.4207 0.8145 0.3995
vn -0.7292 0.5166 0.4487
vn -0.5999 0.7993 0.0335
vn -0.1921 0.9670 0.1674
vn 0.2047 0.9228 0.3263
vn -0.1257 0.9728 0.1943
vn -0.2169 0.9360 -0.2770
vn 0.2849 0.9574 -0.0472
vn 0.4139 0.6958 0.5869
vn 0.6048 0.5717 0.5544
vn -0.1539 0.7758 -0.6118
vn -0.7338 0.5654 -0.3766
vn 0.6027 0.6956 -0.3910
vn -0.1127 0.4246 0.8983
vn -0.3855 0.5906 0.7089
vn -0.0520 -0.2311 0.9715
vn 0.2862 0.5257 0.8010
vn 0.4081 -0.0294 0.9125
vn -0.4590 0.6508 0.6048
vn -0.3689 0.7726 0.5166
vn -0.1772 0.9351 0.3067
vn 0.1832 0.8628 0.4710
vn -0.1425 0.7334 0.6647
vn -0.1817 0.9389 -0.2923
vn 0.3350 0.9374 -0.0953
vn 0.4299 0.6278 0.6489
vn 0.6769 0.5264 0.5144
vn 0.9767 0.1536 0.1497
vn 0.6425 0.5488 0.5347
vn 0.3143 0.9474 -0.0590
vn 0.6264 0.6621 -0.4113
vn 0.6913 -0.3368 0.6392
vn 0.3914 0.0108 0.9202
vn -0.1375 0.3959 0.9079
vn -0.3604 0.6080 0.7074
vn -0.0647 -0.2060 0.9764
vn -0.5358 0.1268 0.8347
vn 0.1963 0.5175 0.8329
vn -0.4563 0.6685 0.5872
vn -0.3818 0.7639 0.5202
vn -0.7156 0.5271 0.4583
vn -0.5862 0.8089 0.0449
vn -0.1962 0.9263 0.3216
vn 0.1628 0.8619 0.4801
vn -0.2012 0.9403 -0.2743
vn 0.4001 0.6551 0.6408
vn 0.0224 -0.5517 0.8337
vn -0.6768 -0.3254 0.6603
vn 0.9613 0.1990 0.1904
vn 0.6748 -0.3087 0.6703
vn -0.1305 0.7797 -0.6124
vn 0.6341 0.6319 -0.4457
vn -0.9722 0.1812 0.1484
vn -0.7305 0.5860 -0.3507
vn 0.0221 -0.5473 0.8366
vn -0.6751 -0.3516 0.6485
vn 0.9884 0.1079 0.1066
vn 0.6946 -0.3773 0.6125
vn -0.1426 0.7806 -0.6085
vn -0.9811 0.1505 0.1216
vn 0.0255 -0.5629 0.8261
vn -0.0873 0.9871 0.1340
vn 0.5952 0.8031 0.0289
vn -0.5583 0.8204 0.1229
vn -0.8352 0.5457 0.0682
vn -0.9599 0.2752 -0.0533
vn 0.9360 0.3474 -0.0564
vn 0.9817 0.1292 -0.1398
vn -0.8843 -0.4667 0.0143
vn -0.8752 -0.4680 -0.1221
vn -0.9256 -0.3544 -0.1328
vn -0.9106 -0.4066 0.0735
vn -0.8523 -0.5155 -0.0888
vn -0.8085 -0.5650 -0.1643
vn -0.5791 -0.8127 -0.0648
vn -0.5497 -0.8215 -0.1515
vn -0.6005 -0.7993 -0.0207
vn 0.9038 -0.3898 -0.1765
vn 0.7502 -0.5531 -0.3623
vn 0.6351 -0.5973 -0.4897
vn 0.9018 -0.3724 -0.2191
vn 0.8777 -0.4657 -0.1132
vn 0.6273 -0.7329 -0.2632
vn 0.8769 -0.4341 -0.2064
vn 0.8698 -0.4473 -0.2080
vn 0.8733 -0.4227 -0.2419
vn -0.7614 -0.4000 -0.5101
vn -0.8603 -0.3692 -0.3514
vn -0.7628 0.2383 -0.6010
vn 0.1185 0.1884 -0.9749
vn 0.1503 -0.9526 0.2646
vn -0.7418 -0.6185 0.2592
vn 0.9136 -0.3527 -0.2023
vn 0.9486 -0.2577 -0.1835
vn 0.8175 -0.4958 0.2930
vn 0.8126 0.2236 -0.5382
vn -0.9894 -0.1113 -0.0934
vn -0.9825 -0.1310 -0.1323
vn -0.9824 -0.1191 -0.1437
vn -0.9888 -0.0894 -0.1194
vn -0.9753 -0.2208 0.0042
vn -0.9780 -0.1737 -0.1156
vn -0.8763 -0.3763 -0.3006
vn -0.6568 -0.7370 -0.1598
vn -0.6851 -0.5061 -0.5239
vn 0.7040 -0.7015 -0.1109
vn 0.4933 -0.8551 -0.1596
vn 0.4903 -0.8594 -0.1446
vn 0.7024 -0.7053 -0.0959
vn 0.6663 -0.7240 -0.1785
vn 0.4791 -0.8507 -0.2162
vn 0.6308 -0.7654 -0.1275
vn 0.6448 -0.7505 -0.1446
vn 0.6301 -0.7645 -0.1357
vn 0.7248 -0.6843 -0.0796
vn 0.5119 -0.8502 -0.1228
vn 0.5477 -0.8297 -0.1078
vn 0.7752 -0.6276 -0.0716
vn 0.6738 -0.7132 -0.1931
vn 0.7373 -0.6096 -0.2910
vn 0.0471 -0.9878 -0.1481
vn 0.0637 -0.9894 -0.1301
vn 0.0392 -0.9821 -0.1840
vn 0.0567 -0.9765 -0.2076
vn -0.5041 -0.8391 -0.2045
vn 0.0800 -0.9651 -0.2495
vn -0.4371 -0.8594 -0.2651
vn -0.8165 -0.5566 -0.1531
vn -0.7591 -0.6204 -0.1970
vn -0.7423 -0.6259 -0.2391
vn -0.7474 -0.6270 -0.2197
vn -0.9857 -0.1254 -0.1123
vn -0.9905 -0.1036 -0.0896
vn -0.9938 -0.0966 -0.0553
vn -0.9832 -0.1571 -0.0932
vn -0.9864 -0.1089 -0.1231
vn -0.9862 -0.1112 -0.1228
vn -0.7032 -0.4971 -0.5083
vn -0.6801 -0.4766 -0.5570
vn -0.6973 -0.5237 -0.4894
vn -0.9880 -0.0937 -0.1227
vn -0.9825 -0.1088 -0.1507
vn -0.9880 -0.0860 -0.1283
vn -0.9813 -0.1075 -0.1595
vn -0.8638 -0.3364 -0.3750
vn -0.6915 -0.5008 -0.5205
vn -0.9882 -0.0876 -0.1257
vn -0.9818 -0.1159 -0.1505
vn -0.8739 -0.3302 -0.3568
vn 0.0419 -0.6964 -0.7164
vn 0.0252 -0.7122 -0.7015
vn 0.0724 -0.6783 -0.7312
vn 0.5842 -0.5860 -0.5614
vn 0.6119 -0.5654 -0.5530
vn 0.5481 -0.6190 -0.5624
vn -0.8179 -0.3473 -0.4587
vn -0.8972 -0.3189 -0.3053
vn -0.7727 0.2883 -0.5654
vn 0.0911 0.2073 -0.9740
vn 0.1155 -0.9532 0.2793
vn -0.7573 -0.5765 0.3066
vn 0.8988 -0.3755 -0.2263
vn 0.9339 -0.2868 -0.2135
vn 0.8038 -0.5270 0.2761
vn 0.7982 0.2080 -0.5654
vn -0.6975 -0.4461 -0.5608
vn -0.8159 -0.4224 -0.3949
vn -0.7358 0.2084 -0.6442
vn 0.1465 0.1898 -0.9708
vn 0.1886 -0.9437 0.2717
vn -0.7068 -0.6673 0.2346
vn 0.9262 -0.3337 -0.1755
vn 0.9604 -0.2303 -0.1564
vn 0.8165 -0.4755 0.3274
vn 0.8108 0.2573 -0.5257
vn 0.8539 -0.4033 -0.3289
vn 0.8126 -0.4672 -0.3484
vn 0.8791 -0.3684 -0.3024
vn 0.8603 -0.4056 -0.3089
vn 0.8694 -0.3892 -0.3044
vn 0.8571 -0.4166 -0.3030
vn 0.8949 -0.3565 -0.2682
vn 0.7257 -0.5202 -0.4502
vn 0.8970 -0.3583 -0.2587
vn 0.6237 -0.5974 -0.5040
vn 0.8737 -0.3822 -0.3008
vn 0.8724 -0.3892 -0.2956
vn 0.8976 -0.3662 -0.2454
vn 0.7368 -0.5281 -0.4220
vn 0.8714 -0.4050 -0.2769
vn 0.9666 -0.2286 -0.1159
vn 0.7368 0.2592 -0.6244
vn 0.5468 -0.1841 -0.8168
vn 0.7111 -0.5461 -0.4428
vn 0.7538 -0.5752 0.3175
vn 0.5862 -0.8061 -0.0808
vn 0.1734 -0.4368 -0.8827
vn 0.1767 -0.7260 -0.6646
vn 0.3912 -0.6265 -0.6741
vn -0.1954 -0.5219 -0.8303
vn 0.0837 0.1525 -0.9847
vn -0.3838 -0.0525 -0.9219
vn 0.5766 -0.1886 -0.7949
vn 0.4915 -0.6821 -0.5413
vn 0.4349 -0.7966 -0.4198
vn 0.7423 -0.5232 -0.4186
vn 0.6199 -0.7819 -0.0660
vn 0.2054 -0.9588 -0.1964
vn 0.1348 -0.9687 -0.2085
vn -0.2389 -0.9128 -0.3312
vn 0.2349 -0.9409 0.2440
vn -0.3065 -0.9518 -0.0121
vn -0.4483 -0.6759 -0.5849
vn -0.6122 -0.5321 -0.5849
vn 0.1671 -0.7732 0.6117
vn 0.7670 -0.5255 0.3681
vn -0.6816 -0.6596 0.3167
vn 0.1239 -0.4523 -0.8832
vn 0.4028 -0.5999 -0.6912
vn -0.3112 -0.5163 -0.7979
vn 0.0582 0.1851 -0.9810
vn -0.4321 0.0037 -0.9018
vn 0.4688 -0.6493 -0.5988
vn 0.3824 -0.7540 -0.5340
vn 0.1920 -0.9172 -0.3491
vn 0.1563 -0.7294 -0.6660
vn -0.2108 -0.8490 -0.4845
vn 0.2009 -0.9487 0.2441
vn -0.3634 -0.9313 0.0250
vn -0.4630 -0.6128 -0.6404
vn -0.6862 -0.4854 -0.5417
vn -0.9722 -0.1038 -0.2097
vn -0.7095 -0.6191 0.3366
vn -0.3385 -0.9409 -0.0113
vn -0.6518 -0.5087 -0.5625
vn -0.7325 0.3063 -0.6079
vn -0.4139 -0.0359 -0.9096
vn 0.1538 -0.4339 -0.8877
vn 0.3778 -0.6250 -0.6831
vn -0.2179 -0.5194 -0.8263
vn 0.0741 0.1578 -0.9847
vn 0.5658 -0.1950 -0.8011
vn 0.4656 -0.6670 -0.5816
vn 0.3955 -0.7448 -0.5374
vn 0.7290 -0.5331 -0.4293
vn 0.6070 -0.7899 -0.0863
vn 0.2128 -0.9071 -0.3631
vn -0.1905 -0.8487 -0.4933
vn 0.2227 -0.9484 0.2257
vn -0.4341 -0.6398 -0.6342
vn -0.0237 0.5415 -0.8404
vn 0.7505 0.2757 -0.6006
vn -0.9561 -0.1458 -0.2542
vn -0.7113 0.2801 -0.6447
vn 0.1433 -0.7814 0.6073
vn -0.7194 -0.5849 0.3745
vn 0.9768 -0.1965 -0.0847
vn 0.7681 -0.5459 0.3346
vn -0.0244 0.5368 -0.8433
vn 0.7483 0.3063 -0.5884
vn -0.9843 -0.0594 -0.1659
vn -0.7371 0.3475 -0.5796
vn 0.1559 -0.7813 0.6044
vn 0.9846 -0.1666 -0.0533
vn -0.0286 0.5535 -0.8323
vn 0.0914 -0.9870 -0.1323
vn -0.6242 -0.7811 -0.0128
vn 0.5857 -0.8018 -0.1183
vn 0.8292 -0.5527 -0.0829
vn 0.8268 -0.5060 -0.2455
vn -0.9416 -0.3308 0.0631
vn -0.9618 -0.2505 -0.1105
vn -0.0055 0.6823 0.7310
vn -0.5158 0.5883 0.6228
vn 0.7036 0.4698 0.5331
vn -0.0022 -0.7201 -0.6939
vn -0.7216 -0.5209 -0.4561
vn 0.5198 -0.6415 -0.5642
vn 0.9963 -0.0525 -0.0686
vn 0.9967 -0.0635 -0.0496
vn 0.9931 -0.0159 -0.1164
vn -0.9634 -0.1843 -0.1945
vn -0.9578 -0.2067 -0.1998
vn -0.9635 -0.1775 -0.2004
vn -0.8028 0.4147 0.4285
vn -0.9459 0.2386 0.2198
vn 0.7710 -0.5119 -0.3787
vn 0.8532 -0.4369 -0.2849
vn 0.9819 0.0996 0.1611
vn 0.9981 -0.0611 -0.0062
vn -0.9754 -0.1938 -0.1048
vn -0.9941 -0.1044 -0.0290
vn -0.9805 0.1537 -0.1227
vn -0.9825 0.1299 -0.1338
vn -0.9857 0.1520 -0.0726
vn 0.8161 -0.5044 -0.2822
vn 0.8135 -0.4911 -0.3115
vn 0.8070 -0.5042 -0.3076
vn -0.9804 0.1316 -0.1470
vn -0.9525 0.1636 -0.2568
vn 0.7582 -0.5318 -0.3772
vn 0.6590 -0.6050 -0.4468
vn 0.9807 0.0419 -0.1910
vn 0.9568 0.0906 -0.2761
vn -0.9382 -0.2557 -0.2333
vn -0.8895 -0.3435 -0.3013
vn -0.0800 0.9875 0.1356
vn 0.3700 0.9193 0.1340
vn -0.4579 0.8863 0.0695
vn 0.0841 -0.9574 -0.2764
vn 0.4242 -0.8690 -0.2548
vn -0.3393 -0.8928 -0.2963
vn -0.7635 0.6452 -0.0301
vn -0.9500 0.2871 -0.1226
vn 0.6404 -0.7331 -0.2290
vn 0.6361 -0.7451 -0.2008
vn 0.7833 0.6191 0.0572
vn 0.9772 0.1992 -0.0732
vn -0.6825 -0.6737 -0.2833
vn -0.7291 -0.6269 -0.2747
vn -0.9938 0.0051 -0.1109
vn -0.9749 0.0202 -0.2219
vn 0.4814 -0.8619 -0.1592
vn 0.4697 -0.8493 -0.2409
vn 0.9954 -0.0327 -0.0896
vn 0.9889 0.0095 -0.1482
vn -0.6304 -0.7345 -0.2511
vn -0.6956 -0.6610 -0.2816
vn 0.9944 -0.0811 -0.0672
vn 0.9955 -0.0708 -0.0629
vn -0.9790 -0.1499 -0.1380
vn -0.9697 -0.1631 -0.1817
vn 0.9967 -0.0697 -0.0406
vn 0.9969 -0.0715 -0.0328
vn -0.9644 -0.1614 -0.2095
vn -0.9621 -0.1613 -0.2199
vn 0.9969 -0.0662 -0.0414
vn -0.9627 -0.1725 -0.2086
vn -0.9858 0.1540 0.0663
vn -0.9915 0.1274 0.0264
vn 0.8081 -0.4627 -0.3645
vn 0.8117 -0.4517 -0.3704
vn -0.9932 0.1150 0.0204
vn -0.9929 0.1188 0.0087
vn 0.8164 -0.4441 -0.3691
vn 0.8145 -0.4509 -0.3650
vn -0.9907 0.1343 -0.0217
vn 0.8125 -0.4691 -0.3461
vn -0.9125 0.1298 -0.3880
vn 0.5285 -0.7281 -0.4365
vn 0.9517 0.0838 -0.2954
vn -0.7972 -0.4955 -0.3449
usemtl Material.005
s 1
f 1/1/1 206/2/2 385/3/3 210/4/4
f 1/1/1 210/4/4 384/5/5 125/6/6
f 1/1/1 125/6/6 340/7/7 123/8/8
f 1/1/1 123/8/8 342/9/9 206/2/2
f 2/10/10 141/11/11 353/12/12 155/13/13
f 2/10/10 155/13/13 352/14/14 118/15/15
f 2/10/10 118/15/15 337/16/16 116/17/17
f 2/10/10 116/17/17 335/18/18 141/11/11
f 3/19/19 191/20/20 380/21/21 188/22/22
f 3/19/19 188/22/22 379/23/23 189/24/24
f 3/19/19 189/24/24 381/25/25 190/26/26
f 3/19/19 190/26/26 382/27/27 191/20/20
f 4/28/28 112/29/29 349/30/30 149/31/31
f 4/28/28 149/31/31 356/32/32 144/33/33
f 4/28/28 144/33/33 336/34/34 117/35/35
f 4/28/28 117/35/35 338/36/36 112/29/29
f 5/37/37 132/38/38 339/39/39 122/40/40
f 5/37/37 122/40/40 341/41/41 131/42/42
f 5/37/37 131/42/42 345/43/43 129/44/44
f 5/37/37 129/44/44 343/45/45 132/38/38
f 6/46/46 207/47/47 386/48/48 209/49/49
f 6/46/46 209/49/49 383/50/50 204/51/51
f 6/46/46 204/51/51 341/41/41 122/40/40
f 6/46/46 122/40/40 339/39/39 207/47/47
f 7/52/52 125/53/6 384/54/5 208/55/53
f 7/52/52 208/55/53 386/56/48 207/57/47
f 7/52/52 207/57/47 339/58/39 121/59/54
f 7/52/52 121/59/54 340/60/7 125/53/6
f 8/61/55 133/62/56 340/60/7 121/59/54
f 8/61/55 121/59/54 339/58/39 132/63/38
f 8/61/55 132/63/38 343/64/45 128/65/57
f 8/61/55 128/65/57 344/66/58 133/62/56
f 9/67/59 134/68/60 342/9/9 123/8/8
f 9/67/59 123/8/8 340/7/7 133/69/56
f 9/67/59 133/69/56 344/70/58 130/71/61
f 9/67/59 130/71/61 346/72/62 134/68/60
f 10/73/63 135/74/64 334/75/65 114/76/66
f 10/73/63 114/76/66 332/77/67 120/78/68
f 10/73/63 120/78/68 358/79/69 147/80/70
f 10/73/63 147/80/70 347/81/71 135/74/64
f 11/82/72 136/83/73 347/81/71 147/80/70
f 11/82/72 147/80/70 358/79/69 146/84/74
f 11/82/72 146/84/74 357/85/75 148/86/76
f 11/82/72 148/86/76 348/87/77 136/83/73
f 12/88/78 137/89/79 348/87/77 148/86/76
f 12/88/78 148/86/76 357/85/75 145/90/80
f 12/88/78 145/90/80 356/32/32 149/31/31
f 12/88/78 149/31/31 349/30/30 137/89/79
f 13/91/81 120/92/68 332/93/67 111/94/82
f 13/91/81 111/94/82 331/95/83 119/96/84
f 13/91/81 119/96/84 355/97/85 150/98/86
f 13/91/81 150/98/86 358/99/69 120/92/68
f 14/100/87 187/101/88 376/102/89 184/103/90
f 14/100/87 184/103/90 375/104/91 185/105/92
f 14/100/87 185/105/92 377/106/93 186/107/94
f 14/100/87 186/107/94 378/108/95 187/101/88
f 15/109/96 183/110/97 372/111/98 180/112/99
f 15/109/96 180/112/99 371/113/100 181/114/101
f 15/109/96 181/114/101 373/115/102 182/116/103
f 15/109/96 182/116/103 374/117/104 183/110/97
f 16/118/105 119/119/84 331/120/83 113/121/106
f 16/118/105 113/121/106 333/122/107 138/123/108
f 16/118/105 138/123/108 350/124/109 153/125/110
f 16/118/105 153/125/110 355/126/85 119/119/84
f 17/127/111 143/128/112 355/126/85 153/125/110
f 17/127/111 153/125/110 350/124/109 139/129/113
f 17/127/111 139/129/113 351/130/114 154/131/115
f 17/127/111 154/131/115 354/132/116 143/128/112
f 18/133/117 142/134/118 354/132/116 154/131/115
f 18/133/117 154/131/115 351/130/114 140/135/119
f 18/133/117 140/135/119 352/14/14 155/13/13
f 18/133/117 155/13/13 353/12/12 142/134/118
f 19/136/120 197/137/121 364/138/122 165/139/123
f 19/136/120 165/139/123 365/140/124 196/141/125
f 19/136/120 196/141/125 377/142/93 185/143/92
f 19/136/120 185/143/92 375/144/91 197/137/121
f 20/145/126 152/146/127 353/147/12 160/148/128
f 20/145/126 160/148/128 360/149/129 156/150/130
f 20/145/126 156/150/130 359/151/131 161/152/132
f 20/145/126 161/152/132 356/153/32 152/146/127
f 21/154/133 141/155/11 335/156/18 162/157/134
f 21/154/133 162/157/134 361/158/135 157/159/136
f 21/154/133 157/159/136 360/149/129 160/148/128
f 21/154/133 160/148/128 353/147/12 141/155/11
f 22/160/137 115/161/138 336/162/34 163/163/139
f 22/160/137 163/163/139 362/164/140 158/165/141
f 22/160/137 158/165/141 361/158/135 162/157/134
f 22/160/137 162/157/134 335/156/18 115/161/138
f 23/166/142 144/167/33 356/153/32 161/152/132
f 23/166/142 161/152/132 359/151/131 159/168/143
f 23/166/142 159/168/143 362/164/140 163/163/139
f 23/166/142 163/163/139 336/162/34 144/167/33
f 24/169/144 195/170/145 361/171/135 158/172/141
f 24/169/144 158/172/141 362/173/140 194/174/146
f 24/169/144 194/174/146 374/175/104 182/176/103
f 24/169/144 182/176/103 373/177/102 195/170/145
f 25/178/147 150/98/86 355/97/85 168/179/148
f 25/178/147 168/179/148 364/180/122 164/181/149
f 25/178/147 164/181/149 363/182/150 169/183/151
f 25/178/147 169/183/151 358/99/69 150/98/86
f 26/184/152 143/185/112 354/186/116 170/187/153
f 26/184/152 170/187/153 365/188/124 165/189/123
f 26/184/152 165/189/123 364/180/122 168/179/148
f 26/184/152 168/179/148 355/97/85 143/185/112
f 27/190/154 151/191/155 357/192/75 171/193/156
f 27/190/154 171/193/156 366/194/157 166/195/158
f 27/190/154 166/195/158 365/188/124 170/187/153
f 27/190/154 170/187/153 354/186/116 151/191/155
f 28/196/159 146/197/74 358/99/69 169/183/151
f 28/196/159 169/183/151 363/182/150 167/198/160
f 28/196/159 167/198/160 366/194/157 171/193/156
f 28/196/159 171/193/156 357/192/75 146/197/74
f 29/199/161 193/200/162 370/201/163 175/202/164
f 29/199/161 175/202/164 367/203/165 192/204/166
f 29/199/161 192/204/166 380/205/21 191/206/20
f 29/199/161 191/206/20 382/207/27 193/200/162
f 30/208/167 151/191/155 354/186/116 176/209/168
f 30/208/167 176/209/168 368/210/169 172/211/170
f 30/208/167 172/211/170 367/212/165 177/213/171
f 30/208/167 177/213/171 357/192/75 151/191/155
f 31/214/172 142/215/118 353/147/12 178/216/173
f 31/214/172 178/216/173 369/217/174 173/218/175
f 31/214/172 173/218/175 368/210/169 176/209/168
f 31/214/172 176/209/168 354/186/116 142/215/118
f 32/219/176 152/146/127 356/153/32 179/220/177
f 32/219/176 179/220/177 370/221/163 174/222/178
f 32/219/176 174/222/178 369/217/174 178/216/173
f 32/219/176 178/216/173 353/147/12 152/146/127
f 33/223/179 145/224/80 357/192/75 177/213/171
f 33/223/179 177/213/171 367/212/165 175/225/164
f 33/223/179 175/225/164 370/221/163 179/220/177
f 33/223/179 179/220/177 356/153/32 145/224/80
f 34/226/180 192/227/166 367/228/165 172/229/170
f 34/226/180 172/229/170 368/230/169 198/231/181
f 34/226/180 198/231/181 379/232/23 188/233/22
f 34/226/180 188/233/22 380/234/21 192/227/166
f 35/235/182 194/236/146 362/237/140 159/238/143
f 35/235/182 159/238/143 359/239/131 199/240/183
f 35/235/182 199/240/183 372/241/98 183/242/97
f 35/235/182 183/242/97 374/243/104 194/236/146
f 36/244/184 196/245/125 365/246/124 166/247/158
f 36/244/184 166/247/158 366/248/157 200/249/185
f 36/244/184 200/249/185 378/250/95 186/251/94
f 36/244/184 186/251/94 377/252/93 196/245/125
f 37/253/186 198/254/181 368/255/169 173/256/175
f 37/253/186 173/256/175 369/257/174 201/258/187
f 37/253/186 201/258/187 381/259/25 189/260/24
f 37/253/186 189/260/24 379/261/23 198/254/181
f 38/262/188 199/263/183 359/264/131 156/265/130
f 38/262/188 156/265/130 360/266/129 202/267/189
f 38/262/188 202/267/189 371/268/100 180/269/99
f 38/262/188 180/269/99 372/270/98 199/263/183
f 39/271/190 200/272/185 366/273/157 167/274/160
f 39/271/190 167/274/160 363/275/150 203/276/191
f 39/271/190 203/276/191 376/277/89 187/278/88
f 39/271/190 187/278/88 378/279/95 200/272/185
f 40/280/192 201/281/187 369/282/174 174/283/178
f 40/280/192 174/283/178 370/284/163 193/285/162
f 40/280/192 193/285/162 382/286/27 190/287/26
f 40/280/192 190/287/26 381/288/25 201/281/187
f 41/289/193 202/290/189 360/291/129 157/292/136
f 41/289/193 157/292/136 361/293/135 195/294/145
f 41/289/193 195/294/145 373/295/102 181/296/101
f 41/289/193 181/296/101 371/297/100 202/290/189
f 42/298/194 203/299/191 363/300/150 164/301/149
f 42/298/194 164/301/149 364/302/122 197/303/121
f 42/298/194 197/303/121 375/304/91 184/305/90
f 42/298/194 184/305/90 376/306/89 203/299/191
f 43/307/195 205/308/196 336/162/34 115/161/138
f 43/307/195 115/161/138 335/156/18 127/309/197
f 43/307/195 127/309/197 386/56/48 208/55/53
f 43/307/195 208/55/53 384/54/5 205/308/196
f 44/310/198 127/311/197 335/18/18 116/17/17
f 44/310/198 116/17/17 337/16/16 124/312/199
f 44/310/198 124/312/199 383/50/50 209/49/49
f 44/310/198 209/49/49 386/48/48 127/311/197
f 45/313/200 126/314/201 338/36/36 117/35/35
f 45/313/200 117/35/35 336/34/34 205/315/196
f 45/313/200 205/315/196 384/5/5 210/4/4
f 45/313/200 210/4/4 385/3/3 126/314/201
f 46/316/202 310/317/203 441/318/204 306/319/205
f 46/316/202 306/319/205 398/320/206 223/321/207
f 46/316/202 223/321/207 396/322/208 225/323/209
f 46/316/202 225/323/209 440/324/210 310/317/203
f 47/325/211 255/326/212 409/327/213 241/328/214
f 47/325/211 241/328/214 391/329/215 216/330/216
f 47/325/211 216/330/216 393/331/217 218/332/218
f 47/325/211 218/332/218 408/333/219 255/326/212
f 48/334/220 288/335/221 436/336/222 291/337/223
f 48/334/220 291/337/223 438/338/224 290/339/225
f 48/334/226 290/339/225 437/340/227 289/341/228
f 48/334/226 289/341/228 435/342/229 288/335/221
f 49/343/230 249/344/231 405/345/232 212/346/233
f 49/343/230 212/346/233 394/347/234 217/348/235
f 49/343/230 217/348/235 392/349/236 244/350/237
f 49/343/230 244/350/237 412/351/238 249/344/231
f 50/352/239 222/353/240 395/354/241 232/355/242
f 50/352/239 232/355/242 399/356/243 229/357/244
f 50/352/239 229/357/244 401/358/245 231/359/246
f 50/352/239 231/359/246 397/360/247 222/353/240
f 51/361/248 309/362/249 442/363/250 307/364/251
f 51/361/248 307/364/251 395/354/241 222/353/240
f 51/361/248 222/353/240 397/360/247 304/365/252
f 51/361/248 304/365/252 439/366/253 309/362/249
f 52/367/254 308/368/255 440/369/210 225/370/209
f 52/367/254 225/370/209 396/371/208 221/372/256
f 52/367/254 221/372/256 395/373/241 307/374/251
f 52/367/254 307/374/251 442/375/250 308/368/255
f 53/376/257 221/372/256 396/371/208 233/377/258
f 53/376/257 233/377/258 400/378/259 228/379/260
f 53/376/257 228/379/260 399/380/243 232/381/242
f 53/376/257 232/381/242 395/373/241 221/372/256
f 54/382/261 223/321/207 398/320/206 234/383/262
f 54/382/261 234/383/262 402/384/263 230/385/264
f 54/382/261 230/385/264 400/386/259 233/387/258
f 54/382/261 233/387/258 396/322/208 223/321/207
f 55/388/265 214/389/266 390/390/267 235/391/268
f 55/388/265 235/391/268 403/392/269 247/393/270
f 55/388/265 247/393/270 414/394/271 220/395/272
f 55/388/265 220/395/272 388/396/273 214/389/266
f 56/397/274 247/393/270 403/392/269 236/398/275
f 56/397/274 236/398/275 404/399/276 248/400/277
f 56/397/274 248/400/277 413/401/278 246/402/279
f 56/397/274 246/402/279 414/394/271 247/393/270
f 57/403/280 248/400/277 404/399/276 237/404/281
f 57/403/280 237/404/281 405/345/232 249/344/231
f 57/403/280 249/344/231 412/351/238 245/405/282
f 57/403/280 245/405/282 413/401/278 248/400/277
f 58/406/283 211/407/284 388/408/273 220/409/272
f 58/406/283 220/409/272 414/410/271 250/411/285
f 58/406/283 250/411/285 411/412/286 219/413/287
f 58/406/283 219/413/287 387/414/288 211/407/284
f 59/415/289 284/416/290 432/417/291 287/418/292
f 59/415/289 287/418/292 434/419/293 286/420/294
f 59/415/295 286/420/294 433/421/296 285/422/297
f 59/415/295 285/422/297 431/423/298 284/416/290
f 60/424/299 280/425/300 428/426/301 283/427/302
f 60/424/299 283/427/302 430/428/303 282/429/304
f 60/424/305 282/429/304 429/430/306 281/431/307
f 60/424/305 281/431/307 427/432/308 280/425/300
f 61/433/309 213/434/310 387/435/288 219/436/287
f 61/433/309 219/436/287 411/437/286 253/438/311
f 61/433/309 253/438/311 406/439/312 238/440/313
f 61/433/309 238/440/313 389/441/314 213/434/310
f 62/442/315 253/438/311 411/437/286 243/443/316
f 62/442/315 243/443/316 410/444/317 254/445/318
f 62/442/315 254/445/318 407/446/319 239/447/320
f 62/442/315 239/447/320 406/439/312 253/438/311
f 63/448/321 254/445/318 410/444/317 242/449/322
f 63/448/321 242/449/322 409/327/213 255/326/212
f 63/448/321 255/326/212 408/333/219 240/450/323
f 63/448/321 240/450/323 407/446/319 254/445/318
f 64/451/324 265/452/325 420/453/326 297/454/327
f 64/451/324 297/454/327 431/455/298 285/456/297
f 64/451/324 285/456/297 433/457/296 296/458/328
f 64/451/324 296/458/328 421/459/329 265/452/325
f 65/460/330 260/461/331 409/462/213 252/463/332
f 65/460/330 252/463/332 412/464/238 261/465/333
f 65/460/330 261/465/333 415/466/334 256/467/335
f 65/460/330 256/467/335 416/468/336 260/461/331
f 66/469/337 262/470/338 391/471/215 241/472/214
f 66/469/337 241/472/214 409/462/213 260/461/331
f 66/469/337 260/461/331 416/468/336 257/473/339
f 66/469/337 257/473/339 417/474/340 262/470/338
f 67/475/341 263/476/342 392/477/236 215/478/343
f 67/475/341 215/478/343 391/471/215 262/470/338
f 67/475/341 262/470/338 417/474/340 258/479/344
f 67/475/341 258/479/344 418/480/345 263/476/342
f 68/481/346 261/465/333 412/464/238 244/482/237
f 68/481/346 244/482/237 392/477/236 263/476/342
f 68/481/346 263/476/342 418/480/345 259/483/347
f 68/481/346 259/483/347 415/466/334 261/465/333
f 69/484/348 258/485/344 417/486/340 295/487/349
f 69/484/348 295/487/349 429/488/306 282/489/304
f 69/484/348 282/489/304 430/490/303 294/491/350
f 69/484/348 294/491/350 418/492/345 258/485/344
f 70/493/351 268/494/352 411/412/286 250/411/285
f 70/493/351 250/411/285 414/410/271 269/495/353
f 70/493/351 269/495/353 419/496/354 264/497/355
f 70/493/351 264/497/355 420/498/326 268/494/352
f 71/499/356 270/500/357 410/501/317 243/502/316
f 71/499/356 243/502/316 411/412/286 268/494/352
f 71/499/356 268/494/352 420/498/326 265/503/325
f 71/499/356 265/503/325 421/504/329 270/500/357
f 72/505/358 271/506/359 413/507/278 251/508/360
f 72/505/358 251/508/360 410/501/317 270/500/357
f 72/505/358 270/500/357 421/504/329 266/509/361
f 72/505/358 266/509/361 422/510/362 271/506/359
f 73/511/363 269/495/353 414/410/271 246/512/279
f 73/511/363 246/512/279 413/507/278 271/506/359
f 73/511/363 271/506/359 422/510/362 267/513/364
f 73/511/363 267/513/364 419/496/354 269/495/353
f 74/514/365 275/515/366 426/516/367 293/517/368
f 74/514/365 293/517/368 438/518/224 291/519/223
f 74/514/365 291/519/223 436/520/222 292/521/369
f 74/514/365 292/521/369 423/522/370 275/515/366
f 75/523/371 276/524/372 410/501/317 251/508/360
f 75/523/371 251/508/360 413/507/278 277/525/373
f 75/523/371 277/525/373 423/526/370 272/527/374
f 75/523/371 272/527/374 424/528/375 276/524/372
f 76/529/376 278/530/377 409/462/213 242/531/322
f 76/529/376 242/531/322 410/501/317 276/524/372
f 76/529/376 276/524/372 424/528/375 273/532/378
f 76/529/376 273/532/378 425/533/379 278/530/377
f 77/534/380 279/535/381 412/464/238 252/463/332
f 77/534/380 252/463/332 409/462/213 278/530/377
f 77/534/380 278/530/377 425/533/379 274/536/382
f 77/534/380 274/536/382 426/537/367 279/535/381
f 78/538/383 277/525/373 413/507/278 245/539/282
f 78/538/383 245/539/282 412/464/238 279/535/381
f 78/538/383 279/535/381 426/537/367 275/540/366
f 78/538/383 275/540/366 423/526/370 277/525/373
f 79/541/384 272/542/374 423/543/370 292/544/369
f 79/541/384 292/544/369 436/545/222 288/546/221
f 79/541/384 288/546/221 435/547/229 298/548/385
f 79/541/384 298/548/385 424/549/375 272/542/374
f 80/550/386 259/551/347 418/552/345 294/553/350
f 80/550/386 294/553/350 430/554/303 283/555/302
f 80/550/386 283/555/302 428/556/301 299/557/387
f 80/550/386 299/557/387 415/558/334 259/551/347
f 81/559/388 266/560/361 421/561/329 296/562/328
f 81/559/388 296/562/328 433/563/296 286/564/294
f 81/559/388 286/564/294 434/565/293 300/566/389
f 81/559/388 300/566/389 422/567/362 266/560/361
f 82/568/390 273/569/378 424/570/375 298/571/385
f 82/568/390 298/571/385 435/572/229 289/573/228
f 82/568/390 289/573/228 437/574/227 301/575/391
f 82/568/390 301/575/391 425/576/379 273/569/378
f 83/577/392 256/578/335 415/579/334 299/580/387
f 83/577/392 299/580/387 428/581/301 280/582/300
f 83/577/392 280/582/300 427/583/308 302/584/393
f 83/577/392 302/584/393 416/585/336 256/578/335
f 84/586/394 267/587/364 422/588/362 300/589/389
f 84/586/394 300/589/389 434/590/293 287/591/292
f 84/586/394 287/591/292 432/592/291 303/593/395
f 84/586/394 303/593/395 419/594/354 267/587/364
f 85/595/396 274/596/382 425/597/379 301/598/391
f 85/595/396 301/598/391 437/599/227 290/600/225
f 85/595/396 290/600/225 438/601/224 293/602/368
f 85/595/396 293/602/368 426/603/367 274/596/382
f 86/604/397 257/605/339 416/606/336 302/607/393
f 86/604/397 302/607/393 427/608/308 281/609/307
f 86/604/397 281/609/307 429/610/306 295/611/349
f 86/604/397 295/611/349 417/612/340 257/605/339
f 87/613/398 264/614/355 419/615/354 303/616/395
f 87/613/398 303/616/395 432/617/291 284/618/290
f 87/613/398 284/618/290 431/619/298 297/620/327
f 87/613/398 297/620/327 420/621/326 264/614/355
f 88/622/399 215/478/343 392/477/236 305/623/400
f 88/622/399 305/623/400 440/369/210 308/368/255
f 88/622/399 308/368/255 442/375/250 227/624/401
f 88/622/399 227/624/401 391/471/215 215/478/343
f 89/625/402 216/330/216 391/329/215 227/626/401
f 89/625/402 227/626/401 442/363/250 309/362/249
f 89/625/402 309/362/249 439/366/253 224/627/403
f 89/625/402 224/627/403 393/331/217 216/330/216
f 90/628/404 217/348/235 394/347/234 226/629/405
f 90/628/404 226/629/405 441/318/204 310/317/203
f 90/628/404 310/317/203 440/324/210 305/630/400
f 90/628/404 305/630/400 392/349/236 217/348/235
f 91/631/406 311/632/407 331/95/83 111/94/82
f 91/631/406 111/94/82 332/93/67 312/633/408
f 91/631/409 312/633/410 388/408/273 211/407/284
f 91/631/409 211/407/284 387/414/288 311/632/411
f 92/634/412 325/635/413 349/30/30 112/29/29
f 92/634/412 112/29/29 338/36/36 316/636/414
f 92/634/415 316/636/416 394/347/234 212/346/233
f 92/634/415 212/346/233 405/345/232 325/635/417
f 93/637/418 313/638/419 333/122/107 113/121/106
f 93/637/418 113/121/106 331/120/83 311/639/407
f 93/637/420 311/639/411 387/435/288 213/434/310
f 93/637/420 213/434/310 389/640/314 313/638/421
f 94/641/422 312/642/408 332/77/67 114/76/66
f 94/641/422 114/76/66 334/75/65 314/643/423
f 94/641/424 314/643/425 390/644/267 214/389/266
f 94/641/424 214/389/266 388/396/273 312/642/410
f 95/645/426 315/646/427 337/16/16 118/15/15
f 95/645/426 118/15/15 352/14/14 328/647/428
f 95/645/429 328/647/430 408/333/219 218/332/218
f 95/645/429 218/332/218 393/331/217 315/646/431
f 96/648/432 329/649/433 383/50/50 124/312/199
f 96/648/432 124/312/199 337/16/16 315/646/427
f 96/648/434 315/646/431 393/331/217 224/627/403
f 96/648/434 224/627/403 439/366/253 329/649/435
f 97/650/436 316/636/414 338/36/36 126/314/201
f 97/650/436 126/314/201 385/3/3 330/651/437
f 97/650/438 330/651/439 441/318/204 226/629/405
f 97/650/438 226/629/405 394/347/234 316/636/416
f 98/652/440 320/653/441 344/66/58 128/65/57
f 98/652/440 128/65/57 343/64/45 319/654/442
f 98/652/443 319/654/444 399/380/243 228/379/260
f 98/652/443 228/379/260 400/378/259 320/653/445
f 99/655/446 319/656/442 343/45/45 129/44/44
f 99/655/446 129/44/44 345/43/43 321/657/447
f 99/655/448 321/657/449 401/658/245 229/357/244
f 99/655/448 229/357/244 399/356/243 319/656/444
f 100/659/450 322/660/451 346/72/62 130/71/61
f 100/659/450 130/71/61 344/70/58 320/661/441
f 100/659/452 320/661/445 400/386/259 230/385/264
f 100/659/452 230/385/264 402/662/263 322/660/453
f 101/663/454 321/657/447 345/43/43 131/42/42
f 101/663/454 131/42/42 341/41/41 317/664/455
f 101/663/456 317/664/457 397/360/247 231/359/246
f 101/663/456 231/359/246 401/658/245 321/657/449
f 102/665/458 318/666/459 342/9/9 134/68/60
f 102/665/458 134/68/60 346/72/62 322/660/451
f 102/665/460 322/660/453 402/662/263 234/383/262
f 102/665/460 234/383/262 398/320/206 318/666/461
f 103/667/462 314/643/423 334/75/65 135/74/64
f 103/667/462 135/74/64 347/81/71 323/668/463
f 103/667/464 323/668/465 403/392/269 235/391/268
f 103/667/464 235/391/268 390/644/267 314/643/425
f 104/669/466 323/668/463 347/81/71 136/83/73
f 104/669/466 136/83/73 348/87/77 324/670/467
f 104/669/468 324/670/469 404/399/276 236/398/275
f 104/669/468 236/398/275 403/392/269 323/668/465
f 105/671/470 324/670/467 348/87/77 137/89/79
f 105/671/470 137/89/79 349/30/30 325/635/413
f 105/671/471 325/635/417 405/345/232 237/404/281
f 105/671/471 237/404/281 404/399/276 324/670/469
f 106/672/472 326/673/473 350/124/109 138/123/108
f 106/672/472 138/123/108 333/122/107 313/638/419
f 106/672/474 313/638/421 389/640/314 238/440/313
f 106/672/474 238/440/313 406/439/312 326/673/475
f 107/674/476 327/675/477 351/130/114 139/129/113
f 107/674/476 139/129/113 350/124/109 326/673/473
f 107/674/478 326/673/475 406/439/312 239/447/320
f 107/674/478 239/447/320 407/446/319 327/675/479
f 108/676/480 328/647/428 352/14/14 140/135/119
f 108/676/480 140/135/119 351/130/114 327/675/477
f 108/676/481 327/675/479 407/446/319 240/450/323
f 108/676/481 240/450/323 408/333/219 328/647/430
f 109/677/482 317/664/455 341/41/41 204/51/51
f 109/677/482 204/51/51 383/50/50 329/649/433
f 109/677/483 329/649/435 439/366/253 304/365/252
f 109/677/483 304/365/252 397/360/247 317/664/457
f 110/678/484 330/651/437 385/3/3 206/2/2
f 110/678/484 206/2/2 342/9/9 318/666/459
f 110/678/485 318/666/461 398/320/206 306/319/205
f 110/678/485 306/319/205 441/318/204 330/651/439
f 443/679/486 652/680/487 827/681/488 648/682/489
f 443/679/486 567/683/490 826/684/491 652/680/487
f 443/679/486 565/685/492 782/686/493 567/683/490
f 443/679/486 648/682/489 784/687/494 565/685/492
f 444/688/495 597/689/496 795/690/497 583/691/498
f 444/688/495 560/692/499 794/693/500 597/689/496
f 444/688/495 558/694/501 779/695/502 560/692/499
f 444/688/495 583/691/498 777/696/503 558/694/501
f 445/697/504 630/698/505 822/699/506 633/700/507
f 445/697/504 631/701/508 821/702/509 630/698/505
f 445/697/504 632/703/510 823/704/511 631/701/508
f 445/697/504 633/700/507 824/705/512 632/703/510
f 446/706/513 591/707/514 791/708/515 554/709/516
f 446/706/513 586/710/517 798/711/518 591/707/514
f 446/706/513 559/712/519 778/713/520 586/710/517
f 446/706/513 554/709/516 780/714/521 559/712/519
f 447/715/522 564/716/523 781/717/524 574/718/525
f 447/715/522 573/719/526 783/720/527 564/716/523
f 447/715/522 571/721/528 787/722/529 573/719/526
f 447/715/522 574/718/525 785/723/530 571/721/528
f 448/724/531 651/725/532 828/726/533 649/727/534
f 448/724/531 646/728/535 825/729/536 651/725/532
f 448/724/531 564/716/523 783/720/527 646/728/535
f 448/724/531 649/727/534 781/717/524 564/716/523
f 449/730/537 650/731/538 826/732/491 567/733/490
f 449/730/537 649/734/534 828/735/533 650/731/538
f 449/730/537 563/736/539 781/737/524 649/734/534
f 449/730/537 567/733/490 782/738/493 563/736/539
f 450/739/540 563/736/539 782/738/493 575/740/541
f 450/739/540 574/741/525 781/737/524 563/736/539
f 450/739/540 570/742/542 785/743/530 574/741/525
f 450/739/540 575/740/541 786/744/543 570/742/542
f 451/745/544 565/685/492 784/687/494 576/746/545
f 451/745/544 575/747/541 782/686/493 565/685/492
f 451/745/544 572/748/546 786/749/543 575/747/541
f 451/745/544 576/746/545 788/750/547 572/748/546
f 452/751/548 556/752/549 776/753/550 577/754/551
f 452/751/548 562/755/552 774/756/553 556/752/549
f 452/751/548 589/757/554 800/758/555 562/755/552
f 452/751/548 577/754/551 789/759/556 589/757/554
f 453/760/557 589/757/554 789/759/556 578/761/558
f 453/760/557 588/762/559 800/758/555 589/757/554
f 453/760/557 590/763/560 799/764/561 588/762/559
f 453/760/557 578/761/558 790/765/562 590/763/560
f 454/766/563 590/763/560 790/765/562 579/767/564
f 454/766/563 587/768/565 799/764/561 590/763/560
f 454/766/563 591/707/514 798/711/518 587/768/565
f 454/766/563 579/767/564 791/708/515 591/707/514
f 455/769/566 553/770/567 774/771/553 562/772/552
f 455/769/566 561/773/568 773/774/569 553/770/567
f 455/769/566 592/775/570 797/776/571 561/773/568
f 455/769/566 562/772/552 800/777/555 592/775/570
f 456/778/572 626/779/573 818/780/574 629/781/575
f 456/778/572 627/782/576 817/783/577 626/779/573
f 456/778/572 628/784/578 819/785/579 627/782/576
f 456/778/572 629/781/575 820/786/580 628/784/578
f 457/787/581 622/788/582 814/789/583 625/790/584
f 457/787/581 623/791/585 813/792/586 622/788/582
f 457/787/581 624/793/587 815/794/588 623/791/585
f 457/787/581 625/790/584 816/795/589 624/793/587
f 458/796/590 555/797/591 773/798/569 561/799/568
f 458/796/590 580/800/592 775/801/593 555/797/591
f 458/796/590 595/802/594 792/803/595 580/800/592
f 458/796/590 561/799/568 797/804/571 595/802/594
f 459/805/596 595/802/594 797/804/571 585/806/597
f 459/805/596 581/807/598 792/803/595 595/802/594
f 459/805/596 596/808/599 793/809/600 581/807/598
f 459/805/596 585/806/597 796/810/601 596/808/599
f 460/811/602 596/808/599 796/810/601 584/812/603
f 460/811/602 582/813/604 793/809/600 596/808/599
f 460/811/602 597/689/496 794/693/500 582/813/604
f 460/811/602 584/812/603 795/690/497 597/689/496
f 461/814/605 607/815/606 806/816/607 639/817/608
f 461/814/605 638/818/609 807/819/610 607/815/606
f 461/814/605 627/820/576 819/821/579 638/818/609
f 461/814/605 639/817/608 817/822/577 627/820/576
f 462/823/611 602/824/612 795/825/497 594/826/613
f 462/823/611 598/827/614 802/828/615 602/824/612
f 462/823/611 603/829/616 801/830/617 598/827/614
f 462/823/611 594/826/613 798/831/518 603/829/616
f 463/832/618 604/833/619 777/834/503 583/835/498
f 463/832/618 599/836/620 803/837/621 604/833/619
f 463/832/618 602/824/612 802/828/615 599/836/620
f 463/832/618 583/835/498 795/825/497 602/824/612
f 464/838/622 605/839/623 778/840/520 557/841/624
f 464/838/622 600/842/625 804/843/626 605/839/623
f 464/838/622 604/833/619 803/837/621 600/842/625
f 464/838/622 557/841/624 777/834/503 604/833/619
f 465/844/627 603/829/616 798/831/518 586/845/517
f 465/844/627 601/846/628 801/830/617 603/829/616
f 465/844/627 605/839/623 804/843/626 601/846/628
f 465/844/627 586/845/517 778/840/520 605/839/623
f 466/847/629 600/848/625 803/849/621 637/850/630
f 466/847/629 636/851/631 804/852/626 600/848/625
f 466/847/629 624/853/587 816/854/589 636/851/631
f 466/847/629 637/850/630 815/855/588 624/853/587
f 467/856/632 610/857/633 797/776/571 592/775/570
f 467/856/632 606/858/634 806/859/607 610/857/633
f 467/856/632 611/860/635 805/861/636 606/858/634
f 467/856/632 592/775/570 800/777/555 611/860/635
f 468/862/637 612/863/638 796/864/601 585/865/597
f 468/862/637 607/866/606 807/867/610 612/863/638
f 468/862/637 610/857/633 806/859/607 607/866/606
f 468/862/637 585/865/597 797/776/571 610/857/633
f 469/868/639 613/869/640 799/870/561 593/871/641
f 469/868/639 608/872/642 808/873/643 613/869/640
f 469/868/639 612/863/638 807/867/610 608/872/642
f 469/868/639 593/871/641 796/864/601 612/863/638
f 470/874/644 611/860/635 800/777/555 588/875/559
f 470/874/644 609/876/645 805/861/636 611/860/635
f 470/874/644 613/869/640 808/873/643 609/876/645
f 470/874/644 588/875/559 799/870/561 613/869/640
f 471/877/646 617/878/647 812/879/648 635/880/649
f 471/877/646 634/881/650 809/882/651 617/878/647
f 471/877/646 633/883/507 822/884/506 634/881/650
f 471/877/646 635/880/649 824/885/512 633/883/507
f 472/886/652 618/887/653 796/864/601 593/871/641
f 472/886/652 614/888/654 810/889/655 618/887/653
f 472/886/652 619/890/656 809/891/651 614/888/654
f 472/886/652 593/871/641 799/870/561 619/890/656
f 473/892/657 620/893/658 795/825/497 584/894/603
f 473/892/657 615/895/659 811/896/660 620/893/658
f 473/892/657 618/887/653 810/889/655 615/895/659
f 473/892/657 584/894/603 796/864/601 618/887/653
f 474/897/661 621/898/662 798/831/518 594/826/613
f 474/897/661 616/899/663 812/900/648 621/898/662
f 474/897/661 620/893/658 811/896/660 616/899/663
f 474/897/661 594/826/613 795/825/497 620/893/658
f 475/901/664 619/890/656 799/870/561 587/902/565
f 475/901/664 617/903/647 809/891/651 619/890/656
f 475/901/664 621/898/662 812/900/648 617/903/647
f 475/901/664 587/902/565 798/831/518 621/898/662
f 476/904/665 614/905/654 809/906/651 634/907/650
f 476/904/665 640/908/666 810/909/655 614/905/654
f 476/904/665 630/910/505 821/911/509 640/908/666
f 476/904/665 634/907/650 822/912/506 630/910/505
f 477/913/667 601/914/628 804/915/626 636/916/631
f 477/913/667 641/917/668 801/918/617 601/914/628
f 477/913/667 625/919/584 814/920/583 641/917/668
f 477/913/667 636/916/631 816/921/589 625/919/584
f 478/922/669 608/923/642 807/924/610 638/925/609
f 478/922/669 642/926/670 808/927/643 608/923/642
f 478/922/669 628/928/578 820/929/580 642/926/670
f 478/922/669 638/925/609 819/930/579 628/928/578
f 479/931/671 615/932/659 810/933/655 640/934/666
f 479/931/671 643/935/672 811/936/660 615/932/659
f 479/931/671 631/937/508 823/938/511 643/935/672
f 479/931/671 640/934/666 821/939/509 631/937/508
f 480/940/673 598/941/614 801/942/617 641/943/668
f 480/940/673 644/944/674 802/945/615 598/941/614
f 480/940/673 622/946/582 813/947/586 644/944/674
f 480/940/673 641/943/668 814/948/583 622/946/582
f 481/949/675 609/950/645 808/951/643 642/952/670
f 481/949/675 645/953/676 805/954/636 609/950/645
f 481/949/675 629/955/575 818/956/574 645/953/676
f 481/949/675 642/952/670 820/957/580 629/955/575
f 482/958/677 616/959/663 811/960/660 643/961/672
f 482/958/677 635/962/649 812/963/648 616/959/663
f 482/958/677 632/964/510 824/965/512 635/962/649
f 482/958/677 643/961/672 823/966/511 632/964/510
f 483/967/678 599/968/620 802/969/615 644/970/674
f 483/967/678 637/971/630 803/972/621 599/968/620
f 483/967/678 623/973/585 815/974/588 637/971/630
f 483/967/678 644/970/674 813/975/586 623/973/585
f 484/976/679 606/977/634 805/978/636 645/979/676
f 484/976/679 639/980/608 806/981/607 606/977/634
f 484/976/679 626/982/573 817/983/577 639/980/608
f 484/976/679 645/979/676 818/984/574 626/982/573
f 485/985/680 557/841/624 778/840/520 647/986/681
f 485/985/680 569/987/682 777/834/503 557/841/624
f 485/985/680 650/731/538 828/735/533 569/987/682
f 485/985/680 647/986/681 826/732/491 650/731/538
f 486/988/683 558/694/501 777/696/503 569/989/682
f 486/988/683 566/990/684 779/695/502 558/694/501
f 486/988/683 651/725/532 825/729/536 566/990/684
f 486/988/683 569/989/682 828/726/533 651/725/532
f 487/991/685 559/712/519 780/714/521 568/992/686
f 487/991/685 647/993/681 778/713/520 559/712/519
f 487/991/685 652/680/487 826/684/491 647/993/681
f 487/991/685 568/992/686 827/681/488 652/680/487
f 488/994/687 748/995/688 883/996/689 752/997/690
f 488/994/687 665/998/691 840/999/692 748/995/688
f 488/994/687 667/1000/693 838/1001/694 665/998/691
f 488/994/687 752/997/690 882/1002/695 667/1000/693
f 489/1003/696 683/1004/697 851/1005/698 697/1006/699
f 489/1003/696 658/1007/700 833/1008/701 683/1004/697
f 489/1003/696 660/1009/702 835/1010/703 658/1007/700
f 489/1003/696 697/1006/699 850/1011/704 660/1009/702
f 490/1012/705 733/1013/706 878/1014/707 730/1015/708
f 490/1012/705 732/1016/709 880/1017/710 733/1013/706
f 490/1012/711 731/1018/712 879/1019/713 732/1016/709
f 490/1012/711 730/1015/708 877/1020/714 731/1018/712
f 491/1021/715 654/1022/716 847/1023/717 691/1024/718
f 491/1021/715 659/1025/719 836/1026/720 654/1022/716
f 491/1021/715 686/1027/721 834/1028/722 659/1025/719
f 491/1021/715 691/1024/718 854/1029/723 686/1027/721
f 492/1030/724 674/1031/725 837/1032/726 664/1033/727
f 492/1030/724 671/1034/728 841/1035/729 674/1031/725
f 492/1030/724 673/1036/730 843/1037/731 671/1034/728
f 492/1030/724 664/1033/727 839/1038/732 673/1036/730
f 493/1039/733 749/1040/734 884/1041/735 751/1042/736
f 493/1039/733 664/1033/727 837/1032/726 749/1040/734
f 493/1039/733 746/1043/737 839/1038/732 664/1033/727
f 493/1039/733 751/1042/736 881/1044/738 746/1043/737
f 494/1045/739 667/1046/693 882/1047/695 750/1048/740
f 494/1045/739 663/1049/741 838/1050/694 667/1046/693
f 494/1045/739 749/1051/734 837/1052/726 663/1049/741
f 494/1045/739 750/1048/740 884/1053/735 749/1051/734
f 495/1054/742 675/1055/743 838/1050/694 663/1049/741
f 495/1054/742 670/1056/744 842/1057/745 675/1055/743
f 495/1054/742 674/1058/725 841/1059/729 670/1056/744
f 495/1054/742 663/1049/741 837/1052/726 674/1058/725
f 496/1060/746 676/1061/747 840/999/692 665/998/691
f 496/1060/746 672/1062/748 844/1063/749 676/1061/747
f 496/1060/746 675/1064/743 842/1065/745 672/1062/748
f 496/1060/746 665/998/691 838/1001/694 675/1064/743
f 497/1066/750 677/1067/751 832/1068/752 656/1069/753
f 497/1066/750 689/1070/754 845/1071/755 677/1067/751
f 497/1066/750 662/1072/756 856/1073/757 689/1070/754
f 497/1066/750 656/1069/753 830/1074/758 662/1072/756
f 498/1075/759 678/1076/760 845/1071/755 689/1070/754
f 498/1075/759 690/1077/761 846/1078/762 678/1076/760
f 498/1075/759 688/1079/763 855/1080/764 690/1077/761
f 498/1075/759 689/1070/754 856/1073/757 688/1079/763
f 499/1081/765 679/1082/766 846/1078/762 690/1077/761
f 499/1081/765 691/1024/718 847/1023/717 679/1082/766
f 499/1081/765 687/1083/767 854/1029/723 691/1024/718
f 499/1081/765 690/1077/761 855/1080/764 687/1083/767
f 500/1084/768 662/1085/756 830/1086/758 653/1087/769
f 500/1084/768 692/1088/770 856/1089/757 662/1085/756
f 500/1084/768 661/1090/771 853/1091/772 692/1088/770
f 500/1084/768 653/1087/769 829/1092/773 661/1090/771
f 501/1093/774 729/1094/775 874/1095/776 726/1096/777
f 501/1093/774 728/1097/778 876/1098/779 729/1094/775
f 501/1093/780 727/1099/781 875/1100/782 728/1097/778
f 501/1093/780 726/1096/777 873/1101/783 727/1099/781
f 502/1102/784 725/1103/785 870/1104/786 722/1105/787
f 502/1102/784 724/1106/788 872/1107/789 725/1103/785
f 502/1102/790 723/1108/791 871/1109/792 724/1106/788
f 502/1102/790 722/1105/787 869/1110/793 723/1108/791
f 503/1111/794 661/1112/771 829/1113/773 655/1114/795
f 503/1111/794 695/1115/796 853/1116/772 661/1112/771
f 503/1111/794 680/1117/797 848/1118/798 695/1115/796
f 503/1111/794 655/1114/795 831/1119/799 680/1117/797
f 504/1120/800 685/1121/801 853/1116/772 695/1115/796
f 504/1120/800 696/1122/802 852/1123/803 685/1121/801
f 504/1120/800 681/1124/804 849/1125/805 696/1122/802
f 504/1120/800 695/1115/796 848/1118/798 681/1124/804
f 505/1126/806 684/1127/807 852/1123/803 696/1122/802
f 505/1126/806 697/1006/699 851/1005/698 684/1127/807
f 505/1126/806 682/1128/808 850/1011/704 697/1006/699
f 505/1126/806 696/1122/802 849/1125/805 682/1128/808
f 506/1129/809 739/1130/810 862/1131/811 707/1132/812
f 506/1129/809 727/1133/781 873/1134/783 739/1130/810
f 506/1129/809 738/1135/813 875/1136/782 727/1133/781
f 506/1129/809 707/1132/812 863/1137/814 738/1135/813
f 507/1138/815 694/1139/816 851/1140/698 702/1141/817
f 507/1138/815 703/1142/818 854/1143/723 694/1139/816
f 507/1138/815 698/1144/819 857/1145/820 703/1142/818
f 507/1138/815 702/1141/817 858/1146/821 698/1144/819
f 508/1147/822 683/1148/697 833/1149/701 704/1150/823
f 508/1147/822 702/1141/817 851/1140/698 683/1148/697
f 508/1147/822 699/1151/824 858/1146/821 702/1141/817
f 508/1147/822 704/1150/823 859/1152/825 699/1151/824
f 509/1153/826 657/1154/827 834/1155/722 705/1156/828
f 509/1153/826 704/1150/823 833/1149/701 657/1154/827
f 509/1153/826 700/1157/829 859/1152/825 704/1150/823
f 509/1153/826 705/1156/828 860/1158/830 700/1157/829
f 510/1159/831 686/1160/721 854/1143/723 703/1142/818
f 510/1159/831 705/1156/828 834/1155/722 686/1160/721
f 510/1159/831 701/1161/832 860/1158/830 705/1156/828
f 510/1159/831 703/1142/818 857/1145/820 701/1161/832
f 511/1162/833 737/1163/834 859/1164/825 700/1165/829
f 511/1162/833 724/1166/788 871/1167/792 737/1163/834
f 511/1162/833 736/1168/835 872/1169/789 724/1166/788
f 511/1162/833 700/1165/829 860/1170/830 736/1168/835
f 512/1171/836 692/1088/770 853/1091/772 710/1172/837
f 512/1171/836 711/1173/838 856/1089/757 692/1088/770
f 512/1171/836 706/1174/839 861/1175/840 711/1173/838
f 512/1171/836 710/1172/837 862/1176/811 706/1174/839
f 513/1177/841 685/1178/801 852/1179/803 712/1180/842
f 513/1177/841 710/1172/837 853/1091/772 685/1178/801
f 513/1177/841 707/1181/812 862/1176/811 710/1172/837
f 513/1177/841 712/1180/842 863/1182/814 707/1181/812
f 514/1183/843 693/1184/844 855/1185/764 713/1186/845
f 514/1183/843 712/1180/842 852/1179/803 693/1184/844
f 514/1183/843 708/1187/846 863/1182/814 712/1180/842
f 514/1183/843 713/1186/845 864/1188/847 708/1187/846
f 515/1189/848 688/1190/763 856/1089/757 711/1173/838
f 515/1189/848 713/1186/845 855/1185/764 688/1190/763
f 515/1189/848 709/1191/849 864/1188/847 713/1186/845
f 515/1189/848 711/1173/838 861/1175/840 709/1191/849
f 516/1192/850 735/1193/851 868/1194/852 717/1195/853
f 516/1192/850 733/1196/706 880/1197/710 735/1193/851
f 516/1192/850 734/1198/854 878/1199/707 733/1196/706
f 516/1192/850 717/1195/853 865/1200/855 734/1198/854
f 517/1201/856 693/1184/844 852/1179/803 718/1202/857
f 517/1201/856 719/1203/858 855/1185/764 693/1184/844
f 517/1201/856 714/1204/859 865/1205/855 719/1203/858
f 517/1201/856 718/1202/857 866/1206/860 714/1204/859
f 518/1207/861 684/1208/807 851/1140/698 720/1209/862
f 518/1207/861 718/1202/857 852/1179/803 684/1208/807
f 518/1207/861 715/1210/863 866/1206/860 718/1202/857
f 518/1207/861 720/1209/862 867/1211/864 715/1210/863
f 519/1212/865 694/1139/816 854/1143/723 721/1213/866
f 519/1212/865 720/1209/862 851/1140/698 694/1139/816
f 519/1212/865 716/1214/867 867/1211/864 720/1209/862
f 519/1212/865 721/1213/866 868/1215/852 716/1214/867
f 520/1216/868 687/1217/767 855/1185/764 719/1203/858
f 520/1216/868 721/1213/866 854/1143/723 687/1217/767
f 520/1216/868 717/1218/853 868/1215/852 721/1213/866
f 520/1216/868 719/1203/858 865/1205/855 717/1218/853
f 521/1219/869 734/1220/854 865/1221/855 714/1222/859
f 521/1219/869 730/1223/708 878/1224/707 734/1220/854
f 521/1219/869 740/1225/870 877/1226/714 730/1223/708
f 521/1219/869 714/1222/859 866/1227/860 740/1225/870
f 522/1228/871 736/1229/835 860/1230/830 701/1231/832
f 522/1228/871 725/1232/785 872/1233/789 736/1229/835
f 522/1228/871 741/1234/872 870/1235/786 725/1232/785
f 522/1228/871 701/1231/832 857/1236/820 741/1234/872
f 523/1237/873 738/1238/813 863/1239/814 708/1240/846
f 523/1237/873 728/1241/778 875/1242/782 738/1238/813
f 523/1237/873 742/1243/874 876/1244/779 728/1241/778
f 523/1237/873 708/1240/846 864/1245/847 742/1243/874
f 524/1246/875 740/1247/870 866/1248/860 715/1249/863
f 524/1246/875 731/1250/712 877/1251/714 740/1247/870
f 524/1246/875 743/1252/876 879/1253/713 731/1250/712
f 524/1246/875 715/1249/863 867/1254/864 743/1252/876
f 525/1255/877 741/1256/872 857/1257/820 698/1258/819
f 525/1255/877 722/1259/787 870/1260/786 741/1256/872
f 525/1255/877 744/1261/878 869/1262/793 722/1259/787
f 525/1255/877 698/1258/819 858/1263/821 744/1261/878
f 526/1264/879 742/1265/874 864/1266/847 709/1267/849
f 526/1264/879 729/1268/775 876/1269/779 742/1265/874
f 526/1264/879 745/1270/880 874/1271/776 729/1268/775
f 526/1264/879 709/1267/849 861/1272/840 745/1270/880
f 527/1273/881 743/1274/876 867/1275/864 716/1276/867
f 527/1273/881 732/1277/709 879/1278/713 743/1274/876
f 527/1273/881 735/1279/851 880/1280/710 732/1277/709
f 527/1273/881 716/1276/867 868/1281/852 735/1279/851
f 528/1282/882 744/1283/878 858/1284/821 699/1285/824
f 528/1282/882 723/1286/791 869/1287/793 744/1283/878
f 528/1282/882 737/1288/834 871/1289/792 723/1286/791
f 528/1282/882 699/1285/824 859/1290/825 737/1288/834
f 529/1291/883 745/1292/880 861/1293/840 706/1294/839
f 529/1291/883 726/1295/777 874/1296/776 745/1292/880
f 529/1291/883 739/1297/810 873/1298/783 726/1295/777
f 529/1291/883 706/1294/839 862/1299/811 739/1297/810
f 530/1300/884 747/1301/885 834/1155/722 657/1154/827
f 530/1300/884 750/1048/740 882/1047/695 747/1301/885
f 530/1300/884 669/1302/886 884/1053/735 750/1048/740
f 530/1300/884 657/1154/827 833/1149/701 669/1302/886
f 531/1303/887 669/1304/886 833/1008/701 658/1007/700
f 531/1303/887 751/1042/736 884/1041/735 669/1304/886
f 531/1303/887 666/1305/888 881/1044/738 751/1042/736
f 531/1303/887 658/1007/700 835/1010/703 666/1305/888
f 532/1306/889 668/1307/890 836/1026/720 659/1025/719
f 532/1306/889 752/997/690 883/996/689 668/1307/890
f 532/1306/889 747/1308/885 882/1002/695 752/997/690
f 532/1306/889 659/1025/719 834/1028/722 747/1308/885
f 533/1309/891 553/770/567 773/774/569 753/1310/892
f 533/1309/891 754/1311/893 774/771/553 553/770/567
f 533/1309/894 653/1087/769 830/1086/758 754/1311/895
f 533/1309/894 753/1310/896 829/1092/773 653/1087/769
f 534/1312/897 554/709/516 791/708/515 767/1313/898
f 534/1312/897 758/1314/899 780/714/521 554/709/516
f 534/1312/900 654/1022/716 836/1026/720 758/1314/901
f 534/1312/900 767/1313/902 847/1023/717 654/1022/716
f 535/1315/903 555/797/591 775/801/593 755/1316/904
f 535/1315/903 753/1317/892 773/798/569 555/797/591
f 535/1315/905 655/1114/795 829/1113/773 753/1317/896
f 535/1315/905 755/1316/906 831/1318/799 655/1114/795
f 536/1319/907 556/752/549 774/756/553 754/1320/893
f 536/1319/907 756/1321/908 776/753/550 556/752/549
f 536/1319/909 656/1069/753 832/1322/752 756/1321/910
f 536/1319/909 754/1320/895 830/1074/758 656/1069/753
f 537/1323/911 560/692/499 779/695/502 757/1324/912
f 537/1323/911 770/1325/913 794/693/500 560/692/499
f 537/1323/914 660/1009/702 850/1011/704 770/1325/915
f 537/1323/914 757/1324/916 835/1010/703 660/1009/702
f 538/1326/917 566/990/684 825/729/536 771/1327/918
f 538/1326/917 757/1324/912 779/695/502 566/990/684
f 538/1326/919 666/1305/888 835/1010/703 757/1324/916
f 538/1326/919 771/1327/920 881/1044/738 666/1305/888
f 539/1328/921 568/992/686 780/714/521 758/1314/899
f 539/1328/921 772/1329/922 827/681/488 568/992/686
f 539/1328/923 668/1307/890 883/996/689 772/1329/924
f 539/1328/923 758/1314/901 836/1026/720 668/1307/890
f 540/1330/925 570/742/542 786/744/543 762/1331/926
f 540/1330/925 761/1332/927 785/743/530 570/742/542
f 540/1330/928 670/1056/744 841/1059/729 761/1332/929
f 540/1330/928 762/1331/930 842/1057/745 670/1056/744
f 541/1333/931 571/721/528 785/723/530 761/1334/927
f 541/1333/931 763/1335/932 787/722/529 571/721/528
f 541/1333/933 671/1034/728 843/1336/731 763/1335/934
f 541/1333/933 761/1334/929 841/1035/729 671/1034/728
f 542/1337/935 572/748/546 788/750/547 764/1338/936
f 542/1337/935 762/1339/926 786/749/543 572/748/546
f 542/1337/937 672/1062/748 842/1065/745 762/1339/930
f 542/1337/937 764/1338/938 844/1340/749 672/1062/748
f 543/1341/939 573/719/526 787/722/529 763/1335/932
f 543/1341/939 759/1342/940 783/720/527 573/719/526
f 543/1341/941 673/1036/730 839/1038/732 759/1342/942
f 543/1341/941 763/1335/934 843/1336/731 673/1036/730
f 544/1343/943 576/746/545 784/687/494 760/1344/944
f 544/1343/943 764/1338/936 788/750/547 576/746/545
f 544/1343/945 676/1061/747 844/1340/749 764/1338/938
f 544/1343/945 760/1344/946 840/999/692 676/1061/747
f 545/1345/947 577/754/551 776/753/550 756/1321/908
f 545/1345/947 765/1346/948 789/759/556 577/754/551
f 545/1345/949 677/1067/751 845/1071/755 765/1346/950
f 545/1345/949 756/1321/910 832/1322/752 677/1067/751
f 546/1347/951 578/761/558 789/759/556 765/1346/948
f 546/1347/951 766/1348/952 790/765/562 578/761/558
f 546/1347/953 678/1076/760 846/1078/762 766/1348/954
f 546/1347/953 765/1346/950 845/1071/755 678/1076/760
f 547/1349/955 579/767/564 790/765/562 766/1348/952
f 547/1349/955 767/1313/898 791/708/515 579/767/564
f 547/1349/956 679/1082/766 847/1023/717 767/1313/902
f 547/1349/956 766/1348/954 846/1078/762 679/1082/766
f 548/1350/957 580/800/592 792/803/595 768/1351/958
f 548/1350/957 755/1316/904 775/801/593 580/800/592
f 548/1350/959 680/1117/797 831/1318/799 755/1316/906
f 548/1350/959 768/1351/960 848/1118/798 680/1117/797
f 549/1352/961 581/807/598 793/809/600 769/1353/962
f 549/1352/961 768/1351/958 792/803/595 581/807/598
f 549/1352/963 681/1124/804 848/1118/798 768/1351/960
f 549/1352/963 769/1353/964 849/1125/805 681/1124/804
f 550/1354/965 582/813/604 794/693/500 770/1325/913
f 550/1354/965 769/1353/962 793/809/600 582/813/604
f 550/1354/966 682/1128/808 849/1125/805 769/1353/964
f 550/1354/966 770/1325/915 850/1011/704 682/1128/808
f 551/1355/967 646/728/535 783/720/527 759/1342/940
f 551/1355/967 771/1327/918 825/729/536 646/728/535
f 551/1355/968 746/1043/737 881/1044/738 771/1327/920
f 551/1355/968 759/1342/942 839/1038/732 746/1043/737
f 552/1356/969 648/682/489 827/681/488 772/1329/922
f 552/1356/969 760/1344/944 784/687/494 648/682/489
f 552/1356/970 748/995/688 840/999/692 760/1344/946
f 552/1356/970 772/1329/924 883/996/689 748/995/688
o Cylinder
v -0.965954 0.402499 -0.056868
v -0.358039 0.223489 -0.289601
v -0.358314 0.283528 -0.222165
v -0.335676 0.330062 -0.099586
v -0.307027 0.339169 0.060123
v -0.247698 0.296650 0.194471
v -0.241834 -0.465141 0.209658
v -0.359745 -0.481576 0.031577
v -0.359745 -0.455387 -0.173394
v -0.303239 -0.378907 -0.300185
v -0.303239 -0.257663 -0.363694
v -0.303239 -0.104457 -0.402556
v -0.331613 0.080451 -0.363467
v -1.023640 0.126299 -0.412747
v -0.965954 -0.192228 -0.361740
v -0.965954 -0.361740 0.192228
v -0.965954 0.192227 0.361740
v -0.965954 0.356674 -0.205910
v -0.965954 -0.316027 -0.260641
v -0.965954 -0.260642 0.316027
v -0.965954 0.316027 0.260642
v -0.965954 0.119863 -0.391714
v -0.965954 0.259960 -0.321200
v -0.965954 -0.391714 -0.119863
v -0.965954 -0.119863 0.391714
v -0.965954 0.390831 0.110668
v -0.965954 -0.039164 -0.407766
v -0.965954 -0.407766 0.039164
v -0.965954 0.039163 0.407766
v -1.081325 -0.392152 0.037664
v -1.023640 0.274376 -0.335745
v -1.023640 -0.126299 0.412747
v -1.023640 -0.041267 -0.429661
v -1.023640 0.041266 0.429661
v -1.023640 -0.202549 -0.381163
v -1.023640 0.202549 0.381163
v -1.023640 -0.332996 -0.274636
v -1.023640 0.332995 0.274636
v -1.023639 -0.412747 -0.126299
v -1.023640 0.412746 0.126299
v -1.023639 -0.429661 0.041266
v -1.023640 0.427073 -0.045976
v -1.023639 -0.381163 0.202549
v -1.023640 0.378315 -0.210009
v -1.023640 -0.274637 0.332996
v -1.117379 0.156830 0.295128
v -1.081325 0.392142 -0.037692
v -1.081325 -0.347888 0.184867
v -1.081325 0.347870 -0.184927
v -1.081325 -0.250661 0.303925
v -1.081325 0.115273 -0.376714
v -1.081325 0.250653 -0.303957
v -1.081325 -0.115273 0.376714
v -1.081325 -0.037664 -0.392152
v -1.081325 0.037663 0.392152
v -1.081325 -0.184867 -0.347888
v -1.081325 0.184866 0.347888
v -1.081325 -0.303926 -0.250661
v -1.081325 0.303925 0.250661
v -1.081325 -0.376715 -0.115273
v -1.081325 0.376714 0.115273
v -0.867408 -0.272982 0.143033
v -1.117379 -0.257833 -0.212646
v -1.117379 0.257833 0.212646
v -1.117379 -0.319583 -0.097791
v -1.117379 0.319582 0.097791
v -1.117379 -0.332679 0.031952
v -1.117379 0.332679 -0.031952
v -1.117379 -0.295128 0.156830
v -1.117379 0.295128 -0.156830
v -1.117379 -0.212647 0.257833
v -1.117379 0.097791 -0.319583
v -1.117379 0.212646 -0.257833
v -1.117379 -0.097791 0.319583
v -1.117379 -0.031952 -0.332679
v -1.117379 0.031951 0.332679
v -1.117379 -0.156831 -0.295128
v -0.605420 -0.013122 0.001724
v -0.867408 0.265056 -0.143353
v -0.867408 -0.208910 0.235149
v -0.867408 0.085363 -0.291466
v -0.867408 0.189938 -0.235304
v -0.867408 -0.103970 0.291664
v -0.867408 -0.032843 -0.303410
v -0.867408 0.024240 0.304113
v -0.867408 -0.146687 -0.269163
v -0.867408 0.132257 0.272368
v -0.867408 -0.238999 -0.193938
v -0.867408 0.222110 0.200099
v -0.867408 -0.295548 -0.089187
v -0.867408 0.284024 0.093000
v -0.867408 -0.307379 0.029141
v -0.867408 0.299355 -0.028956
v -0.794292 0.148060 -0.333442
v -0.716560 0.140812 -0.335926
v -0.830657 -0.046078 -0.383738
v -0.700025 -0.061536 -0.389870
v -0.830657 -0.190278 -0.342134
v -0.700025 -0.208895 -0.349957
v -0.830657 -0.306349 -0.248885
v -0.700025 -0.326676 -0.257624
v -0.792986 -0.385326 -0.118188
v -0.674910 -0.402971 -0.126927
v -0.762559 -0.401808 0.030061
v -0.765114 -0.610708 0.095928
v -0.759233 -0.360456 0.173290
v -0.584098 -0.390376 0.184819
v -0.789660 -0.295666 0.289379
v -0.622745 -0.319289 0.301838
v -0.830657 -0.149800 0.361239
v -0.718386 -0.153605 0.358854
v -0.819791 0.032789 0.377930
v -0.676842 0.026292 0.379554
v -0.771977 0.174989 0.337020
v -0.589425 0.176011 0.334078
v -0.782844 0.293020 0.245460
v -0.612607 0.294713 0.245518
v -0.824615 0.358464 0.083467
v -0.700505 0.355053 0.088441
v -0.788241 0.334964 -0.133776
v -0.717520 0.334974 -0.133338
v -0.725887 0.764653 -0.069189
v -0.761435 0.764398 -0.069187
v -0.736983 0.743938 -0.087536
v -0.751708 0.744066 -0.087728
v -0.060702 0.072990 0.386520
v -0.161434 0.020890 0.395062
v -0.231806 -0.061639 0.382295
v -0.272582 -0.162987 0.354157
v -0.167620 -0.403617 0.360290
v -0.159324 -0.339474 0.308905
v -0.568712 -0.152059 0.353401
v -0.475698 0.002123 0.386684
v -0.381069 0.132378 0.365192
v -0.157547 0.211385 0.312038
v -0.158224 -0.356254 0.249229
v -0.380764 -0.277593 0.291183
v -0.394350 -0.158158 0.351215
v -0.315259 -0.036194 0.387902
v -0.239623 0.057674 0.397893
v -0.096173 0.119273 0.378552
v -0.135602 -0.349919 -0.206204
v -0.171575 -0.230208 -0.233686
v -0.053791 -0.382276 -0.193675
v -0.173877 -0.291691 -0.219093
v -0.131894 -0.178837 -0.246796
v -0.110995 -0.327138 0.145902
v -0.236130 -0.164370 0.172075
v -0.142241 0.012146 0.191465
v -0.233327 -0.260741 0.153556
v -0.204044 -0.067274 0.184856
v -0.051994 0.061769 0.188696
v -0.051994 0.031016 -0.159810
v -0.051994 0.048769 -0.099935
v -0.051994 0.059019 -0.039354
v -0.142241 -0.018996 -0.159765
v -0.142241 -0.001040 -0.099915
v -0.142241 0.009362 -0.039350
v -0.198202 -0.099033 -0.159738
v -0.198202 -0.080509 -0.099904
v -0.198202 -0.069680 -0.039347
v -0.201449 -0.194784 -0.159721
v -0.208827 -0.175560 -0.099897
v -0.218889 -0.165880 -0.039346
v -0.147471 -0.285554 -0.159508
v -0.167930 -0.265570 -0.099807
v -0.197780 -0.258064 -0.039327
v -0.053978 -0.344037 -0.151752
v -0.067058 -0.332913 -0.096529
v -0.086847 -0.325389 -0.038634
v -0.052385 -0.155582 -0.255087
v -0.279452 -0.266261 0.312843
v -0.137943 -0.336276 0.292314
v -0.857793 0.259408 -0.285709
v -0.857581 0.311410 -0.225094
v -0.877356 0.354136 -0.097480
v -0.902095 0.360137 0.088922
v -0.888894 0.293649 0.243138
v -0.885271 0.177727 0.336231
v -0.901209 0.035240 0.378354
v -0.904831 -0.126348 0.362961
v -0.898070 -0.259482 0.292163
v -0.887927 -0.341216 0.176739
v -0.882132 -0.385854 0.034260
v -0.892274 -0.370605 -0.113582
v -0.904831 -0.297680 -0.244280
v -0.904831 -0.182368 -0.337935
v -0.904832 -0.039566 -0.380290
v -0.880304 0.131113 -0.348085
v -0.728989 0.550153 0.040120
v -0.731947 0.511420 -0.036361
v -0.757290 0.539587 0.032034
v -0.749707 0.558103 0.042864
v -0.751719 0.773955 -0.065768
v -0.726227 0.750809 -0.079041
v -0.761173 0.750801 -0.079270
v -0.736392 0.774074 -0.065806
v -0.733395 0.307924 -0.318494
v -0.733995 0.429973 -0.378445
v -0.734594 0.590793 -0.361067
v -0.735193 0.732249 -0.274804
v -0.735793 0.801264 -0.169850
v -0.772146 0.330149 -0.297584
v -0.769951 0.439067 -0.351866
v -0.767757 0.576558 -0.337415
v -0.765562 0.707534 -0.262260
v -0.763367 0.778729 -0.173762
v -0.717501 0.328681 -0.297913
v -0.719246 0.438348 -0.352356
v -0.720992 0.576540 -0.337694
v -0.722737 0.707608 -0.262145
v -0.724482 0.778772 -0.173553
v -0.757363 0.308778 -0.318532
v -0.756234 0.430652 -0.378380
v -0.755105 0.591076 -0.360954
v -0.753976 0.732363 -0.274657
v -0.752848 0.801317 -0.169768
v -0.757346 0.332945 -0.286190
v -0.756218 0.435613 -0.342743
v -0.755091 0.565819 -0.331857
v -0.753963 0.694547 -0.261909
v -0.752835 0.768988 -0.179244
v -0.734320 0.332506 -0.286399
v -0.734853 0.435407 -0.342737
v -0.735385 0.565833 -0.331699
v -0.735918 0.694616 -0.261688
v -0.736451 0.768971 -0.179032
v -0.772556 0.319272 -0.312456
v -0.770332 0.437085 -0.368304
v -0.768107 0.588300 -0.350765
v -0.765883 0.724898 -0.267965
v -0.763659 0.793548 -0.169334
v -0.716969 0.317390 -0.312540
v -0.718753 0.435894 -0.368865
v -0.720536 0.587985 -0.351314
v -0.722320 0.724788 -0.268219
v -0.724103 0.793555 -0.169419
v -0.750437 0.514703 0.039806
v -0.736768 0.514387 0.039895
v -0.750441 0.526457 0.048396
v -0.736537 0.526233 0.048395
v -0.729262 0.538990 0.032218
v -0.737414 0.557939 0.042833
v -0.757500 0.550554 0.040121
v -0.755566 0.512106 -0.036669
v -0.750522 0.633706 -0.009885
v -0.759108 0.651808 0.006481
v -0.737002 0.660173 0.009466
v -0.728030 0.639461 -0.002217
v -0.750532 0.660194 0.009500
v -0.758877 0.639771 -0.002419
v -0.737524 0.633455 -0.009716
v -0.727729 0.651728 0.006480
v -0.738855 0.488911 -0.100627
v -0.750665 0.489238 -0.100782
v -0.738282 0.525932 -0.046216
v -0.749980 0.496933 -0.029157
v -0.750383 0.526272 -0.046374
v -0.738461 0.496587 -0.029007
v -0.339823 -0.169847 0.478838
v -0.145172 -0.236111 0.414653
v -0.413460 -0.245873 0.336698
v -0.321784 -0.061848 0.467326
v -0.568801 -0.204523 0.355366
v -0.221982 0.049483 0.458282
v -0.344481 -0.150677 0.408748
v -0.422500 -0.110024 0.401102
v -0.140815 -0.187126 0.471853
v -0.097893 -0.002464 0.414869
v -0.165735 0.117083 0.424457
v -0.053423 0.162348 0.424817
v -0.247745 0.006147 0.408716
v -0.282548 0.015279 0.409179
v -0.089286 0.074178 0.474325
v -0.403097 -0.153412 0.465730
v -0.495448 -0.243229 0.435604
v -0.575754 -0.213774 0.409063
v -0.532414 -0.300240 0.362053
v -0.401979 -0.320057 0.403877
v -0.427280 -0.125592 0.439375
v -0.092995 -0.644976 -0.225631
v -0.092995 -0.665802 0.018155
v -0.049948 -1.298732 -0.189492
v -0.049948 -1.298732 -0.055945
v -0.067877 -0.960921 -0.030519
v -0.067877 -0.960920 -0.220653
v -0.090997 -1.597990 -0.194915
v -0.090997 -1.601598 -0.061181
v -0.174753 -1.816726 -0.261342
v -0.182711 -1.909210 0.021206
v -0.226817 -1.995509 -0.384537
v -0.226817 -2.095467 -0.095079
v -0.244504 -2.144046 -0.530289
v -0.254262 -2.270663 -0.221914
v -0.070542 -2.293207 -0.900980
v -0.259475 -2.396416 -0.352136
v -0.195686 -2.385429 -1.095647
v -0.106427 -2.362218 -1.432080
v -0.296453 -2.486613 -0.965663
v -0.199610 -2.484924 -0.483594
v -0.100767 -2.562828 -0.919250
v -0.069897 -2.558806 -0.571480
v -0.148746 -2.454379 -1.296701
v -0.159391 -2.405532 -1.406597
v -0.061765 -2.383816 -1.535575
v -0.051121 -2.502439 -1.227943
v -0.058571 -2.437649 -1.440604
v -0.163539 -1.781145 -0.053931
v -0.212169 -1.945604 -0.036154
v -0.290926 -1.854604 -0.094634
v -0.084781 -1.872145 0.004550
v -0.276536 -1.962811 0.083416
v -0.247075 -1.891495 -0.007063
v -0.201231 -1.867748 0.014167
v -0.228554 -1.932957 -0.000024
v -0.336529 -2.482097 0.060053
v -0.234427 -1.959961 0.110412
v -0.252891 -1.991091 0.055594
v -0.210781 -1.988241 0.082590
v -0.329822 -2.610595 0.110720
v -0.294983 -2.506193 0.084339
v -0.357966 -2.473940 0.100331
v -0.316420 -2.498035 0.124618
v -0.424387 -2.600016 0.364524
v -0.390783 -2.565581 0.124463
v -0.349237 -2.584137 0.152631
v -0.371368 -2.592040 0.082552
v -0.441933 -2.505210 0.681914
v -0.382841 -2.594483 0.392651
v -0.402008 -2.639953 0.344474
v -0.360462 -2.634420 0.372600
v -0.465624 -2.340976 0.837648
v -0.400387 -2.493036 0.678333
v -0.466334 -2.482582 0.633270
v -0.424788 -2.470407 0.629689
v -0.467930 -2.355026 0.931298
v -0.424078 -2.325889 0.817182
v -0.490026 -2.296911 0.777872
v -0.448480 -2.281824 0.757406
v -0.546328 -2.658581 0.967387
v -0.426316 -2.331896 0.940209
v -0.490094 -2.287682 0.955993
v -0.448480 -2.264552 0.964904
v -0.513354 -2.636514 0.956711
v -0.504782 -2.688810 0.973490
v -0.521926 -2.570291 0.949561
v -0.480380 -2.600520 0.955664
v -0.454467 -2.479783 0.979796
v -0.496082 -2.472860 0.964173
v -0.476631 -2.500217 1.024094
v -0.518245 -2.493294 1.008472
v -0.271103 -2.015939 -1.086835
v -0.358804 -1.997970 -1.017771
v -0.420040 -2.240298 -0.503477
v -0.426106 -2.367681 -0.636512
v -0.252364 -2.369418 -0.851788
v -0.068749 -2.195218 -0.712515
v -0.358597 -1.516218 -1.365443
v -0.214345 -1.599447 -1.418409
v -0.159968 -1.882193 -0.998486
v -0.262421 -1.853281 -0.925564
v -0.164678 -1.953959 -1.086717
v -0.354832 -1.907077 -0.944732
v -0.241471 -1.538941 -1.500523
v -0.300963 -1.614297 -1.470351
v -0.363337 -1.593390 -1.405188
v -0.296892 -1.637704 -1.424565
v -0.209913 -1.524502 -1.375215
v -0.287720 -1.485587 -1.341625
v -0.358689 -2.373943 -1.629420
v -0.357937 -2.345480 -1.666948
v -0.294689 -1.505258 -1.503220
v -0.244502 -1.593753 -1.485406
v -0.343168 -1.530544 -1.499887
v -0.346411 -1.584771 -1.482135
v -0.310876 -2.690982 -1.549314
v -0.360652 -2.632725 -1.653660
v -0.312256 -2.391924 -1.594048
v -0.255932 -2.356529 -1.628067
v -0.309769 -2.335026 -1.664762
v -0.257668 -2.384964 -1.594882
v -0.252406 -1.901925 -1.543918
v -0.302658 -1.828397 -1.614552
v -0.249822 -1.858445 -1.583653
v -0.307826 -1.913759 -1.532925
v -0.350593 -1.850438 -1.607370
v -0.353177 -1.892321 -1.565478
v -0.311897 -2.674070 -1.678314
v -0.308555 -2.687886 -1.646113
v -0.249087 -2.604796 -1.729693
v -0.301495 -2.671501 -1.771164
v -0.258216 -2.639417 -1.627254
v -0.246773 -2.679417 -1.742218
v -0.279528 -2.682674 -2.128897
v -0.288943 -2.667394 -2.118222
v -0.208546 -2.610513 -2.083322
v -0.230503 -2.649490 -1.720540
v -0.303222 -2.593227 -1.756454
v -0.351755 -2.677164 -1.775264
v -0.352616 -2.593703 -1.760648
v -0.365011 -2.640862 -1.759666
v -0.211162 -2.670789 -2.134318
v -0.246137 -2.666798 -2.148776
v -0.276797 -2.667068 -2.148861
v -0.246504 -2.682261 -2.128420
v -0.280600 -2.605409 -2.097635
v -0.273434 -2.608881 -2.147501
v -0.198996 -2.673162 -2.099834
v -0.210223 -2.685597 -2.112328
v -0.257950 -2.106400 0.137121
v -0.277176 -2.296215 0.130478
v -0.303571 -2.087742 0.112575
v -0.330103 -2.265306 0.093540
v -0.233401 -2.112708 0.089909
v -0.247280 -2.295312 0.070859
v -0.279021 -2.094050 0.065364
v -0.300207 -2.264403 0.033921
v -0.293000 -2.410226 0.130641
v -0.342416 -2.381174 0.094763
v -0.264006 -2.408109 0.074564
v -0.313422 -2.379057 0.038687
v -0.780457 -0.840841 0.224406
v -0.728895 -0.597865 0.153219
v -0.720819 -0.635458 0.030589
v -0.684600 -0.622615 0.087880
v -0.885917 -0.807377 0.373934
v -0.822111 -0.793818 0.268861
v -0.847979 -0.818916 0.252422
v -0.806325 -0.865938 0.207967
v -0.867581 -0.789400 0.409992
v -0.841076 -0.868926 0.340349
v -0.815012 -0.825475 0.351315
v -0.878809 -0.046829 0.682896
v -0.903905 0.028160 0.618350
v -0.951711 -0.034946 0.703987
v -0.918693 -0.035207 0.735483
v -0.911827 -0.046568 0.651400
v -0.913026 0.037249 0.702861
v -0.882413 0.007894 0.691220
v -0.919414 0.003621 0.743302
v -0.944625 0.016983 0.713803
v -0.888093 0.070763 0.564655
v -0.922061 0.047384 0.634764
v -0.891812 0.063858 0.608026
v -0.873656 0.044634 0.591612
v -0.874241 -0.402875 0.493471
v -0.892290 -0.355160 0.595071
v -0.922422 -0.372127 0.556022
v -0.844109 -0.385909 0.532520
v -0.815673 -0.734949 0.381536
v -0.894203 -0.717610 0.407183
v -0.869050 -0.695515 0.449104
v -0.840827 -0.757044 0.339616
v -0.312229 -2.674021 -1.488185
v -0.313582 -2.648582 -1.540275
v -0.340609 -2.667320 -1.550667
v -0.283849 -2.672243 -1.538921
v -0.277979 -2.656816 -1.606220
v -0.346481 -2.651893 -1.617965
v -0.313863 -2.617727 -1.607573
v -0.310598 -2.690982 -1.616613
v -0.222233 -2.685130 -1.955041
v -0.210347 -2.669144 -1.938753
v -0.272453 -2.638549 -1.966252
v -0.226763 -2.645017 -1.946288
v -0.266713 -2.680841 -1.977097
v -0.314188 -2.638744 -1.968027
v -0.324647 -2.661729 -1.966974
v -0.310976 -2.681373 -1.979719
v -0.272688 -2.564775 -2.125766
v -0.203712 -2.569654 -2.112517
v -0.240541 -2.564622 -2.126179
v -0.285293 -2.608689 -2.116769
v -0.207710 -2.613535 -2.134447
v -0.195260 -2.615663 -2.100586
v -0.242766 -2.608736 -2.147698
v -0.246972 -2.605250 -2.097851
v -0.932524 0.118384 -0.366781
v -0.898700 0.040964 -0.375742
v -0.938656 -0.037862 -0.386297
v -0.904831 -0.113126 -0.366198
v -0.938656 -0.182880 -0.342836
v -0.904831 -0.244736 -0.296847
v -0.938656 -0.300125 -0.247219
v -0.901692 -0.340026 -0.182452
v -0.935516 -0.372412 -0.114001
v -0.883460 -0.386765 -0.040427
v -0.932981 -0.387688 0.036535
v -0.884788 -0.369972 0.107605
v -0.934430 -0.343657 0.181473
v -0.892153 -0.303186 0.239108
v -0.936965 -0.251020 0.298746
v -0.903141 -0.202928 0.334061
v -0.938656 -0.117193 0.370501
v -0.903926 -0.042655 0.378010
v -0.937750 0.036780 0.385813
v -0.895414 0.108359 0.364320
v -0.933766 0.181720 0.342411
v -0.880019 0.240453 0.295399
v -0.934671 0.299117 0.246934
v -0.900163 0.334486 0.175596
v -0.937972 0.368690 0.096342
v -0.894542 0.367666 -0.005799
v -0.931787 0.375753 -0.069790
v -0.861411 0.331425 -0.174464
v -0.926843 0.332703 -0.203265
v -0.858748 0.289077 -0.258975
v -0.926896 0.250401 -0.300880
v -0.352406 0.169275 -0.321726
v -0.169690 -0.556639 0.035753
v -0.169690 -0.524059 -0.206469
v -0.992393 0.125763 -0.410997
v -0.992393 -0.041092 -0.427840
v -0.992393 -0.201691 -0.379547
v -0.992393 -0.331585 -0.273472
v -0.992393 -0.410998 -0.125764
v -0.992393 -0.427840 0.041091
v -0.992393 -0.379548 0.201691
v -0.992393 -0.273473 0.331584
v -0.992393 -0.125764 0.410997
v -0.992393 0.041091 0.427840
v -0.992393 0.201690 0.379547
v -0.992393 0.331584 0.273472
v -0.992393 0.410776 0.123465
v -0.992393 0.423298 -0.051376
v -0.992393 0.374739 -0.214376
v -0.992393 0.272985 -0.336284
v -0.965954 0.385397 -0.134340
v -0.965954 0.405227 0.025227
v -0.965954 -0.259155 -0.317347
v -0.965954 -0.117985 -0.392364
v -0.965954 -0.317347 0.259155
v -0.965954 -0.392365 0.117985
v -0.965954 0.259155 0.317347
v -0.965954 0.117984 0.392365
v -0.965954 0.315228 -0.269042
v -0.965954 -0.360871 -0.194016
v -0.965954 -0.194016 0.360871
v -0.965954 0.360650 0.191717
v -0.965954 0.041148 -0.407648
v -0.965954 0.193845 -0.362164
v -0.965954 -0.407648 -0.041148
v -0.965954 -0.041148 0.407648
v -1.054886 0.122468 -0.400230
v -1.054886 -0.040015 -0.416631
v -1.054886 -0.196407 -0.369604
v -1.054886 -0.322897 -0.266308
v -1.054886 -0.400230 -0.122469
v -1.054886 -0.416631 0.040015
v -1.054886 -0.369604 0.196407
v -1.054886 -0.266308 0.322897
v -1.054886 -0.122469 0.400230
v -1.054886 0.040014 0.416631
v -1.054886 0.196406 0.369604
v -1.054886 0.322897 0.266308
v -1.054886 0.400229 0.122469
v -1.054886 0.415972 -0.041228
v -1.054886 0.368870 -0.198346
v -1.054886 0.266233 -0.323624
v -1.023640 0.043357 -0.429536
v -1.023640 0.204368 -0.380935
v -1.023640 0.333350 -0.278372
v -1.023640 -0.043358 0.429536
v -1.023640 -0.204434 0.380248
v -1.023640 -0.124320 -0.413432
v -1.023640 0.124319 0.413432
v -1.023640 -0.273070 -0.334386
v -1.023640 0.273070 0.334386
v -1.023639 -0.380248 -0.204433
v -1.023640 0.380247 0.204434
v -1.023639 -0.429537 -0.043357
v -1.023640 0.428889 0.042180
v -1.023639 -0.413432 0.124320
v -1.023640 0.409486 -0.132071
v -1.023640 -0.334387 0.273070
v -1.102356 0.106463 -0.347924
v -1.102356 -0.034786 -0.362182
v -1.102356 -0.170739 -0.321301
v -1.102356 -0.280698 -0.231504
v -1.102356 -0.347924 -0.106463
v -1.102356 -0.362182 0.034785
v -1.102356 -0.321301 0.170738
v -1.102356 -0.231504 0.280698
v -1.102356 -0.106464 0.347924
v -1.102356 0.034785 0.362182
v -1.102356 0.170738 0.321301
v -1.102357 0.280698 0.231504
v -1.102357 0.347924 0.106463
v -1.102357 0.362179 -0.034792
v -1.102357 0.321296 -0.170753
v -1.102356 0.231502 -0.280706
v -1.081325 -0.377340 0.113467
v -1.081325 -0.392039 -0.039572
v -1.081325 0.377323 -0.113517
v -1.081325 0.392036 0.039565
v -1.081325 -0.305195 0.249231
v -1.081325 0.305181 -0.249285
v -1.081325 -0.186587 0.347052
v -1.081325 0.039572 -0.392038
v -1.081325 0.186584 -0.347060
v -1.081325 -0.039573 0.392038
v -1.081325 -0.113467 -0.377340
v -1.081325 0.113466 0.377340
v -1.081325 -0.249231 -0.305195
v -1.081325 0.249231 0.305195
v -1.081325 -0.347053 -0.186587
v -1.081325 0.347052 0.186587
v -1.060895 0.090382 -0.298495
v -1.060895 -0.030769 -0.310727
v -1.060895 -0.147396 -0.275654
v -1.060895 -0.241783 -0.198615
v -1.060895 -0.299516 -0.091338
v -1.060895 -0.311720 0.029844
v -1.060895 -0.276609 0.146482
v -1.060895 -0.202358 0.240820
v -1.060895 -0.095034 0.298545
v -1.060895 0.028618 0.310903
v -1.060895 0.143788 0.276455
v -1.060895 0.237560 0.200155
v -1.060895 0.296634 0.092292
v -1.060895 0.309713 -0.029797
v -1.060895 0.274627 -0.146562
v -1.060895 0.197615 -0.240859
v -1.117379 0.211433 0.258910
v -1.117379 0.096258 0.320114
v -1.117379 -0.294420 -0.158289
v -1.117379 -0.211434 -0.258910
v -1.117379 0.294419 0.158289
v -1.117379 -0.332583 -0.033571
v -1.117379 0.332582 0.033571
v -1.117379 -0.320114 0.096259
v -1.117379 0.320113 -0.096259
v -1.117379 -0.258910 0.211433
v -1.117379 0.258910 -0.211433
v -1.117379 -0.158290 0.294419
v -1.117379 0.033571 -0.332583
v -1.117379 0.158289 -0.294419
v -1.117379 -0.033571 0.332583
v -1.117379 -0.096259 -0.320113
v -0.670917 0.058829 -0.218168
v -0.670917 -0.029763 -0.227127
v -0.670917 -0.115122 -0.201441
v -0.670917 -0.184454 -0.145022
v -0.670917 -0.226983 -0.066460
v -0.670917 -0.235799 0.022287
v -0.670917 -0.209927 0.107705
v -0.670917 -0.167449 0.176793
v -0.670917 -0.088649 0.219278
v -0.670917 0.012449 0.228867
v -0.670917 0.090524 0.206309
v -0.670917 0.156783 0.153586
v -0.670917 0.206017 0.072088
v -0.670917 0.219208 -0.021193
v -0.670917 0.193458 -0.107244
v -0.670917 0.137174 -0.176124
v -0.867408 -0.242730 0.192832
v -0.867408 -0.295816 0.087790
v -0.867408 0.232065 -0.193105
v -0.867408 0.287843 -0.087990
v -0.867408 -0.164874 0.268566
v -0.867408 0.026870 -0.303322
v -0.867408 0.140448 -0.268555
v -0.867408 -0.037249 0.303746
v -0.867408 -0.091465 -0.291950
v -0.867408 0.080680 0.293432
v -0.867408 -0.196525 -0.236131
v -0.867408 0.179292 0.241172
v -0.867408 -0.272532 -0.144363
v -0.867408 0.257943 0.150319
v -0.867408 -0.307385 -0.030617
v -0.867408 0.298459 0.031968
v -0.310333 -0.018840 -0.396513
v -0.704158 0.028277 -0.379155
v -0.303239 -0.182149 -0.389111
v -0.700025 -0.137602 -0.377120
v -0.303239 -0.325187 -0.332116
v -0.700025 -0.272794 -0.309689
v -0.317366 -0.421436 -0.252434
v -0.693746 -0.370187 -0.195968
v -0.387998 -0.476765 -0.074809
v -0.673830 -0.474804 -0.051181
v -0.302014 -0.475732 0.131241
v -0.657976 -0.448883 0.133844
v -0.192578 -0.443278 0.281213
v -0.556081 -0.365969 0.257150
v -0.703657 -0.248959 0.331526
v -0.698819 -0.054698 0.377103
v -0.643396 0.099737 0.365461
v -0.197389 0.261224 0.252412
v -0.563103 0.244530 0.291924
v -0.290301 0.321390 0.132335
v -0.678291 0.330305 0.181983
v -0.316082 0.344041 -0.018429
v -0.705000 0.359697 -0.021276
v -0.353767 0.306727 -0.171460
v -0.729987 0.314654 -0.228219
v -0.357133 0.256953 -0.259084
v -0.762614 0.757190 -0.073204
v -0.766877 0.247029 -0.301288
v -0.729037 0.244537 -0.301825
v -0.762660 0.144804 -0.334532
v -0.593656 0.123541 -0.343585
v -0.779456 -0.051595 -0.386133
v -0.554055 -0.078342 -0.395245
v -0.779456 -0.196935 -0.345140
v -0.554055 -0.228393 -0.356253
v -0.779456 -0.313624 -0.252221
v -0.554055 -0.347704 -0.271482
v -0.738645 -0.393627 -0.121524
v -0.561903 -0.421008 -0.141762
v -0.733304 -0.458366 0.045478
v -0.564326 -0.487830 0.038121
v -0.678097 -0.374866 0.175311
v -0.448317 -0.417097 0.197655
v -0.715650 -0.310911 0.291718
v -0.548985 -0.316999 0.323897
v -0.784046 -0.154943 0.360132
v -0.643376 -0.150929 0.356808
v -0.763699 0.030499 0.378229
v -0.575436 0.017667 0.382255
v -0.698015 0.174243 0.336482
v -0.474383 0.166615 0.340188
v -0.713772 0.293002 0.246055
v -0.462774 0.296484 0.232206
v -0.774759 0.357654 0.083966
v -0.558910 0.349333 0.084593
v -0.758285 0.334907 -0.134277
v -0.598975 0.333811 -0.124069
v -0.730289 0.745970 -0.084633
v -0.627268 0.297946 -0.259746
v -0.766295 0.332333 -0.289867
v -0.626790 0.273023 -0.286994
v -0.054171 0.064576 0.338025
v -0.147039 0.014335 0.343621
v -0.213906 -0.066114 0.332168
v -0.252522 -0.164213 0.309157
v -0.257937 -0.263527 0.275680
v -0.126452 -0.330275 0.260981
v -0.116236 0.052001 0.395010
v -0.199042 -0.017829 0.389786
v -0.257171 -0.110155 0.370961
v -0.279518 -0.216301 0.334060
v -0.292201 0.184666 0.340054
v -0.437714 0.067278 0.382414
v -0.513278 -0.069014 0.377259
v -0.600915 -0.209674 0.338354
v -0.302520 -0.299734 0.328120
v -0.600804 -0.216621 0.376494
v -0.163885 -0.358332 0.247875
v -0.429610 -0.273975 0.294391
v -0.487877 -0.155099 0.350810
v -0.386135 -0.016958 0.389635
v -0.304482 0.090373 0.390592
v -0.124898 0.159834 0.358901
v -0.180122 0.092974 0.393562
v -0.282170 0.014307 0.394891
v -0.349211 -0.093719 0.374240
v -0.416319 -0.221965 0.322354
v -0.292971 -0.323028 0.264532
v -0.147767 -0.344986 0.276274
v -0.314764 -0.270448 0.304769
v -0.313971 -0.160899 0.352901
v -0.263629 -0.052212 0.384463
v -0.190578 0.034455 0.396311
v -0.073923 0.090169 0.383567
v -0.052776 -0.331930 -0.322765
v -0.121547 -0.328346 -0.306244
v -0.144948 -0.350785 -0.280059
v -0.146305 -0.377165 -0.250894
v -0.123734 -0.401672 -0.225402
v -0.053605 -0.416958 -0.210685
v -0.100553 0.011297 -0.159786
v -0.052092 -0.020759 -0.197429
v -0.051994 0.040579 -0.131041
v -0.100553 0.029125 -0.099924
v -0.051994 0.055083 -0.068651
v -0.100553 0.039426 -0.039351
v -0.051994 0.061080 0.031811
v -0.175357 -0.056796 -0.159748
v -0.139654 -0.064122 -0.195315
v -0.142241 -0.009341 -0.131010
v -0.175357 -0.038619 -0.099908
v -0.142241 0.005373 -0.068641
v -0.175357 -0.028048 -0.039348
v -0.142241 0.011447 0.032504
v -0.207869 -0.145199 -0.159730
v -0.191545 -0.137126 -0.192012
v -0.198202 -0.089103 -0.130992
v -0.209713 -0.126294 -0.099901
v -0.198202 -0.073839 -0.068635
v -0.212229 -0.115601 -0.039346
v -0.199663 -0.067627 0.030853
v -0.180722 -0.243125 -0.159663
v -0.194556 -0.224727 -0.188349
v -0.203293 -0.184262 -0.130980
v -0.195061 -0.223565 -0.099872
v -0.215032 -0.169244 -0.068632
v -0.215100 -0.215154 -0.039341
v -0.224541 -0.164558 0.027658
v -0.104340 -0.319911 -0.157467
v -0.144503 -0.307951 -0.184931
v -0.152585 -0.274251 -0.130833
v -0.125805 -0.301907 -0.098944
v -0.185622 -0.260008 -0.068585
v -0.158003 -0.294758 -0.039144
v -0.211362 -0.258666 0.023033
v -0.053931 -0.355375 -0.174689
v -0.057248 -0.339477 -0.125489
v -0.078546 -0.327249 -0.066900
v -0.096238 -0.325847 0.021293
v -0.098455 -0.161627 -0.251810
v -0.100553 0.042190 0.192024
v -0.155376 -0.203076 -0.240578
v -0.176817 -0.025347 0.188562
v -0.178429 -0.259867 -0.226424
v -0.223842 -0.113620 0.179608
v -0.159180 -0.322700 -0.212188
v -0.239697 -0.214939 0.163107
v -0.101140 -0.370670 -0.200310
v -0.197076 -0.299050 0.146721
v -0.242292 -0.307907 0.296823
v -0.821566 0.040735 -0.374443
v -0.830657 -0.120407 -0.370059
v -0.830657 -0.253117 -0.301298
v -0.821239 -0.350308 -0.187110
v -0.766543 -0.404720 -0.044878
v -0.765350 -0.384437 0.103744
v -0.761554 -0.330615 0.236051
v -0.820408 -0.240448 0.331649
v -0.827941 -0.049972 0.377036
v -0.802404 0.105452 0.364423
v -0.756220 0.238484 0.296954
v -0.817193 0.334409 0.176357
v -0.812500 0.360282 -0.023236
v -0.765351 0.315016 -0.228109
v -0.744670 0.743655 -0.088364
v -0.862413 0.210666 -0.312884
v -0.794421 0.283519 -0.286098
v -0.794054 0.306118 -0.260250
v -0.822796 0.339817 -0.124091
v -0.862813 0.358839 0.085574
v -0.835869 0.293618 0.244299
v -0.828624 0.176675 0.336625
v -0.860500 0.034068 0.378142
v -0.867744 -0.139746 0.362179
v -0.849043 -0.277281 0.290850
v -0.828758 -0.348716 0.175014
v -0.822345 -0.393486 0.032160
v -0.842630 -0.377756 -0.115885
v -0.867744 -0.301988 -0.246582
v -0.867744 -0.186298 -0.340035
v -0.867744 -0.042797 -0.382014
v -0.827994 0.145267 -0.336634
v -0.737252 0.698785 -0.042429
v -0.760149 0.645437 0.002936
v -0.751140 0.727156 -0.021912
v -0.736694 0.727231 -0.021948
v -0.755756 0.530284 0.012015
v -0.727114 0.705233 -0.034422
v -0.743960 0.661020 0.009680
v -0.726794 0.718303 -0.025137
v -0.751130 0.698956 -0.042610
v -0.754553 0.555492 0.042007
v -0.760297 0.718161 -0.025135
v -0.760050 0.705337 -0.034638
v -0.766812 0.312695 -0.316543
v -0.729716 0.770809 -0.066885
v -0.715222 0.324079 -0.306394
v -0.745720 0.307271 -0.318992
v -0.774399 0.325945 -0.306170
v -0.772042 0.439914 -0.360093
v -0.769685 0.584070 -0.343383
v -0.767328 0.717466 -0.263995
v -0.764971 0.786707 -0.170423
v -0.723852 0.331416 -0.290211
v -0.725140 0.436424 -0.345583
v -0.726427 0.569309 -0.333268
v -0.727714 0.698802 -0.261558
v -0.729002 0.772011 -0.177048
v -0.757431 0.746128 -0.084930
v -0.759204 0.772021 -0.177364
v -0.760977 0.698697 -0.261863
v -0.762750 0.569296 -0.333396
v -0.764522 0.436860 -0.345469
v -0.746340 0.332748 -0.285413
v -0.746006 0.435178 -0.342297
v -0.745672 0.565030 -0.331668
v -0.745338 0.693661 -0.261988
v -0.745004 0.768386 -0.179700
v -0.757761 0.770597 -0.066836
v -0.759571 0.798627 -0.169460
v -0.761382 0.729855 -0.272182
v -0.763192 0.590288 -0.357357
v -0.765002 0.433143 -0.374925
v -0.722956 0.311157 -0.316517
v -0.724308 0.431997 -0.375146
v -0.725660 0.589855 -0.357636
v -0.727012 0.729686 -0.272429
v -0.728364 0.798563 -0.169585
v -0.724770 0.757390 -0.073110
v -0.722860 0.786779 -0.170395
v -0.720951 0.717461 -0.264137
v -0.719041 0.583955 -0.344026
v -0.717131 0.438924 -0.360851
v -0.744273 0.774953 -0.065564
v -0.744563 0.802051 -0.169987
v -0.744852 0.732976 -0.275496
v -0.745142 0.591099 -0.362032
v -0.745431 0.429600 -0.379332
v -0.733695 0.360045 -0.354509
v -0.734294 0.509594 -0.383048
v -0.734894 0.667151 -0.321865
v -0.735493 0.779238 -0.223071
v -0.736092 0.799239 -0.116857
v -0.771049 0.376725 -0.330366
v -0.768854 0.508552 -0.356184
v -0.766659 0.642935 -0.303471
v -0.764465 0.757188 -0.217713
v -0.762270 0.775489 -0.128312
v -0.718374 0.375545 -0.330755
v -0.720119 0.508283 -0.356681
v -0.721864 0.643016 -0.303485
v -0.723610 0.757224 -0.217544
v -0.725355 0.775539 -0.128082
v -0.756798 0.360816 -0.354466
v -0.755670 0.510126 -0.382976
v -0.754541 0.667242 -0.321714
v -0.753412 0.779401 -0.222951
v -0.752283 0.799154 -0.116807
v -0.756782 0.377046 -0.320306
v -0.755654 0.501065 -0.348320
v -0.754527 0.630203 -0.300628
v -0.753399 0.745319 -0.220010
v -0.752272 0.767816 -0.136265
v -0.734586 0.376699 -0.320397
v -0.735119 0.500996 -0.348232
v -0.735652 0.630259 -0.300423
v -0.736184 0.745366 -0.219792
v -0.736717 0.767729 -0.136062
v -0.771444 0.369513 -0.346090
v -0.769220 0.513008 -0.372172
v -0.766995 0.659937 -0.313043
v -0.764771 0.772871 -0.218930
v -0.762547 0.789775 -0.119359
v -0.717861 0.367908 -0.346431
v -0.719644 0.512276 -0.372829
v -0.721428 0.659871 -0.313413
v -0.723212 0.772696 -0.219099
v -0.724995 0.789997 -0.119382
v -0.737796 0.507333 0.019727
v -0.736106 0.519953 0.044964
v -0.749790 0.537668 0.048334
v -0.737245 0.537478 0.048311
v -0.743788 0.514465 0.039494
v -0.731289 0.520539 0.038355
v -0.743633 0.526774 0.048412
v -0.731030 0.531729 0.046310
v -0.749852 0.507684 0.019592
v -0.750908 0.520219 0.044927
v -0.755538 0.532109 0.046311
v -0.755382 0.521084 0.038198
v -0.731034 0.529604 0.012292
v -0.744309 0.633268 -0.010446
v -0.732059 0.555186 0.041968
v -0.726743 0.645280 0.003018
v -0.758445 0.544762 0.036900
v -0.755574 0.635598 -0.007415
v -0.743735 0.558786 0.043027
v -0.755866 0.657266 0.008556
v -0.731615 0.635206 -0.007153
v -0.754438 0.522990 -0.043386
v -0.731109 0.657220 0.008514
v -0.728092 0.544275 0.036974
v -0.750176 0.569188 -0.005744
v -0.758099 0.588289 0.027590
v -0.737261 0.596032 0.030404
v -0.728803 0.576408 0.019391
v -0.750014 0.596149 0.030436
v -0.757881 0.576916 0.019200
v -0.737851 0.568865 -0.005583
v -0.728520 0.587990 0.027589
v -0.754583 0.495081 -0.084205
v -0.738801 0.488373 -0.078420
v -0.750393 0.488702 -0.078571
v -0.733915 0.494501 -0.083935
v -0.745020 0.489030 -0.101291
v -0.750695 0.500956 -0.091484
v -0.738667 0.500624 -0.091327
v -0.754002 0.500971 -0.030500
v -0.733699 0.500367 -0.030236
v -0.733407 0.522393 -0.043111
v -0.744599 0.525928 -0.046896
v -0.744474 0.496603 -0.029655
v -0.154515 -0.325214 0.429600
v -0.358976 -0.080670 0.448734
v -0.500089 -0.162631 0.383321
v -0.267586 -0.196993 0.426884
v -0.150950 -0.298969 0.381453
v -0.371891 -0.201902 0.385639
v -0.310020 -0.359474 0.382990
v -0.499701 -0.205076 0.342996
v -0.120934 -0.037835 0.486834
v -0.277858 -0.016632 0.464473
v -0.346499 -0.049716 0.409468
v -0.131113 -0.140681 0.421469
v -0.310132 -0.084044 0.413836
v -0.260975 -0.171627 0.476768
v -0.435636 -0.118547 0.423507
v -0.391054 -0.115556 0.390176
v -0.184302 0.004863 0.422221
v -0.061554 0.142907 0.448822
v -0.176995 0.104666 0.445895
v -0.224383 0.074399 0.410690
v -0.065375 0.118544 0.410702
v -0.189040 0.084866 0.407540
v -0.108212 0.145633 0.434494
v -0.167103 0.067325 0.474646
v -0.258829 0.029265 0.433652
v -0.282426 0.007562 0.396866
v -0.529184 -0.273990 0.403543
v -0.528890 -0.215978 0.434843
v -0.447866 -0.204265 0.456810
v -0.458715 -0.282323 0.421799
v -0.361087 -0.102121 0.467519
v -0.384737 -0.168278 0.475886
v -0.411683 -0.135700 0.452263
v -0.315475 -0.085961 0.481808
v -0.375199 -0.264285 0.454250
v -0.597226 -0.250495 0.384526
v -0.506329 -0.176624 0.429425
v -0.445828 -0.333322 0.361788
v -0.076708 -0.802688 -0.008257
v -0.076708 -0.797481 -0.230490
v -0.139493 -0.659762 -0.110174
v -0.053797 -1.458902 -0.059872
v -0.053797 -1.458000 -0.183860
v -0.101816 -0.960920 -0.129711
v -0.074922 -1.298732 -0.126872
v -0.060843 -1.129826 -0.046970
v -0.060843 -1.129826 -0.204270
v -0.136070 -1.713465 -0.059368
v -0.138874 -1.717850 -0.221222
v -0.136496 -1.600696 -0.129335
v -0.212063 -2.006956 -0.052061
v -0.202710 -1.905614 -0.315654
v -0.291173 -1.842791 -0.154602
v -0.151654 -1.877975 -0.004776
v -0.244770 -2.190310 -0.155074
v -0.242330 -2.077842 -0.459059
v -0.340226 -2.045965 -0.228652
v -0.258196 -2.338654 -0.289600
v -0.125593 -2.315556 -0.943707
v -0.422837 -2.230441 -0.385922
v -0.244485 -2.444866 -0.414981
v -0.241726 -2.385109 -0.954034
v -0.430870 -2.376565 -0.549024
v -0.141500 -2.375944 -1.260404
v -0.318720 -2.442861 -0.967353
v -0.082503 -2.359694 -1.545521
v -0.172881 -2.387460 -1.382745
v -0.137273 -2.521326 -0.541314
v -0.200073 -2.524122 -0.984865
v -0.323626 -2.491557 -0.758282
v -0.208143 -2.473188 -1.135285
v -0.112563 -2.567863 -0.768329
v -0.068843 -2.541690 -1.060401
v -0.051395 -2.415996 -1.476012
v -0.107454 -2.420805 -1.445321
v -0.103732 -2.439446 -1.411332
v -0.047673 -2.462088 -1.371476
v -0.101087 -2.474361 -1.284471
v -0.174659 -2.434201 -1.319215
v -0.117055 -2.383646 -1.498749
v -0.182295 -1.825589 -0.033281
v -0.220033 -1.918556 -0.025945
v -0.250673 -1.866170 -0.054451
v -0.238489 -1.799394 -0.083942
v -0.100746 -1.804011 -0.019475
v -0.120353 -1.935894 0.003779
v -0.291828 -1.914199 -0.080531
v -0.196302 -1.950937 0.058369
v -0.219043 -1.911309 0.068651
v -0.239064 -1.965053 0.030769
v -0.261804 -1.925425 0.041051
v -0.182608 -1.880064 0.020067
v -0.198904 -1.933928 0.015277
v -0.251373 -1.915685 -0.011778
v -0.226685 -1.871734 0.004718
v -0.223898 -2.036904 0.093295
v -0.247393 -2.022169 0.134789
v -0.267166 -2.028334 0.068957
v -0.290661 -2.013600 0.110451
v -0.277458 -1.975246 0.063322
v -0.259175 -1.956733 0.103304
v -0.214294 -1.970972 0.103816
v -0.223707 -1.999153 0.061571
v -0.313910 -2.571551 0.089659
v -0.333359 -2.553748 0.129552
v -0.355455 -2.548975 0.064292
v -0.374905 -2.531172 0.104185
v -0.307385 -2.495468 0.059536
v -0.305189 -2.084250 0.085896
v -0.298328 -2.508854 0.113141
v -0.284410 -2.097476 0.133587
v -0.344685 -2.629495 0.190655
v -0.365312 -2.595587 0.228711
v -0.386231 -2.619597 0.160668
v -0.406858 -2.585689 0.198724
v -0.332661 -2.603805 0.139878
v -0.342223 -2.606132 0.084997
v -0.394980 -2.575972 0.097627
v -0.371346 -2.566444 0.147864
v -0.378560 -2.598043 0.565509
v -0.402456 -2.559774 0.555845
v -0.420106 -2.614645 0.547160
v -0.444002 -2.576375 0.537496
v -0.426360 -2.619942 0.345768
v -0.406432 -2.588691 0.385300
v -0.364042 -2.611643 0.387958
v -0.372863 -2.648597 0.355224
v -0.418155 -2.381588 0.749437
v -0.442557 -2.364914 0.676202
v -0.459701 -2.388403 0.771243
v -0.484103 -2.371730 0.698008
v -0.412788 -2.506211 0.692152
v -0.466791 -2.495509 0.658621
v -0.404472 -2.477248 0.653249
v -0.449391 -2.472268 0.619184
v -0.424637 -2.313479 0.880972
v -0.448480 -2.241561 0.858555
v -0.466200 -2.338120 0.888533
v -0.490043 -2.266203 0.866116
v -0.436479 -2.342884 0.840237
v -0.490482 -2.324280 0.814999
v -0.428163 -2.301650 0.784300
v -0.473082 -2.276786 0.750572
v -0.434473 -2.385783 0.978585
v -0.455517 -2.350776 1.034175
v -0.476122 -2.397878 0.958869
v -0.497166 -2.362871 1.014459
v -0.439854 -2.357845 0.930843
v -0.491145 -2.329588 0.940155
v -0.428723 -2.294893 0.953521
v -0.473099 -2.256829 0.967885
v -0.488624 -2.612859 0.952546
v -0.506925 -2.679508 0.968872
v -0.519783 -2.590039 0.946957
v -0.538085 -2.656688 0.963282
v -0.546785 -2.603744 0.956315
v -0.501250 -2.502530 1.029317
v -0.456874 -2.491066 1.003892
v -0.492782 -2.566469 0.948789
v -0.519296 -2.480681 0.980458
v -0.529384 -2.698904 0.975528
v -0.484466 -2.649087 0.965470
v -0.468005 -2.471879 0.962869
v -0.473902 -2.566996 0.965076
v -0.515465 -2.542741 0.957605
v -0.497744 -2.637890 0.986565
v -0.539307 -2.613636 0.979094
v -0.246736 -2.100424 -0.663900
v -0.368223 -1.947433 -0.987009
v -0.125928 -2.127847 -0.772708
v -0.359496 -2.174441 -0.660956
v -0.253518 -2.269359 -0.869269
v -0.129348 -2.197671 -0.890812
v -0.362858 -2.273552 -0.748221
v -0.060499 -2.265414 -0.798838
v -0.121386 -2.136727 -0.627752
v -0.367568 -2.188221 -0.471680
v -0.430144 -2.300158 -0.575237
v -0.377116 -2.403793 -0.718348
v -0.279952 -1.586905 -1.192424
v -0.250452 -1.627828 -1.427428
v -0.183689 -1.625372 -1.246953
v -0.367411 -1.625304 -1.223372
v -0.290451 -1.756329 -1.330071
v -0.188891 -1.706431 -1.319111
v -0.372708 -1.713670 -1.288861
v -0.326466 -2.030276 -1.047540
v -0.211059 -1.981615 -1.108834
v -0.143726 -1.923856 -1.042572
v -0.203001 -1.851243 -0.958227
v -0.319331 -1.875996 -0.915923
v -0.290906 -1.481110 -1.427209
v -0.329974 -1.605000 -1.471118
v -0.231540 -1.516664 -1.440621
v -0.344984 -1.508429 -1.435946
v -0.297904 -1.607785 -1.446072
v -0.234921 -1.579668 -1.451533
v -0.348601 -1.572100 -1.443898
v -0.197767 -1.561894 -1.400130
v -0.331088 -1.492443 -1.344902
v -0.369571 -1.551628 -1.389965
v -0.339307 -1.626937 -1.415319
v -0.242619 -1.496117 -1.352700
v -0.298723 -1.605273 -1.566665
v -0.339710 -2.335604 -1.672281
v -0.245600 -1.637484 -1.549881
v -0.347066 -1.629052 -1.557087
v -0.304720 -1.701526 -1.498827
v -0.248519 -1.686304 -1.517158
v -0.350144 -1.676484 -1.521971
v -0.269199 -1.611076 -1.476293
v -0.233163 -1.567862 -1.494534
v -0.263841 -1.515301 -1.503407
v -0.324353 -1.509957 -1.501525
v -0.350675 -1.558367 -1.494643
v -0.309745 -2.510552 -1.692735
v -0.368362 -2.630769 -1.692664
v -0.255141 -2.526553 -1.662691
v -0.358608 -2.513644 -1.696749
v -0.313483 -2.550089 -1.609536
v -0.258526 -2.551519 -1.616324
v -0.360594 -2.540500 -1.644780
v -0.357771 -1.873890 -1.589648
v -0.336599 -1.905641 -1.543643
v -0.276535 -1.913560 -1.533094
v -0.247347 -2.372354 -1.608396
v -0.272014 -1.837869 -1.603170
v -0.332077 -1.831946 -1.616415
v -0.364310 -2.359858 -1.651687
v -0.341271 -2.385407 -1.607693
v -0.281202 -2.392205 -1.589455
v -0.241486 -1.882378 -1.561928
v -0.278411 -2.342437 -1.648616
v -0.255632 -2.161262 -1.568791
v -0.306379 -2.097393 -1.647159
v -0.253484 -2.124051 -1.607746
v -0.310323 -2.170669 -1.566661
v -0.354100 -2.115612 -1.645677
v -0.355897 -2.151676 -1.604134
v -0.311967 -2.668069 -1.708222
v -0.308391 -2.682884 -1.663569
v -0.269251 -2.675419 -1.685726
v -0.348227 -2.674832 -1.711116
v -0.310066 -2.690208 -1.629332
v -0.270354 -2.675819 -1.634805
v -0.347196 -2.674045 -1.654592
v -0.350490 -2.641507 -1.632233
v -0.272573 -2.646873 -1.616823
v -0.241871 -2.638830 -1.655748
v -0.234211 -2.675130 -1.728772
v -0.268948 -2.674242 -1.757482
v -0.290644 -2.622683 -1.849699
v -0.350480 -2.654136 -1.851994
v -0.239162 -2.631028 -1.825437
v -0.338348 -2.622966 -1.852966
v -0.284928 -2.677910 -1.862377
v -0.234442 -2.683506 -1.835940
v -0.335123 -2.679775 -1.866289
v -0.221024 -2.662545 -1.816563
v -0.322541 -2.645483 -1.964382
v -0.261823 -2.608108 -2.150316
v -0.332926 -2.672154 -1.778635
v -0.235508 -2.620158 -1.720016
v -0.271554 -2.597716 -1.743772
v -0.333706 -2.591749 -1.763493
v -0.361332 -2.671682 -1.766969
v -0.362277 -2.607327 -1.756508
v -0.245696 -2.644436 -2.146259
v -0.283797 -2.667769 -2.138352
v -0.210700 -2.649034 -2.132597
v -0.276362 -2.644612 -2.146230
v -0.245827 -2.678510 -2.145935
v -0.210526 -2.681933 -2.130574
v -0.277074 -2.678878 -2.146161
v -0.202000 -2.672893 -2.121360
v -0.226026 -2.668281 -2.142270
v -0.265169 -2.666380 -2.151689
v -0.320721 -2.677140 -1.973015
v -0.293583 -2.680562 -1.982581
v -0.239789 -2.682326 -1.966754
v -0.198429 -2.651223 -2.098540
v -0.245900 -2.641061 -1.956992
v -0.201437 -2.683836 -2.104440
v -0.247586 -2.106938 0.062770
v -0.263299 -2.282567 0.034511
v -0.342974 -2.370249 0.060417
v -0.331358 -2.254191 0.057470
v -0.236759 -2.112236 0.122715
v -0.251967 -2.300555 0.112877
v -0.322257 -2.398832 0.124060
v -0.308143 -2.283922 0.123940
v -0.267434 -2.201474 0.131115
v -0.286068 -2.372005 0.131542
v -0.316355 -2.175043 0.102651
v -0.340297 -2.340145 0.089494
v -0.240719 -2.203046 0.079932
v -0.254553 -2.370126 0.067475
v -0.289640 -2.176615 0.051467
v -0.308782 -2.338266 0.025427
v -0.278766 -2.395658 0.039946
v -0.268849 -2.413827 0.114233
v -0.360647 -2.472711 0.076711
v -0.339540 -2.483232 0.119953
v -0.301831 -2.441896 0.128193
v -0.345345 -2.416427 0.101118
v -0.277023 -2.442414 0.083171
v -0.320536 -2.416944 0.056097
v -0.777707 -0.795611 0.117325
v -0.786919 -0.743963 0.209405
v -0.817001 -0.762876 0.169035
v -0.747625 -0.776697 0.157695
v -0.750002 -0.627537 0.049311
v -0.760098 -0.596855 0.140533
v -0.695674 -0.608273 0.135247
v -0.693655 -0.633981 0.042525
v -0.822255 -0.879393 0.287360
v -0.838678 -0.785492 0.317095
v -0.867724 -0.820019 0.327064
v -0.797964 -0.846587 0.288712
v -0.793104 -0.810969 0.248657
v -0.784691 -0.865232 0.207158
v -0.847171 -0.794698 0.273841
v -0.831906 -0.848614 0.223999
v -0.857836 -0.837831 0.377653
v -0.871067 -0.737379 0.434698
v -0.890041 -0.793126 0.399441
v -0.836563 -0.799187 0.396859
v -0.868302 -0.848843 0.353166
v -0.894393 -0.758857 0.394618
v -0.818544 -0.862759 0.338670
v -0.818161 -0.776423 0.368774
v -0.909402 -0.007562 0.650006
v -0.918070 -0.017309 0.739289
v -0.948213 -0.007310 0.710257
v -0.880189 -0.019286 0.689880
v -0.883573 -0.050432 0.651679
v -0.836018 -0.707005 0.435923
v -0.943399 -0.032999 0.730561
v -0.873749 -0.740148 0.373042
v -0.903364 0.049492 0.656874
v -0.918981 0.023251 0.735250
v -0.934909 0.033360 0.712159
v -0.891389 0.028732 0.693389
v -0.935259 0.029823 0.677101
v -0.878053 0.020657 0.642469
v -0.893834 0.003248 0.728089
v -0.942046 0.008403 0.738119
v -0.896436 0.055851 0.581532
v -0.884633 0.073297 0.572044
v -0.906012 0.063190 0.594659
v -0.875057 0.065959 0.558918
v -0.924178 0.034100 0.631288
v -0.880609 0.031145 0.602831
v -0.907844 0.059980 0.627452
v -0.878804 0.058811 0.591182
v -0.845850 -0.403631 0.491207
v -0.892270 -0.040255 0.719385
v -0.918122 -0.357508 0.585033
v -0.941797 -0.039863 0.672141
v -0.902875 -0.155968 0.605049
v -0.912895 -0.123386 0.698530
v -0.946116 -0.133894 0.663180
v -0.869654 -0.145460 0.640398
v -0.861946 -0.364741 0.579708
v -0.907144 -0.390191 0.521135
v -0.814960 -0.758559 0.333561
v -0.895025 -0.699408 0.434913
v -0.820129 -0.628847 0.424489
v -0.898996 -0.612435 0.448646
v -0.872475 -0.592034 0.490223
v -0.846650 -0.649248 0.382912
v -0.313126 -2.659181 -1.498947
v -0.311332 -2.686742 -1.505727
v -0.331044 -2.671115 -1.506742
v -0.293414 -2.674807 -1.497932
v -0.289929 -2.687409 -1.543909
v -0.336693 -2.680097 -1.619757
v -0.334529 -2.651917 -1.545939
v -0.287766 -2.628849 -1.604168
v -0.285318 -2.683553 -1.611208
v -0.332499 -2.683954 -1.552459
v -0.339143 -2.624919 -1.613237
v -0.291959 -2.655846 -1.536870
v -0.279912 -2.666267 -1.584051
v -0.344546 -2.661344 -1.595797
v -0.313770 -2.636629 -1.585404
v -0.310688 -2.690982 -1.594443
v -0.288388 -2.644551 -2.115563
v -0.298017 -2.637703 -1.970964
v -0.286232 -2.679382 -2.123186
v -0.266921 -2.682044 -2.131821
v -0.225273 -2.683416 -2.121116
v -0.214944 -2.653388 -1.938691
v -0.280343 -2.609570 -2.137052
v -0.212825 -2.682866 -1.944771
v -0.213157 -2.685443 -2.060258
v -0.201872 -2.671834 -2.046659
v -0.255583 -2.634760 -2.063255
v -0.215390 -2.640324 -2.047248
v -0.252142 -2.681792 -2.078164
v -0.291238 -2.634928 -2.063645
v -0.299979 -2.665522 -2.067939
v -0.289161 -2.682244 -2.079330
v -0.260532 -2.563964 -2.128799
v -0.240123 -2.576522 -2.144027
v -0.204585 -2.581379 -2.130782
v -0.271160 -2.576669 -2.143678
v -0.195138 -2.582975 -2.105427
v -0.279959 -2.576525 -2.120587
v -0.219380 -2.566576 -2.120040
v -0.243123 -2.573908 -2.106629
v -0.205048 -2.579113 -2.092436
v -0.276380 -2.574065 -2.106256
v -0.267862 -2.604562 -2.100722
v -0.286104 -2.607037 -2.099386
v -0.198494 -2.613703 -2.083298
v -0.224883 -2.607294 -2.091294
v -0.222613 -2.610600 -2.141718
v -0.198459 -2.615803 -2.122023
v -0.928051 0.191082 -0.336891
v -0.937123 0.039629 -0.385076
v -0.938656 -0.112546 -0.371774
v -0.938656 -0.246271 -0.300859
v -0.937871 -0.342739 -0.184178
v -0.933313 -0.387832 -0.039494
v -0.933645 -0.372718 0.111165
v -0.935486 -0.302444 0.244864
v -0.938233 -0.189298 0.341248
v -0.938429 -0.040052 0.385643
v -0.936301 0.111354 0.371305
v -0.932453 0.245200 0.300498
v -0.937489 0.341078 0.179591
v -0.936083 0.380675 0.009208
v -0.927801 0.358302 -0.140624
v -0.927135 0.297292 -0.256942
v -0.216631 -0.547887 -0.091338
v -0.992393 0.203445 -0.379811
v -0.992393 0.043173 -0.427716
v -0.992393 -0.123793 -0.411680
v -0.992393 -0.271913 -0.332969
v -0.992393 -0.378636 -0.203567
v -0.992393 -0.427716 -0.043174
v -0.992393 -0.411680 0.123793
v -0.992393 -0.332969 0.271912
v -0.992393 -0.203567 0.378636
v -0.992393 -0.043174 0.427716
v -0.992393 0.123792 0.411680
v -0.992393 0.271912 0.332969
v -0.992393 0.378581 0.202992
v -0.992393 0.426304 0.037729
v -0.992393 0.405022 -0.137521
v -0.992393 0.331158 -0.280958
v -1.054886 0.198215 -0.368898
v -1.054886 0.042042 -0.416510
v -1.054886 -0.120550 -0.400894
v -1.054886 -0.264789 -0.324246
v -1.054886 -0.368716 -0.198234
v -1.054886 -0.416510 -0.042042
v -1.054886 -0.400895 0.120549
v -1.054886 -0.324246 0.264789
v -1.054886 -0.198234 0.368716
v -1.054886 -0.042043 0.416510
v -1.054886 0.120549 0.400894
v -1.054886 0.264788 0.324246
v -1.054886 0.368716 0.198234
v -1.054886 0.416345 0.041739
v -1.054886 0.399887 -0.122550
v -1.054886 0.323969 -0.266182
v -1.102356 0.172326 -0.320531
v -1.102356 0.036548 -0.362077
v -1.102356 -0.104795 -0.348502
v -1.102356 -0.230184 -0.281870
v -1.102356 -0.320529 -0.172327
v -1.102356 -0.362077 -0.036548
v -1.102356 -0.348502 0.104795
v -1.102356 -0.281871 0.230184
v -1.102356 -0.172327 0.320529
v -1.102356 -0.036549 0.362077
v -1.102356 0.104794 0.348502
v -1.102356 0.230183 0.281871
v -1.102356 0.320529 0.172327
v -1.102356 0.362076 0.036546
v -1.102356 0.348498 -0.104807
v -1.102356 0.281867 -0.230197
v -1.060895 0.146866 -0.275002
v -1.060895 0.030419 -0.310637
v -1.060895 -0.090826 -0.298991
v -1.060895 -0.198405 -0.241826
v -1.060895 -0.275996 -0.147845
v -1.060895 -0.311653 -0.031356
v -1.060895 -0.299958 0.089907
v -1.060895 -0.243475 0.197482
v -1.060895 -0.152973 0.275005
v -1.060895 -0.033014 0.310743
v -1.060895 0.088129 0.299362
v -1.060895 0.194097 0.243086
v -1.060895 0.272348 0.149334
v -1.060895 0.309421 0.031693
v -1.060895 0.297964 -0.089957
v -1.060895 0.240809 -0.197550
v -0.721859 0.120403 -0.236261
v -0.721859 0.020483 -0.266813
v -0.721859 -0.083639 -0.256802
v -0.721859 -0.176178 -0.207667
v -0.721859 -0.243134 -0.126887
v -0.721859 -0.273847 -0.026760
v -0.721859 -0.263632 0.077470
v -0.721859 -0.220601 0.169935
v -0.721859 -0.150876 0.236668
v -0.721859 -0.040105 0.267785
v -0.721859 0.065693 0.259581
v -0.721859 0.151684 0.214453
v -0.721859 0.221106 0.134350
v -0.721859 0.258275 0.029520
v -0.721859 0.250083 -0.077236
v -0.721859 0.200990 -0.169885
v -0.563956 0.011764 -0.385144
v -0.775257 0.036125 -0.376328
v -0.554055 -0.155491 -0.382683
v -0.779456 -0.126551 -0.372789
v -0.554055 -0.293610 -0.318379
v -0.779456 -0.260156 -0.304509
v -0.556017 -0.390296 -0.213349
v -0.769253 -0.357920 -0.190489
v -0.591672 -0.468717 -0.048104
v -0.714562 -0.450777 -0.035282
v -0.565554 -0.453063 0.112480
v -0.716149 -0.425298 0.111879
v -0.387554 -0.387176 0.301232
v -0.669769 -0.348885 0.240542
v -0.650880 -0.241975 0.339674
v -0.769242 -0.249933 0.330896
v -0.606870 -0.059209 0.377439
v -0.776664 -0.052585 0.376789
v -0.535725 0.089630 0.370193
v -0.739399 0.103158 0.364709
v -0.392568 0.246776 0.288896
v -0.676991 0.239082 0.296085
v -0.532449 0.326011 0.172039
v -0.761861 0.333396 0.178109
v -0.571353 0.355563 -0.018116
v -0.768292 0.360063 -0.024215
v -0.659313 0.307149 -0.229810
v -0.749409 0.314898 -0.227563
v -0.625222 0.287070 -0.275396
v -0.750028 0.245000 -0.301751
v -0.657701 0.243307 -0.296869
v -0.104474 0.044646 0.344307
v -0.183104 -0.023528 0.338673
v -0.237645 -0.113112 0.322774
v -0.259099 -0.215618 0.292924
v -0.222550 -0.303295 0.263132
v -0.232243 0.131481 0.379505
v -0.352238 0.039797 0.393517
v -0.425055 -0.081416 0.376286
v -0.530953 -0.222291 0.322561
v -0.312259 -0.322368 0.268117
v -0.140048 0.067146 0.394605
v -0.230207 -0.005975 0.391869
v -0.291374 -0.103954 0.372129
v -0.324181 -0.218059 0.329531
v -0.263400 -0.314084 0.284916
v -0.013194 -0.294494 -0.308839
v -0.096356 -0.324267 -0.316243
v -0.135395 -0.338930 -0.293829
v -0.148990 -0.363625 -0.265544
v -0.137638 -0.390236 -0.237162
v -0.097940 -0.410803 -0.216336
v -0.013401 -0.412379 -0.202709
v -0.100553 0.041496 0.032644
v -0.100029 -0.037075 -0.196588
v -0.100553 0.035472 -0.068646
v -0.100553 0.020896 -0.131025
v -0.175722 -0.025962 0.031779
v -0.170362 -0.098579 -0.193745
v -0.175357 -0.032101 -0.068638
v -0.175357 -0.047039 -0.130999
v -0.215467 -0.113756 0.029541
v -0.200509 -0.179321 -0.190190
v -0.211265 -0.119624 -0.068634
v -0.208330 -0.135017 -0.130987
v -0.224100 -0.214654 0.025417
v -0.175337 -0.269039 -0.186570
v -0.207240 -0.217703 -0.068619
v -0.184307 -0.232215 -0.130940
v -0.173138 -0.295945 0.021370
v -0.103540 -0.337914 -0.181587
v -0.144588 -0.296432 -0.068142
v -0.109706 -0.310097 -0.129427
v -0.857807 0.042288 -0.374060
v -0.867744 -0.116742 -0.368128
v -0.867744 -0.248901 -0.299073
v -0.861466 -0.345095 -0.184781
v -0.825002 -0.395407 -0.042652
v -0.826363 -0.376440 0.105675
v -0.834621 -0.314325 0.237599
v -0.863069 -0.223711 0.332974
v -0.865933 -0.046711 0.377543
v -0.848909 0.107045 0.364371
v -0.818119 0.239889 0.296177
v -0.858543 0.334415 0.175821
v -0.850343 0.362201 -0.017408
v -0.786993 0.311826 -0.230004
v -0.796076 0.296617 -0.275323
v -0.788325 0.252614 -0.295108
v -0.730942 0.700680 -0.039692
v -0.744496 0.698544 -0.043209
v -0.725741 0.711441 -0.028833
v -0.759080 0.582278 0.024248
v -0.756835 0.724000 -0.022919
v -0.744123 0.728082 -0.021720
v -0.730402 0.724129 -0.022965
v -0.756524 0.700920 -0.039972
v -0.761408 0.711365 -0.028921
v -0.773221 0.374548 -0.338698
v -0.770864 0.512827 -0.363829
v -0.768506 0.652624 -0.307267
v -0.766149 0.766269 -0.217177
v -0.763792 0.782455 -0.122757
v -0.724496 0.376451 -0.323660
v -0.725783 0.503366 -0.350584
v -0.727071 0.634404 -0.301103
v -0.728358 0.749129 -0.218812
v -0.729645 0.770080 -0.133307
v -0.758317 0.770176 -0.133617
v -0.760090 0.749061 -0.219127
v -0.761863 0.634314 -0.301357
v -0.763636 0.503519 -0.350570
v -0.765409 0.377178 -0.323449
v -0.746173 0.376746 -0.319701
v -0.745839 0.500465 -0.348015
v -0.745505 0.629289 -0.300559
v -0.745171 0.744556 -0.220264
v -0.744837 0.767352 -0.136873
v -0.758666 0.795868 -0.117561
v -0.760477 0.777185 -0.221384
v -0.762287 0.664826 -0.318593
v -0.764097 0.511355 -0.379219
v -0.765907 0.364106 -0.351644
v -0.723632 0.362740 -0.351784
v -0.724984 0.510507 -0.379474
v -0.726336 0.664696 -0.318874
v -0.727688 0.776938 -0.221575
v -0.729040 0.796030 -0.117630
v -0.723815 0.782660 -0.122677
v -0.721905 0.766222 -0.217227
v -0.719996 0.652652 -0.307583
v -0.718086 0.512377 -0.364703
v -0.716176 0.373018 -0.339179
v -0.744418 0.800116 -0.116703
v -0.744708 0.779943 -0.223543
v -0.744997 0.667808 -0.322705
v -0.745286 0.509484 -0.384050
v -0.745576 0.359508 -0.355204
v -0.732855 0.513008 0.018420
v -0.744061 0.507313 0.019140
v -0.730261 0.525825 0.043131
v -0.743648 0.520229 0.044790
v -0.753542 0.540662 0.046136
v -0.743683 0.538245 0.048459
v -0.733155 0.540361 0.046112
v -0.754106 0.513617 0.018182
v -0.756352 0.526279 0.043067
v -0.755074 0.563205 0.005586
v -0.743819 0.596883 0.030605
v -0.755042 0.593421 0.029546
v -0.731918 0.562613 0.005858
v -0.744285 0.568753 -0.006276
v -0.731705 0.593200 0.029506
v -0.727590 0.581896 0.024326
v -0.753583 0.505388 -0.076942
v -0.753300 0.493415 -0.067389
v -0.735155 0.492894 -0.067152
v -0.744852 0.488465 -0.079072
v -0.734986 0.504868 -0.076699
v -0.744946 0.500713 -0.092003
v -0.286944 -0.291270 0.445004
v -0.530752 -0.177563 0.406011
v -0.438936 -0.161016 0.372737
v -0.281660 -0.257238 0.396916
v -0.239682 -0.033309 0.484003
v -0.327016 -0.044207 0.438174
v -0.343176 -0.061697 0.397494
v -0.241424 -0.111969 0.430995
v -0.121191 0.130073 0.458277
v -0.218951 0.072386 0.429893
v -0.231929 0.058756 0.402003
v -0.128979 0.106423 0.417681
v -0.478340 -0.299446 0.394109
v -0.557509 -0.244957 0.409436
v -0.465730 -0.179097 0.448159
v -0.426451 -0.237528 0.457974
v -0.353388 -0.115593 0.476551
v -0.374981 -0.103679 0.455737
v -0.115062 -0.801178 -0.125053
v -0.080696 -1.458676 -0.126294
v -0.091265 -1.129826 -0.128775
v -0.220549 -1.835102 -0.047043
v -0.256043 -1.900190 -0.049440
v -0.403140 -2.138849 -0.323922
v -0.430281 -2.302311 -0.471597
v -0.429329 -2.443557 -0.709019
v -0.231832 -2.430190 -1.168842
v -0.129130 -2.374627 -1.481534
v -0.221610 -2.529073 -0.802334
v -0.138089 -2.506032 -1.131410
v -0.130742 -2.431139 -1.395508
v -0.091543 -2.406088 -1.477506
v -0.083504 -2.456568 -1.367097
v -0.234026 -1.736012 -0.129363
v -0.332528 -1.951878 -0.150895
v -0.153475 -1.839318 -0.017686
v -0.209784 -1.970973 0.043538
v -0.174588 -1.913681 -0.004284
v -0.199197 -1.924524 0.068871
v -0.243895 -1.911531 0.058961
v -0.263338 -1.945698 0.027471
v -0.237399 -2.037973 0.068331
v -0.227087 -2.030009 0.122548
v -0.272642 -2.015871 0.130571
v -0.291990 -2.017154 0.086041
v -0.326311 -2.562290 0.064709
v -0.316757 -2.570718 0.118241
v -0.355485 -2.535584 0.124548
v -0.379076 -2.536854 0.080190
v -0.357086 -2.632924 0.166477
v -0.347827 -2.615114 0.216851
v -0.388027 -2.582063 0.223561
v -0.410146 -2.600267 0.171869
v -0.390961 -2.618056 0.560646
v -0.382519 -2.572614 0.563368
v -0.426805 -2.560651 0.546151
v -0.444838 -2.597516 0.535844
v -0.430557 -2.389130 0.776446
v -0.422241 -2.371581 0.709570
v -0.467159 -2.364120 0.666594
v -0.484560 -2.381804 0.742279
v -0.437323 -2.341210 0.889657
v -0.428303 -2.273929 0.868573
v -0.473086 -2.233334 0.856032
v -0.490648 -2.310891 0.879914
v -0.448579 -2.399248 0.957383
v -0.436040 -2.366589 1.008756
v -0.480145 -2.346739 1.040767
v -0.498513 -2.384732 0.979182
v -0.498788 -2.585571 0.947915
v -0.491282 -2.648886 0.962410
v -0.525901 -2.684055 0.970349
v -0.537445 -2.615166 0.954729
v -0.539912 -2.569623 0.965622
v -0.522351 -2.645989 0.989061
v -0.477568 -2.606004 0.976829
v -0.486588 -2.539648 0.956828
v -0.171358 -2.090499 -0.720212
v -0.320102 -2.135709 -0.634054
v -0.111555 -2.175795 -0.827528
v -0.371540 -2.219447 -0.710410
v -0.177328 -2.220013 -0.919184
v -0.326001 -2.301832 -0.794478
v -0.224145 -1.594575 -1.212242
v -0.333558 -1.598450 -1.193976
v -0.168600 -1.666817 -1.286072
v -0.380724 -1.664649 -1.261404
v -0.233271 -1.738255 -1.336851
v -0.342804 -1.751264 -1.310248
v -0.256494 -1.491236 -1.432216
v -0.323995 -1.486702 -1.427739
v -0.222272 -1.548955 -1.448400
v -0.353357 -1.539243 -1.443957
v -0.262470 -1.601659 -1.450572
v -0.330266 -1.597960 -1.442394
v -0.267926 -1.615213 -1.561861
v -0.328325 -1.609331 -1.564878
v -0.237285 -1.663907 -1.533916
v -0.354490 -1.654686 -1.542911
v -0.273074 -1.700302 -1.503998
v -0.333672 -1.692684 -1.504024
v -0.277850 -2.516526 -1.678761
v -0.340204 -2.509351 -1.700202
v -0.243885 -2.561556 -1.642504
v -0.368045 -2.545939 -1.680627
v -0.280858 -2.574712 -1.609461
v -0.344756 -2.569120 -1.622848
v -0.335806 -2.099979 -1.653196
v -0.360913 -2.135705 -1.628143
v -0.339038 -2.163379 -1.581143
v -0.279329 -2.170858 -1.562080
v -0.245071 -2.144714 -1.584708
v -0.275658 -2.106026 -1.630899
v -0.282278 -2.671770 -1.712669
v -0.334148 -2.670832 -1.729683
v -0.253323 -2.675589 -1.660068
v -0.358983 -2.675690 -1.691978
v -0.281212 -2.680221 -1.622452
v -0.339652 -2.677186 -1.633810
v -0.260558 -2.625923 -1.838300
v -0.319786 -2.621600 -1.855849
v -0.348017 -2.632055 -1.849023
v -0.346070 -2.674835 -1.858781
v -0.226102 -2.641927 -1.816421
v -0.254316 -2.679848 -1.849878
v -0.315467 -2.677838 -1.869245
v -0.223834 -2.680525 -1.823768
v -0.225570 -2.646205 -2.140085
v -0.264739 -2.643861 -2.149010
v -0.283325 -2.645304 -2.135791
v -0.282572 -2.676331 -2.137202
v -0.201510 -2.651260 -2.120010
v -0.225440 -2.679720 -2.139028
v -0.265201 -2.678247 -2.149058
v -0.203941 -2.680567 -2.119890
v -0.255731 -2.192863 0.049846
v -0.270806 -2.356636 0.027600
v -0.341079 -2.328331 0.049783
v -0.317998 -2.166580 0.073001
v -0.244617 -2.206227 0.115698
v -0.259736 -2.376121 0.112855
v -0.318079 -2.359454 0.123701
v -0.295802 -2.190506 0.126621
v -0.290014 -2.431359 0.055830
v -0.281112 -2.446972 0.114999
v -0.346382 -2.408768 0.074387
v -0.327226 -2.430583 0.123363
v -0.754587 -0.793579 0.124767
v -0.803130 -0.784730 0.132903
v -0.758007 -0.756360 0.193458
v -0.813529 -0.744478 0.202332
v -0.800499 -0.878453 0.281269
v -0.849305 -0.857287 0.303715
v -0.809946 -0.802357 0.304436
v -0.873691 -0.780569 0.350009
v -0.836456 -0.835034 0.372341
v -0.874460 -0.828167 0.377419
v -0.838703 -0.748508 0.421392
v -0.896037 -0.741380 0.421503
v -0.880996 -0.009544 0.649174
v -0.938873 0.002269 0.673050
v -0.892312 -0.019811 0.724272
v -0.941894 -0.012801 0.734696
v -0.885677 0.041080 0.642698
v -0.922698 0.045778 0.672505
v -0.900218 0.019129 0.721059
v -0.934075 0.022467 0.731350
v -0.882528 0.052029 0.577612
v -0.910271 0.051806 0.601350
v -0.877824 0.068113 0.569365
v -0.899110 0.067096 0.596575
v -0.873386 -0.157084 0.604737
v -0.885038 -0.130945 0.681755
v -0.938247 -0.123973 0.691934
v -0.934869 -0.146707 0.628730
v -0.839952 -0.602982 0.476634
v -0.879734 -0.633583 0.414268
v -0.820023 -0.650609 0.378384
v -0.898542 -0.595390 0.476985
v -0.298260 -2.662722 -1.507513
v -0.327597 -2.659881 -1.514154
v -0.296861 -2.684288 -1.512650
v -0.326198 -2.681658 -1.519061
v -0.286836 -2.685915 -1.589039
v -0.335311 -2.682460 -1.597588
v -0.337623 -2.641458 -1.591069
v -0.289147 -2.645387 -1.581999
v -0.295889 -2.644083 -2.074425
v -0.277631 -2.634032 -2.066651
v -0.296902 -2.678641 -2.073281
v -0.274870 -2.681554 -2.082241
v -0.228923 -2.683056 -2.069902
v -0.202953 -2.651011 -2.055929
v -0.232401 -2.636921 -2.055955
v -0.204316 -2.683515 -2.051691
v -0.263799 -2.573227 -2.109372
v -0.259420 -2.575887 -2.146586
v -0.219701 -2.578409 -2.138069
v -0.198450 -2.591309 -2.120598
v -0.277160 -2.585413 -2.135026
v -0.198578 -2.589704 -2.092024
v -0.281243 -2.583515 -2.107194
v -0.221243 -2.575930 -2.100245
v 0.965954 0.402499 -0.056868
v 0.358039 0.223489 -0.289601
v 0.358314 0.283528 -0.222165
v 0.335676 0.330062 -0.099586
v 0.307027 0.339169 0.060123
v 0.247698 0.296650 0.194471
v 0.241834 -0.465141 0.209658
v 0.359745 -0.481576 0.031577
v 0.359745 -0.455387 -0.173394
v 0.303239 -0.378907 -0.300185
v 0.303239 -0.257663 -0.363694
v 0.303239 -0.104457 -0.402556
v 0.331613 0.080451 -0.363467
v 1.023640 0.126299 -0.412747
v 0.965954 -0.192228 -0.361740
v 0.965954 -0.361740 0.192228
v 0.965954 0.192227 0.361740
v 0.965954 0.356674 -0.205910
v 0.965954 -0.316027 -0.260641
v 0.965954 -0.260642 0.316027
v 0.965954 0.316027 0.260642
v 0.965954 0.119863 -0.391714
v 0.965954 0.259960 -0.321200
v 0.965954 -0.391714 -0.119863
v 0.965954 -0.119863 0.391714
v 0.965954 0.390831 0.110668
v 0.965954 -0.039164 -0.407766
v 0.965954 -0.407766 0.039164
v 0.965954 0.039163 0.407766
v 1.081325 -0.392152 0.037664
v 1.023640 0.274376 -0.335745
v 1.023640 -0.126299 0.412747
v 1.023640 -0.041267 -0.429661
v 1.023640 0.041266 0.429661
v 1.023640 -0.202549 -0.381163
v 1.023640 0.202549 0.381163
v 1.023640 -0.332996 -0.274636
v 1.023640 0.332995 0.274636
v 1.023639 -0.412747 -0.126299
v 1.023640 0.412746 0.126299
v 1.023639 -0.429661 0.041266
v 1.023640 0.427073 -0.045976
v 1.023639 -0.381163 0.202549
v 1.023640 0.378315 -0.210009
v 1.023640 -0.274637 0.332996
v 1.117379 0.156830 0.295128
v 1.081325 0.392142 -0.037692
v 1.081325 -0.347888 0.184867
v 1.081325 0.347870 -0.184927
v 1.081325 -0.250661 0.303925
v 1.081325 0.115273 -0.376714
v 1.081325 0.250653 -0.303957
v 1.081325 -0.115273 0.376714
v 1.081325 -0.037664 -0.392152
v 1.081325 0.037663 0.392152
v 1.081325 -0.184867 -0.347888
v 1.081325 0.184866 0.347888
v 1.081325 -0.303926 -0.250661
v 1.081325 0.303925 0.250661
v 1.081325 -0.376715 -0.115273
v 1.081325 0.376714 0.115273
v 0.867408 -0.272982 0.143033
v 1.117379 -0.257833 -0.212646
v 1.117379 0.257833 0.212646
v 1.117379 -0.319583 -0.097791
v 1.117379 0.319582 0.097791
v 1.117379 -0.332679 0.031952
v 1.117379 0.332679 -0.031952
v 1.117379 -0.295128 0.156830
v 1.117379 0.295128 -0.156830
v 1.117379 -0.212647 0.257833
v 1.117379 0.097791 -0.319583
v 1.117379 0.212646 -0.257833
v 1.117379 -0.097791 0.319583
v 1.117379 -0.031952 -0.332679
v 1.117379 0.031951 0.332679
v 1.117379 -0.156831 -0.295128
v 0.605420 -0.013122 0.001724
v 0.867408 0.265056 -0.143353
v 0.867408 -0.208910 0.235149
v 0.867408 0.085363 -0.291466
v 0.867408 0.189938 -0.235304
v 0.867408 -0.103970 0.291664
v 0.867408 -0.032843 -0.303410
v 0.867408 0.024240 0.304113
v 0.867408 -0.146687 -0.269163
v 0.867408 0.132257 0.272368
v 0.867408 -0.238999 -0.193938
v 0.867408 0.222110 0.200099
v 0.867408 -0.295548 -0.089187
v 0.867408 0.284024 0.093000
v 0.867408 -0.307379 0.029141
v 0.867408 0.299355 -0.028956
v 0.794292 0.148060 -0.333442
v 0.716560 0.140812 -0.335926
v 0.830657 -0.046078 -0.383738
v 0.700025 -0.061536 -0.389870
v 0.830657 -0.190278 -0.342134
v 0.700025 -0.208895 -0.349957
v 0.830657 -0.306349 -0.248885
v 0.700025 -0.326676 -0.257624
v 0.792986 -0.385326 -0.118188
v 0.674910 -0.402971 -0.126927
v 0.762559 -0.401808 0.030061
v 0.765114 -0.610708 0.095928
v 0.759233 -0.360456 0.173290
v 0.584098 -0.390376 0.184819
v 0.789660 -0.295666 0.289379
v 0.622745 -0.319289 0.301838
v 0.830657 -0.149800 0.361239
v 0.718386 -0.153605 0.358854
v 0.819791 0.032789 0.377930
v 0.676842 0.026292 0.379554
v 0.771977 0.174989 0.337020
v 0.589425 0.176011 0.334078
v 0.782844 0.293020 0.245460
v 0.612607 0.294713 0.245518
v 0.824615 0.358464 0.083467
v 0.700505 0.355053 0.088441
v 0.788241 0.334964 -0.133776
v 0.717520 0.334974 -0.133338
v 0.725887 0.764653 -0.069189
v 0.761435 0.764398 -0.069187
v 0.736983 0.743938 -0.087536
v 0.751708 0.744066 -0.087728
v 0.060702 0.072990 0.386520
v 0.161434 0.020890 0.395062
v 0.231806 -0.061639 0.382295
v 0.272582 -0.162987 0.354157
v 0.167620 -0.403617 0.360290
v 0.159324 -0.339474 0.308905
v 0.568712 -0.152059 0.353401
v 0.475698 0.002123 0.386684
v 0.381069 0.132378 0.365192
v 0.157547 0.211385 0.312038
v 0.158224 -0.356254 0.249229
v 0.380764 -0.277593 0.291183
v 0.394350 -0.158158 0.351215
v 0.315259 -0.036194 0.387902
v 0.239623 0.057674 0.397893
v 0.096173 0.119273 0.378552
v 0.135602 -0.349919 -0.206204
v 0.171575 -0.230208 -0.233686
v 0.053791 -0.382276 -0.193675
v 0.173877 -0.291691 -0.219093
v 0.131894 -0.178837 -0.246796
v 0.110995 -0.327138 0.145902
v 0.236130 -0.164370 0.172075
v 0.142241 0.012146 0.191465
v 0.233327 -0.260741 0.153556
v 0.204044 -0.067274 0.184856
v 0.051994 0.061769 0.188696
v 0.051994 0.031016 -0.159810
v 0.051994 0.048769 -0.099935
v 0.051994 0.059019 -0.039354
v 0.142241 -0.018996 -0.159765
v 0.142241 -0.001040 -0.099915
v 0.142241 0.009362 -0.039350
v 0.198202 -0.099033 -0.159738
v 0.198202 -0.080509 -0.099904
v 0.198202 -0.069680 -0.039347
v 0.201449 -0.194784 -0.159721
v 0.208827 -0.175560 -0.099897
v 0.218889 -0.165880 -0.039346
v 0.147471 -0.285554 -0.159508
v 0.167930 -0.265570 -0.099807
v 0.197780 -0.258064 -0.039327
v 0.053978 -0.344037 -0.151752
v 0.067058 -0.332913 -0.096529
v 0.086847 -0.325389 -0.038634
v 0.052385 -0.155582 -0.255087
v 0.279452 -0.266261 0.312843
v 0.137943 -0.336276 0.292314
v 0.857793 0.259408 -0.285709
v 0.857581 0.311410 -0.225094
v 0.877356 0.354136 -0.097480
v 0.902095 0.360137 0.088922
v 0.888894 0.293649 0.243138
v 0.885271 0.177727 0.336231
v 0.901209 0.035240 0.378354
v 0.904831 -0.126348 0.362961
v 0.898070 -0.259482 0.292163
v 0.887927 -0.341216 0.176739
v 0.882132 -0.385854 0.034260
v 0.892274 -0.370605 -0.113582
v 0.904831 -0.297680 -0.244280
v 0.904831 -0.182368 -0.337935
v 0.904832 -0.039566 -0.380290
v 0.880304 0.131113 -0.348085
v 0.728989 0.550153 0.040120
v 0.731947 0.511420 -0.036361
v 0.757290 0.539587 0.032034
v 0.749707 0.558103 0.042864
v 0.751719 0.773955 -0.065768
v 0.726227 0.750809 -0.079041
v 0.761173 0.750801 -0.079270
v 0.736392 0.774074 -0.065806
v 0.733395 0.307924 -0.318494
v 0.733995 0.429973 -0.378445
v 0.734594 0.590793 -0.361067
v 0.735193 0.732249 -0.274804
v 0.735793 0.801264 -0.169850
v 0.772146 0.330149 -0.297584
v 0.769951 0.439067 -0.351866
v 0.767757 0.576558 -0.337415
v 0.765562 0.707534 -0.262260
v 0.763367 0.778729 -0.173762
v 0.717501 0.328681 -0.297913
v 0.719246 0.438348 -0.352356
v 0.720992 0.576540 -0.337694
v 0.722737 0.707608 -0.262145
v 0.724482 0.778772 -0.173553
v 0.757363 0.308778 -0.318532
v 0.756234 0.430652 -0.378380
v 0.755105 0.591076 -0.360954
v 0.753976 0.732363 -0.274657
v 0.752848 0.801317 -0.169768
v 0.757346 0.332945 -0.286190
v 0.756218 0.435613 -0.342743
v 0.755091 0.565819 -0.331857
v 0.753963 0.694547 -0.261909
v 0.752835 0.768988 -0.179244
v 0.734320 0.332506 -0.286399
v 0.734853 0.435407 -0.342737
v 0.735385 0.565833 -0.331699
v 0.735918 0.694616 -0.261688
v 0.736451 0.768971 -0.179032
v 0.772556 0.319272 -0.312456
v 0.770332 0.437085 -0.368304
v 0.768107 0.588300 -0.350765
v 0.765883 0.724898 -0.267965
v 0.763659 0.793548 -0.169334
v 0.716969 0.317390 -0.312540
v 0.718753 0.435894 -0.368865
v 0.720536 0.587985 -0.351314
v 0.722320 0.724788 -0.268219
v 0.724103 0.793555 -0.169419
v 0.750437 0.514703 0.039806
v 0.736768 0.514387 0.039895
v 0.750441 0.526457 0.048396
v 0.736537 0.526233 0.048395
v 0.729262 0.538990 0.032218
v 0.737414 0.557939 0.042833
v 0.757500 0.550554 0.040121
v 0.755566 0.512106 -0.036669
v 0.750522 0.633706 -0.009885
v 0.759108 0.651808 0.006481
v 0.737002 0.660173 0.009466
v 0.728030 0.639461 -0.002217
v 0.750532 0.660194 0.009500
v 0.758877 0.639771 -0.002419
v 0.737524 0.633455 -0.009716
v 0.727729 0.651728 0.006480
v 0.738855 0.488911 -0.100627
v 0.750665 0.489238 -0.100782
v 0.738282 0.525932 -0.046216
v 0.749980 0.496933 -0.029157
v 0.750383 0.526272 -0.046374
v 0.738461 0.496587 -0.029007
v 0.339823 -0.169847 0.478838
v 0.145172 -0.236111 0.414653
v 0.413460 -0.245873 0.336698
v 0.321784 -0.061848 0.467326
v 0.568801 -0.204523 0.355366
v 0.221982 0.049483 0.458282
v 0.344481 -0.150677 0.408748
v 0.422500 -0.110024 0.401102
v 0.140815 -0.187126 0.471853
v 0.097893 -0.002464 0.414869
v 0.165735 0.117083 0.424457
v 0.053423 0.162348 0.424817
v 0.247745 0.006147 0.408716
v 0.282548 0.015279 0.409179
v 0.089286 0.074178 0.474325
v 0.403097 -0.153412 0.465730
v 0.495448 -0.243229 0.435604
v 0.575754 -0.213774 0.409063
v 0.532414 -0.300240 0.362053
v 0.401979 -0.320057 0.403877
v 0.427280 -0.125592 0.439375
v 0.092995 -0.644976 -0.225631
v 0.092995 -0.665802 0.018155
v 0.049948 -1.298732 -0.189492
v 0.049948 -1.298732 -0.055945
v 0.067877 -0.960921 -0.030519
v 0.067877 -0.960920 -0.220653
v 0.090997 -1.597990 -0.194915
v 0.090997 -1.601598 -0.061181
v 0.174753 -1.816726 -0.261342
v 0.182711 -1.909210 0.021206
v 0.226817 -1.995509 -0.384537
v 0.226817 -2.095467 -0.095079
v 0.244504 -2.144046 -0.530289
v 0.254262 -2.270663 -0.221914
v 0.070542 -2.293207 -0.900980
v 0.259475 -2.396416 -0.352136
v 0.195686 -2.385429 -1.095647
v 0.106427 -2.362218 -1.432080
v 0.296453 -2.486613 -0.965663
v 0.199610 -2.484924 -0.483594
v 0.100767 -2.562828 -0.919250
v 0.069897 -2.558806 -0.571480
v 0.148746 -2.454379 -1.296701
v 0.159391 -2.405532 -1.406597
v 0.061765 -2.383816 -1.535575
v 0.051121 -2.502439 -1.227943
v 0.058571 -2.437649 -1.440604
v 0.163539 -1.781145 -0.053931
v 0.212169 -1.945604 -0.036154
v 0.290926 -1.854604 -0.094634
v 0.084781 -1.872145 0.004550
v 0.276536 -1.962811 0.083416
v 0.247075 -1.891495 -0.007063
v 0.201231 -1.867748 0.014167
v 0.228554 -1.932957 -0.000024
v 0.336529 -2.482097 0.060053
v 0.234427 -1.959961 0.110412
v 0.252891 -1.991091 0.055594
v 0.210781 -1.988241 0.082590
v 0.329822 -2.610595 0.110720
v 0.294983 -2.506193 0.084339
v 0.357966 -2.473940 0.100331
v 0.316420 -2.498035 0.124618
v 0.424387 -2.600016 0.364524
v 0.390783 -2.565581 0.124463
v 0.349237 -2.584137 0.152631
v 0.371368 -2.592040 0.082552
v 0.441933 -2.505210 0.681914
v 0.382841 -2.594483 0.392651
v 0.402008 -2.639953 0.344474
v 0.360462 -2.634420 0.372600
v 0.465624 -2.340976 0.837648
v 0.400387 -2.493036 0.678333
v 0.466334 -2.482582 0.633270
v 0.424788 -2.470407 0.629689
v 0.467930 -2.355026 0.931298
v 0.424078 -2.325889 0.817182
v 0.490026 -2.296911 0.777872
v 0.448480 -2.281824 0.757406
v 0.546328 -2.658581 0.967387
v 0.426316 -2.331896 0.940209
v 0.490094 -2.287682 0.955993
v 0.448480 -2.264552 0.964904
v 0.513354 -2.636514 0.956711
v 0.504782 -2.688810 0.973490
v 0.521926 -2.570291 0.949561
v 0.480380 -2.600520 0.955664
v 0.454467 -2.479783 0.979796
v 0.496082 -2.472860 0.964173
v 0.476631 -2.500217 1.024094
v 0.518245 -2.493294 1.008472
v 0.271103 -2.015939 -1.086835
v 0.358804 -1.997970 -1.017771
v 0.420040 -2.240298 -0.503477
v 0.426106 -2.367681 -0.636512
v 0.252364 -2.369418 -0.851788
v 0.068749 -2.195218 -0.712515
v 0.358597 -1.516218 -1.365443
v 0.214345 -1.599447 -1.418409
v 0.159968 -1.882193 -0.998486
v 0.262421 -1.853281 -0.925564
v 0.164678 -1.953959 -1.086717
v 0.354832 -1.907077 -0.944732
v 0.241471 -1.538941 -1.500523
v 0.300963 -1.614297 -1.470351
v 0.363337 -1.593390 -1.405188
v 0.296892 -1.637704 -1.424565
v 0.209913 -1.524502 -1.375215
v 0.287720 -1.485587 -1.341625
v 0.358689 -2.373943 -1.629420
v 0.357937 -2.345480 -1.666948
v 0.294689 -1.505258 -1.503220
v 0.244502 -1.593753 -1.485406
v 0.343168 -1.530544 -1.499887
v 0.346411 -1.584771 -1.482135
v 0.310876 -2.690982 -1.549314
v 0.360652 -2.632725 -1.653660
v 0.312256 -2.391924 -1.594048
v 0.255932 -2.356529 -1.628067
v 0.309769 -2.335026 -1.664762
v 0.257668 -2.384964 -1.594882
v 0.252406 -1.901925 -1.543918
v 0.302658 -1.828397 -1.614552
v 0.249822 -1.858445 -1.583653
v 0.307826 -1.913759 -1.532925
v 0.350593 -1.850438 -1.607370
v 0.353177 -1.892321 -1.565478
v 0.311897 -2.674070 -1.678314
v 0.308555 -2.687886 -1.646113
v 0.249087 -2.604796 -1.729693
v 0.301495 -2.671501 -1.771164
v 0.258216 -2.639417 -1.627254
v 0.246773 -2.679417 -1.742218
v 0.279528 -2.682674 -2.128897
v 0.288943 -2.667394 -2.118222
v 0.208546 -2.610513 -2.083322
v 0.230503 -2.649490 -1.720540
v 0.303222 -2.593227 -1.756454
v 0.351755 -2.677164 -1.775264
v 0.352616 -2.593703 -1.760648
v 0.365011 -2.640862 -1.759666
v 0.211162 -2.670789 -2.134318
v 0.246137 -2.666798 -2.148776
v 0.276797 -2.667068 -2.148861
v 0.246504 -2.682261 -2.128420
v 0.280600 -2.605409 -2.097635
v 0.273434 -2.608881 -2.147501
v 0.198996 -2.673162 -2.099834
v 0.210223 -2.685597 -2.112328
v 0.257950 -2.106400 0.137121
v 0.277176 -2.296215 0.130478
v 0.303571 -2.087742 0.112575
v 0.330103 -2.265306 0.093540
v 0.233401 -2.112708 0.089909
v 0.247280 -2.295312 0.070859
v 0.279021 -2.094050 0.065364
v 0.300207 -2.264403 0.033921
v 0.293000 -2.410226 0.130641
v 0.342416 -2.381174 0.094763
v 0.264006 -2.408109 0.074564
v 0.313422 -2.379057 0.038687
v 0.780457 -0.840841 0.224406
v 0.728895 -0.597865 0.153219
v 0.720819 -0.635458 0.030589
v 0.684600 -0.622615 0.087880
v 0.885917 -0.807377 0.373934
v 0.822111 -0.793818 0.268861
v 0.847979 -0.818916 0.252422
v 0.806325 -0.865938 0.207967
v 0.867581 -0.789400 0.409992
v 0.841076 -0.868926 0.340349
v 0.815012 -0.825475 0.351315
v 0.878809 -0.046829 0.682896
v 0.903905 0.028160 0.618350
v 0.951711 -0.034946 0.703987
v 0.918693 -0.035207 0.735483
v 0.911827 -0.046568 0.651400
v 0.913026 0.037249 0.702861
v 0.882413 0.007894 0.691220
v 0.919414 0.003621 0.743302
v 0.944625 0.016983 0.713803
v 0.888093 0.070763 0.564655
v 0.922061 0.047384 0.634764
v 0.891812 0.063858 0.608026
v 0.873656 0.044634 0.591612
v 0.874241 -0.402875 0.493471
v 0.892290 -0.355160 0.595071
v 0.922422 -0.372127 0.556022
v 0.844109 -0.385909 0.532520
v 0.815673 -0.734949 0.381536
v 0.894203 -0.717610 0.407183
v 0.869050 -0.695515 0.449104
v 0.840827 -0.757044 0.339616
v 0.312229 -2.674021 -1.488185
v 0.313582 -2.648582 -1.540275
v 0.340609 -2.667320 -1.550667
v 0.283849 -2.672243 -1.538921
v 0.277979 -2.656816 -1.606220
v 0.346481 -2.651893 -1.617965
v 0.313863 -2.617727 -1.607573
v 0.310598 -2.690982 -1.616613
v 0.222233 -2.685130 -1.955041
v 0.210347 -2.669144 -1.938753
v 0.272453 -2.638549 -1.966252
v 0.226763 -2.645017 -1.946288
v 0.266713 -2.680841 -1.977097
v 0.314188 -2.638744 -1.968027
v 0.324647 -2.661729 -1.966974
v 0.310976 -2.681373 -1.979719
v 0.272688 -2.564775 -2.125766
v 0.203712 -2.569654 -2.112517
v 0.240541 -2.564622 -2.126179
v 0.285293 -2.608689 -2.116769
v 0.207710 -2.613535 -2.134447
v 0.195260 -2.615663 -2.100586
v 0.242766 -2.608736 -2.147698
v 0.246972 -2.605250 -2.097851
v 0.932524 0.118384 -0.366781
v 0.898700 0.040964 -0.375742
v 0.938656 -0.037862 -0.386297
v 0.904831 -0.113126 -0.366198
v 0.938656 -0.182880 -0.342836
v 0.904831 -0.244736 -0.296847
v 0.938656 -0.300125 -0.247219
v 0.901692 -0.340026 -0.182452
v 0.935516 -0.372412 -0.114001
v 0.883460 -0.386765 -0.040427
v 0.932981 -0.387688 0.036535
v 0.884788 -0.369972 0.107605
v 0.934430 -0.343657 0.181473
v 0.892153 -0.303186 0.239108
v 0.936965 -0.251020 0.298746
v 0.903141 -0.202928 0.334061
v 0.938656 -0.117193 0.370501
v 0.903926 -0.042655 0.378010
v 0.937750 0.036780 0.385813
v 0.895414 0.108359 0.364320
v 0.933766 0.181720 0.342411
v 0.880019 0.240453 0.295399
v 0.934671 0.299117 0.246934
v 0.900163 0.334486 0.175596
v 0.937972 0.368690 0.096342
v 0.894542 0.367666 -0.005799
v 0.931787 0.375753 -0.069790
v 0.861411 0.331425 -0.174464
v 0.926843 0.332703 -0.203265
v 0.858748 0.289077 -0.258975
v 0.926896 0.250401 -0.300880
v 0.352406 0.169275 -0.321726
v 0.000000 0.171372 -0.306283
v 0.000000 0.277269 -0.184877
v 0.000000 0.325020 -0.067494
v 0.000000 0.326781 0.025342
v 0.000000 0.296014 0.144526
v 0.000000 -0.523845 0.221243
v 0.169690 -0.556639 0.035753
v 0.169690 -0.524059 -0.206469
v 0.000000 -0.415199 -0.336310
v 0.000000 -0.291820 -0.371707
v 0.000000 -0.135226 -0.410835
v 0.000000 0.024451 -0.389459
v 0.992393 0.125763 -0.410997
v 0.992393 -0.041092 -0.427840
v 0.992393 -0.201691 -0.379547
v 0.992393 -0.331585 -0.273472
v 0.992393 -0.410998 -0.125764
v 0.992393 -0.427840 0.041091
v 0.992393 -0.379548 0.201691
v 0.992393 -0.273473 0.331584
v 0.992393 -0.125764 0.410997
v 0.992393 0.041091 0.427840
v 0.992393 0.201690 0.379547
v 0.992393 0.331584 0.273472
v 0.992393 0.410776 0.123465
v 0.992393 0.423298 -0.051376
v 0.992393 0.374739 -0.214376
v 0.992393 0.272985 -0.336284
v 0.965954 0.385397 -0.134340
v 0.965954 0.405227 0.025227
v 0.965954 -0.259155 -0.317347
v 0.965954 -0.117985 -0.392364
v 0.965954 -0.317347 0.259155
v 0.965954 -0.392365 0.117985
v 0.965954 0.259155 0.317347
v 0.965954 0.117984 0.392365
v 0.965954 0.315228 -0.269042
v 0.965954 -0.360871 -0.194016
v 0.965954 -0.194016 0.360871
v 0.965954 0.360650 0.191717
v 0.965954 0.041148 -0.407648
v 0.965954 0.193845 -0.362164
v 0.965954 -0.407648 -0.041148
v 0.965954 -0.041148 0.407648
v 1.054886 0.122468 -0.400230
v 1.054886 -0.040015 -0.416631
v 1.054886 -0.196407 -0.369604
v 1.054886 -0.322897 -0.266308
v 1.054886 -0.400230 -0.122469
v 1.054886 -0.416631 0.040015
v 1.054886 -0.369604 0.196407
v 1.054886 -0.266308 0.322897
v 1.054886 -0.122469 0.400230
v 1.054886 0.040014 0.416631
v 1.054886 0.196406 0.369604
v 1.054886 0.322897 0.266308
v 1.054886 0.400229 0.122469
v 1.054886 0.415972 -0.041228
v 1.054886 0.368870 -0.198346
v 1.054886 0.266233 -0.323624
v 1.023640 0.043357 -0.429536
v 1.023640 0.204368 -0.380935
v 1.023640 0.333350 -0.278372
v 1.023640 -0.043358 0.429536
v 1.023640 -0.204434 0.380248
v 1.023640 -0.124320 -0.413432
v 1.023640 0.124319 0.413432
v 1.023640 -0.273070 -0.334386
v 1.023640 0.273070 0.334386
v 1.023639 -0.380248 -0.204433
v 1.023640 0.380247 0.204434
v 1.023639 -0.429537 -0.043357
v 1.023640 0.428889 0.042180
v 1.023639 -0.413432 0.124320
v 1.023640 0.409486 -0.132071
v 1.023640 -0.334387 0.273070
v 1.102356 0.106463 -0.347924
v 1.102356 -0.034786 -0.362182
v 1.102356 -0.170739 -0.321301
v 1.102356 -0.280698 -0.231504
v 1.102356 -0.347924 -0.106463
v 1.102356 -0.362182 0.034785
v 1.102356 -0.321301 0.170738
v 1.102356 -0.231504 0.280698
v 1.102356 -0.106464 0.347924
v 1.102356 0.034785 0.362182
v 1.102356 0.170738 0.321301
v 1.102357 0.280698 0.231504
v 1.102357 0.347924 0.106463
v 1.102357 0.362179 -0.034792
v 1.102357 0.321296 -0.170753
v 1.102356 0.231502 -0.280706
v 1.081325 -0.377340 0.113467
v 1.081325 -0.392039 -0.039572
v 1.081325 0.377323 -0.113517
v 1.081325 0.392036 0.039565
v 1.081325 -0.305195 0.249231
v 1.081325 0.305181 -0.249285
v 1.081325 -0.186587 0.347052
v 1.081325 0.039572 -0.392038
v 1.081325 0.186584 -0.347060
v 1.081325 -0.039573 0.392038
v 1.081325 -0.113467 -0.377340
v 1.081325 0.113466 0.377340
v 1.081325 -0.249231 -0.305195
v 1.081325 0.249231 0.305195
v 1.081325 -0.347053 -0.186587
v 1.081325 0.347052 0.186587
v 1.060895 0.090382 -0.298495
v 1.060895 -0.030769 -0.310727
v 1.060895 -0.147396 -0.275654
v 1.060895 -0.241783 -0.198615
v 1.060895 -0.299516 -0.091338
v 1.060895 -0.311720 0.029844
v 1.060895 -0.276609 0.146482
v 1.060895 -0.202358 0.240820
v 1.060895 -0.095034 0.298545
v 1.060895 0.028618 0.310903
v 1.060895 0.143788 0.276455
v 1.060895 0.237560 0.200155
v 1.060895 0.296634 0.092292
v 1.060895 0.309713 -0.029797
v 1.060895 0.274627 -0.146562
v 1.060895 0.197615 -0.240859
v 1.117379 0.211433 0.258910
v 1.117379 0.096258 0.320114
v 1.117379 -0.294420 -0.158289
v 1.117379 -0.211434 -0.258910
v 1.117379 0.294419 0.158289
v 1.117379 -0.332583 -0.033571
v 1.117379 0.332582 0.033571
v 1.117379 -0.320114 0.096259
v 1.117379 0.320113 -0.096259
v 1.117379 -0.258910 0.211433
v 1.117379 0.258910 -0.211433
v 1.117379 -0.158290 0.294419
v 1.117379 0.033571 -0.332583
v 1.117379 0.158289 -0.294419
v 1.117379 -0.033571 0.332583
v 1.117379 -0.096259 -0.320113
v 0.670917 0.058829 -0.218168
v 0.670917 -0.029763 -0.227127
v 0.670917 -0.115122 -0.201441
v 0.670917 -0.184454 -0.145022
v 0.670917 -0.226983 -0.066460
v 0.670917 -0.235799 0.022287
v 0.670917 -0.209927 0.107705
v 0.670917 -0.167449 0.176793
v 0.670917 -0.088649 0.219278
v 0.670917 0.012449 0.228867
v 0.670917 0.090524 0.206309
v 0.670917 0.156783 0.153586
v 0.670917 0.206017 0.072088
v 0.670917 0.219208 -0.021193
v 0.670917 0.193458 -0.107244
v 0.670917 0.137174 -0.176124
v 0.867408 -0.242730 0.192832
v 0.867408 -0.295816 0.087790
v 0.867408 0.232065 -0.193105
v 0.867408 0.287843 -0.087990
v 0.867408 -0.164874 0.268566
v 0.867408 0.026870 -0.303322
v 0.867408 0.140448 -0.268555
v 0.867408 -0.037249 0.303746
v 0.867408 -0.091465 -0.291950
v 0.867408 0.080680 0.293432
v 0.867408 -0.196525 -0.236131
v 0.867408 0.179292 0.241172
v 0.867408 -0.272532 -0.144363
v 0.867408 0.257943 0.150319
v 0.867408 -0.307385 -0.030617
v 0.867408 0.298459 0.031968
v 0.310333 -0.018840 -0.396513
v 0.704158 0.028277 -0.379155
v 0.303239 -0.182149 -0.389111
v 0.700025 -0.137602 -0.377120
v 0.303239 -0.325187 -0.332116
v 0.700025 -0.272794 -0.309689
v 0.317366 -0.421436 -0.252434
v 0.693746 -0.370187 -0.195968
v 0.387998 -0.476765 -0.074809
v 0.673830 -0.474804 -0.051181
v 0.302014 -0.475732 0.131241
v 0.657976 -0.448883 0.133844
v 0.192578 -0.443278 0.281213
v 0.556081 -0.365969 0.257150
v 0.703657 -0.248959 0.331526
v 0.698819 -0.054698 0.377103
v 0.643396 0.099737 0.365461
v 0.197389 0.261224 0.252412
v 0.563103 0.244530 0.291924
v 0.290301 0.321390 0.132335
v 0.678291 0.330305 0.181983
v 0.316082 0.344041 -0.018429
v 0.705000 0.359697 -0.021276
v 0.353767 0.306727 -0.171460
v 0.729987 0.314654 -0.228219
v 0.357133 0.256953 -0.259084
v 0.762614 0.757190 -0.073204
v 0.766877 0.247029 -0.301288
v 0.729037 0.244537 -0.301825
v 0.762660 0.144804 -0.334532
v 0.593656 0.123541 -0.343585
v 0.779456 -0.051595 -0.386133
v 0.554055 -0.078342 -0.395245
v 0.779456 -0.196935 -0.345140
v 0.554055 -0.228393 -0.356253
v 0.779456 -0.313624 -0.252221
v 0.554055 -0.347704 -0.271482
v 0.738645 -0.393627 -0.121524
v 0.561903 -0.421008 -0.141762
v 0.733304 -0.458366 0.045478
v 0.564326 -0.487830 0.038121
v 0.678097 -0.374866 0.175311
v 0.448317 -0.417097 0.197655
v 0.715650 -0.310911 0.291718
v 0.548985 -0.316999 0.323897
v 0.784046 -0.154943 0.360132
v 0.643376 -0.150929 0.356808
v 0.763699 0.030499 0.378229
v 0.575436 0.017667 0.382255
v 0.698015 0.174243 0.336482
v 0.474383 0.166615 0.340188
v 0.713772 0.293002 0.246055
v 0.462774 0.296484 0.232206
v 0.774759 0.357654 0.083966
v 0.558910 0.349333 0.084593
v 0.758285 0.334907 -0.134277
v 0.598975 0.333811 -0.124069
v 0.730289 0.745970 -0.084633
v 0.627268 0.297946 -0.259746
v 0.766295 0.332333 -0.289867
v 0.626790 0.273023 -0.286994
v 0.054171 0.064576 0.338025
v 0.147039 0.014335 0.343621
v 0.213906 -0.066114 0.332168
v 0.252522 -0.164213 0.309157
v 0.257937 -0.263527 0.275680
v 0.126452 -0.330275 0.260981
v 0.000000 0.088918 0.373809
v 0.116236 0.052001 0.395010
v 0.199042 -0.017829 0.389786
v 0.257171 -0.110155 0.370961
v 0.279518 -0.216301 0.334060
v 0.000000 -0.358006 0.293562
v 0.000000 0.225319 0.282584
v 0.292201 0.184666 0.340054
v 0.437714 0.067278 0.382414
v 0.513278 -0.069014 0.377259
v 0.600915 -0.209674 0.338354
v 0.302520 -0.299734 0.328120
v 0.600804 -0.216621 0.376494
v 0.163885 -0.358332 0.247875
v 0.429610 -0.273975 0.294391
v 0.487877 -0.155099 0.350810
v 0.386135 -0.016958 0.389635
v 0.304482 0.090373 0.390592
v 0.124898 0.159834 0.358901
v 0.000000 0.141072 0.358201
v 0.180122 0.092974 0.393562
v 0.282170 0.014307 0.394891
v 0.349211 -0.093719 0.374240
v 0.416319 -0.221965 0.322354
v 0.292971 -0.323028 0.264532
v 0.000000 -0.383376 0.239600
v 0.147767 -0.344986 0.276274
v 0.314764 -0.270448 0.304769
v 0.313971 -0.160899 0.352901
v 0.263629 -0.052212 0.384463
v 0.190578 0.034455 0.396311
v 0.073923 0.090169 0.383567
v 0.052776 -0.331930 -0.322765
v 0.121547 -0.328346 -0.306244
v 0.144948 -0.350785 -0.280059
v 0.146305 -0.377165 -0.250894
v 0.123734 -0.401672 -0.225402
v 0.053605 -0.416958 -0.210685
v 0.100553 0.011297 -0.159786
v 0.052092 -0.020759 -0.197429
v 0.000000 0.045446 -0.159835
v 0.051994 0.040579 -0.131041
v 0.100553 0.029125 -0.099924
v 0.000000 0.063153 -0.099945
v 0.051994 0.055083 -0.068651
v 0.100553 0.039426 -0.039351
v 0.000000 0.073376 -0.039356
v 0.051994 0.061080 0.031811
v 0.175357 -0.056796 -0.159748
v 0.139654 -0.064122 -0.195315
v 0.142241 -0.009341 -0.131010
v 0.175357 -0.038619 -0.099908
v 0.142241 0.005373 -0.068641
v 0.175357 -0.028048 -0.039348
v 0.142241 0.011447 0.032504
v 0.207869 -0.145199 -0.159730
v 0.191545 -0.137126 -0.192012
v 0.198202 -0.089103 -0.130992
v 0.209713 -0.126294 -0.099901
v 0.198202 -0.073839 -0.068635
v 0.212229 -0.115601 -0.039346
v 0.199663 -0.067627 0.030853
v 0.180722 -0.243125 -0.159663
v 0.194556 -0.224727 -0.188349
v 0.203293 -0.184262 -0.130980
v 0.195061 -0.223565 -0.099872
v 0.215032 -0.169244 -0.068632
v 0.215100 -0.215154 -0.039341
v 0.224541 -0.164558 0.027658
v 0.104340 -0.319911 -0.157467
v 0.144503 -0.307951 -0.184931
v 0.152585 -0.274251 -0.130833
v 0.125805 -0.301907 -0.098944
v 0.185622 -0.260008 -0.068585
v 0.158003 -0.294758 -0.039144
v 0.211362 -0.258666 0.023033
v 0.000000 -0.363046 -0.144200
v 0.053931 -0.355375 -0.174689
v 0.057248 -0.339477 -0.125489
v 0.000000 -0.361252 -0.093337
v 0.078546 -0.327249 -0.066900
v 0.000000 -0.352987 -0.037959
v 0.096238 -0.325847 0.021293
v 0.000000 -0.155120 -0.257495
v 0.098455 -0.161627 -0.251810
v 0.000000 0.076115 0.183425
v 0.100553 0.042190 0.192024
v 0.155376 -0.203076 -0.240578
v 0.176817 -0.025347 0.188562
v 0.178429 -0.259867 -0.226424
v 0.223842 -0.113620 0.179608
v 0.159180 -0.322700 -0.212188
v 0.239697 -0.214939 0.163107
v 0.101140 -0.370670 -0.200310
v 0.197076 -0.299050 0.146721
v 0.000000 -0.389309 -0.186668
v 0.000000 -0.350115 0.148092
v 0.242292 -0.307907 0.296823
v 0.821566 0.040735 -0.374443
v 0.830657 -0.120407 -0.370059
v 0.830657 -0.253117 -0.301298
v 0.821239 -0.350308 -0.187110
v 0.766543 -0.404720 -0.044878
v 0.765350 -0.384437 0.103744
v 0.761554 -0.330615 0.236051
v 0.820408 -0.240448 0.331649
v 0.827941 -0.049972 0.377036
v 0.802404 0.105452 0.364423
v 0.756220 0.238484 0.296954
v 0.817193 0.334409 0.176357
v 0.812500 0.360282 -0.023236
v 0.765351 0.315016 -0.228109
v 0.744670 0.743655 -0.088364
v 0.862413 0.210666 -0.312884
v 0.794421 0.283519 -0.286098
v 0.794054 0.306118 -0.260250
v 0.822796 0.339817 -0.124091
v 0.862813 0.358839 0.085574
v 0.835869 0.293618 0.244299
v 0.828624 0.176675 0.336625
v 0.860500 0.034068 0.378142
v 0.867744 -0.139746 0.362179
v 0.849043 -0.277281 0.290850
v 0.828758 -0.348716 0.175014
v 0.822345 -0.393486 0.032160
v 0.842630 -0.377756 -0.115885
v 0.867744 -0.301988 -0.246582
v 0.867744 -0.186298 -0.340035
v 0.867744 -0.042797 -0.382014
v 0.827994 0.145267 -0.336634
v 0.737252 0.698785 -0.042429
v 0.760149 0.645437 0.002936
v 0.751140 0.727156 -0.021912
v 0.736694 0.727231 -0.021948
v 0.755756 0.530284 0.012015
v 0.727114 0.705233 -0.034422
v 0.743960 0.661020 0.009680
v 0.726794 0.718303 -0.025137
v 0.751130 0.698956 -0.042610
v 0.754553 0.555492 0.042007
v 0.760297 0.718161 -0.025135
v 0.760050 0.705337 -0.034638
v 0.766812 0.312695 -0.316543
v 0.729716 0.770809 -0.066885
v 0.715222 0.324079 -0.306394
v 0.745720 0.307271 -0.318992
v 0.774399 0.325945 -0.306170
v 0.772042 0.439914 -0.360093
v 0.769685 0.584070 -0.343383
v 0.767328 0.717466 -0.263995
v 0.764971 0.786707 -0.170423
v 0.723852 0.331416 -0.290211
v 0.725140 0.436424 -0.345583
v 0.726427 0.569309 -0.333268
v 0.727714 0.698802 -0.261558
v 0.729002 0.772011 -0.177048
v 0.757431 0.746128 -0.084930
v 0.759204 0.772021 -0.177364
v 0.760977 0.698697 -0.261863
v 0.762750 0.569296 -0.333396
v 0.764522 0.436860 -0.345469
v 0.746340 0.332748 -0.285413
v 0.746006 0.435178 -0.342297
v 0.745672 0.565030 -0.331668
v 0.745338 0.693661 -0.261988
v 0.745004 0.768386 -0.179700
v 0.757761 0.770597 -0.066836
v 0.759571 0.798627 -0.169460
v 0.761382 0.729855 -0.272182
v 0.763192 0.590288 -0.357357
v 0.765002 0.433143 -0.374925
v 0.722956 0.311157 -0.316517
v 0.724308 0.431997 -0.375146
v 0.725660 0.589855 -0.357636
v 0.727012 0.729686 -0.272429
v 0.728364 0.798563 -0.169585
v 0.724770 0.757390 -0.073110
v 0.722860 0.786779 -0.170395
v 0.720951 0.717461 -0.264137
v 0.719041 0.583955 -0.344026
v 0.717131 0.438924 -0.360851
v 0.744273 0.774953 -0.065564
v 0.744563 0.802051 -0.169987
v 0.744852 0.732976 -0.275496
v 0.745142 0.591099 -0.362032
v 0.745431 0.429600 -0.379332
v 0.733695 0.360045 -0.354509
v 0.734294 0.509594 -0.383048
v 0.734894 0.667151 -0.321865
v 0.735493 0.779238 -0.223071
v 0.736092 0.799239 -0.116857
v 0.771049 0.376725 -0.330366
v 0.768854 0.508552 -0.356184
v 0.766659 0.642935 -0.303471
v 0.764465 0.757188 -0.217713
v 0.762270 0.775489 -0.128312
v 0.718374 0.375545 -0.330755
v 0.720119 0.508283 -0.356681
v 0.721864 0.643016 -0.303485
v 0.723610 0.757224 -0.217544
v 0.725355 0.775539 -0.128082
v 0.756798 0.360816 -0.354466
v 0.755670 0.510126 -0.382976
v 0.754541 0.667242 -0.321714
v 0.753412 0.779401 -0.222951
v 0.752283 0.799154 -0.116807
v 0.756782 0.377046 -0.320306
v 0.755654 0.501065 -0.348320
v 0.754527 0.630203 -0.300628
v 0.753399 0.745319 -0.220010
v 0.752272 0.767816 -0.136265
v 0.734586 0.376699 -0.320397
v 0.735119 0.500996 -0.348232
v 0.735652 0.630259 -0.300423
v 0.736184 0.745366 -0.219792
v 0.736717 0.767729 -0.136062
v 0.771444 0.369513 -0.346090
v 0.769220 0.513008 -0.372172
v 0.766995 0.659937 -0.313043
v 0.764771 0.772871 -0.218930
v 0.762547 0.789775 -0.119359
v 0.717861 0.367908 -0.346431
v 0.719644 0.512276 -0.372829
v 0.721428 0.659871 -0.313413
v 0.723212 0.772696 -0.219099
v 0.724995 0.789997 -0.119382
v 0.737796 0.507333 0.019727
v 0.736106 0.519953 0.044964
v 0.749790 0.537668 0.048334
v 0.737245 0.537478 0.048311
v 0.743788 0.514465 0.039494
v 0.731289 0.520539 0.038355
v 0.743633 0.526774 0.048412
v 0.731030 0.531729 0.046310
v 0.749852 0.507684 0.019592
v 0.750908 0.520219 0.044927
v 0.755538 0.532109 0.046311
v 0.755382 0.521084 0.038198
v 0.731034 0.529604 0.012292
v 0.744309 0.633268 -0.010446
v 0.732059 0.555186 0.041968
v 0.726743 0.645280 0.003018
v 0.758445 0.544762 0.036900
v 0.755574 0.635598 -0.007415
v 0.743735 0.558786 0.043027
v 0.755866 0.657266 0.008556
v 0.731615 0.635206 -0.007153
v 0.754438 0.522990 -0.043386
v 0.731109 0.657220 0.008514
v 0.728092 0.544275 0.036974
v 0.750176 0.569188 -0.005744
v 0.758099 0.588289 0.027590
v 0.737261 0.596032 0.030404
v 0.728803 0.576408 0.019391
v 0.750014 0.596149 0.030436
v 0.757881 0.576916 0.019200
v 0.737851 0.568865 -0.005583
v 0.728520 0.587990 0.027589
v 0.754583 0.495081 -0.084205
v 0.738801 0.488373 -0.078420
v 0.750393 0.488702 -0.078571
v 0.733915 0.494501 -0.083935
v 0.745020 0.489030 -0.101291
v 0.750695 0.500956 -0.091484
v 0.738667 0.500624 -0.091327
v 0.754002 0.500971 -0.030500
v 0.733699 0.500367 -0.030236
v 0.733407 0.522393 -0.043111
v 0.744599 0.525928 -0.046896
v 0.744474 0.496603 -0.029655
v 0.154515 -0.325214 0.429600
v 0.358976 -0.080670 0.448734
v 0.500089 -0.162631 0.383321
v 0.267586 -0.196993 0.426884
v 0.000000 -0.209484 0.465517
v 0.150950 -0.298969 0.381453
v 0.371891 -0.201902 0.385639
v 0.000000 -0.372153 0.284373
v 0.000000 -0.450122 0.336683
v 0.310020 -0.359474 0.382990
v 0.499701 -0.205076 0.342996
v 0.120934 -0.037835 0.486834
v 0.277858 -0.016632 0.464473
v 0.346499 -0.049716 0.409468
v 0.131113 -0.140681 0.421469
v 0.310132 -0.084044 0.413836
v 0.000000 -0.271629 0.387238
v 0.260975 -0.171627 0.476768
v 0.435636 -0.118547 0.423507
v 0.391054 -0.115556 0.390176
v 0.184302 0.004863 0.422221
v 0.000000 -0.012812 0.397090
v 0.061554 0.142907 0.448822
v 0.176995 0.104666 0.445895
v 0.224383 0.074399 0.410690
v 0.065375 0.118544 0.410702
v 0.189040 0.084866 0.407540
v 0.000000 0.173148 0.405283
v 0.108212 0.145633 0.434494
v 0.167103 0.067325 0.474646
v 0.258829 0.029265 0.433652
v 0.282426 0.007562 0.396866
v 0.000000 0.075537 0.465662
v 0.529184 -0.273990 0.403543
v 0.528890 -0.215978 0.434843
v 0.447866 -0.204265 0.456810
v 0.458715 -0.282323 0.421799
v 0.361087 -0.102121 0.467519
v 0.384737 -0.168278 0.475886
v 0.411683 -0.135700 0.452263
v 0.315475 -0.085961 0.481808
v 0.375199 -0.264285 0.454250
v 0.597226 -0.250495 0.384526
v 0.506329 -0.176624 0.429425
v 0.445828 -0.333322 0.361788
v 0.076708 -0.802688 -0.008257
v 0.076708 -0.797481 -0.230490
v 0.139493 -0.659762 -0.110174
v 0.000000 -0.625816 -0.334653
v 0.000000 -0.667468 0.152919
v 0.053797 -1.458902 -0.059872
v 0.053797 -1.458000 -0.183860
v 0.101816 -0.960920 -0.129711
v 0.000000 -1.298732 -0.247958
v 0.000000 -0.960920 0.072798
v 0.074922 -1.298732 -0.126872
v 0.000000 -0.960920 -0.307468
v 0.000000 -1.298732 0.019137
v 0.060843 -1.129826 -0.046970
v 0.060843 -1.129826 -0.204270
v 0.136070 -1.713465 -0.059368
v 0.138874 -1.717850 -0.221222
v 0.000000 -1.594382 -0.259209
v 0.136496 -1.600696 -0.129335
v 0.000000 -1.601598 0.008259
v 0.212063 -2.006956 -0.052061
v 0.202710 -1.905614 -0.315654
v 0.000000 -1.783537 -0.391467
v 0.291173 -1.842791 -0.154602
v 0.151654 -1.877975 -0.004776
v 0.244770 -2.190310 -0.155074
v 0.242330 -2.077842 -0.459059
v 0.000000 -1.944576 -0.551578
v 0.340226 -2.045965 -0.228652
v 0.000000 -2.144492 0.027338
v 0.258196 -2.338654 -0.289600
v 0.125593 -2.315556 -0.943707
v 0.000000 -2.173449 -0.735115
v 0.422837 -2.230441 -0.385922
v 0.000000 -2.335925 -0.034680
v 0.244485 -2.444866 -0.414981
v 0.241726 -2.385109 -0.954034
v 0.000000 -2.314655 -1.014184
v 0.430870 -2.376565 -0.549024
v 0.000000 -2.421748 -0.100549
v 0.141500 -2.375944 -1.260404
v 0.000000 -2.321157 -1.287244
v 0.318720 -2.442861 -0.967353
v 0.082503 -2.359694 -1.545521
v 0.000000 -2.333390 -1.518008
v 0.172881 -2.387460 -1.382745
v 0.137273 -2.521326 -0.541314
v 0.200073 -2.524122 -0.984865
v 0.323626 -2.491557 -0.758282
v 0.208143 -2.473188 -1.135285
v 0.000000 -2.472503 -0.175252
v 0.000000 -2.596826 -0.587869
v 0.000000 -2.602132 -0.811226
v 0.112563 -2.567863 -0.768329
v 0.068843 -2.541690 -1.060401
v 0.000000 -2.542703 -0.351667
v 0.051395 -2.415996 -1.476012
v 0.107454 -2.420805 -1.445321
v 0.103732 -2.439446 -1.411332
v 0.047673 -2.462088 -1.371476
v 0.101087 -2.474361 -1.284471
v 0.174659 -2.434201 -1.319215
v 0.117055 -2.383646 -1.498749
v 0.000000 -2.395013 -1.544737
v 0.000000 -2.534566 -1.149265
v 0.000000 -2.459956 -1.409351
v 0.182295 -1.825589 -0.033281
v 0.220033 -1.918556 -0.025945
v 0.250673 -1.866170 -0.054451
v 0.000000 -1.879018 0.031530
v 0.238489 -1.799394 -0.083942
v 0.100746 -1.804011 -0.019475
v 0.120353 -1.935894 0.003779
v 0.291828 -1.914199 -0.080531
v 0.196302 -1.950937 0.058369
v 0.219043 -1.911309 0.068651
v 0.239064 -1.965053 0.030769
v 0.261804 -1.925425 0.041051
v 0.182608 -1.880064 0.020067
v 0.198904 -1.933928 0.015277
v 0.251373 -1.915685 -0.011778
v 0.226685 -1.871734 0.004718
v 0.223898 -2.036904 0.093295
v 0.247393 -2.022169 0.134789
v 0.267166 -2.028334 0.068957
v 0.290661 -2.013600 0.110451
v 0.277458 -1.975246 0.063322
v 0.259175 -1.956733 0.103304
v 0.214294 -1.970972 0.103816
v 0.223707 -1.999153 0.061571
v 0.313910 -2.571551 0.089659
v 0.333359 -2.553748 0.129552
v 0.355455 -2.548975 0.064292
v 0.374905 -2.531172 0.104185
v 0.307385 -2.495468 0.059536
v 0.305189 -2.084250 0.085896
v 0.298328 -2.508854 0.113141
v 0.284410 -2.097476 0.133587
v 0.344685 -2.629495 0.190655
v 0.365312 -2.595587 0.228711
v 0.386231 -2.619597 0.160668
v 0.406858 -2.585689 0.198724
v 0.332661 -2.603805 0.139878
v 0.342223 -2.606132 0.084997
v 0.394980 -2.575972 0.097627
v 0.371346 -2.566444 0.147864
v 0.378560 -2.598043 0.565509
v 0.402456 -2.559774 0.555845
v 0.420106 -2.614645 0.547160
v 0.444002 -2.576375 0.537496
v 0.426360 -2.619942 0.345768
v 0.406432 -2.588691 0.385300
v 0.364042 -2.611643 0.387958
v 0.372863 -2.648597 0.355224
v 0.418155 -2.381588 0.749437
v 0.442557 -2.364914 0.676202
v 0.459701 -2.388403 0.771243
v 0.484103 -2.371730 0.698008
v 0.412788 -2.506211 0.692152
v 0.466791 -2.495509 0.658621
v 0.404472 -2.477248 0.653249
v 0.449391 -2.472268 0.619184
v 0.424637 -2.313479 0.880972
v 0.448480 -2.241561 0.858555
v 0.466200 -2.338120 0.888533
v 0.490043 -2.266203 0.866116
v 0.436479 -2.342884 0.840237
v 0.490482 -2.324280 0.814999
v 0.428163 -2.301650 0.784300
v 0.473082 -2.276786 0.750572
v 0.434473 -2.385783 0.978585
v 0.455517 -2.350776 1.034175
v 0.476122 -2.397878 0.958869
v 0.497166 -2.362871 1.014459
v 0.439854 -2.357845 0.930843
v 0.491145 -2.329588 0.940155
v 0.428723 -2.294893 0.953521
v 0.473099 -2.256829 0.967885
v 0.488624 -2.612859 0.952546
v 0.506925 -2.679508 0.968872
v 0.519783 -2.590039 0.946957
v 0.538085 -2.656688 0.963282
v 0.546785 -2.603744 0.956315
v 0.501250 -2.502530 1.029317
v 0.456874 -2.491066 1.003892
v 0.492782 -2.566469 0.948789
v 0.519296 -2.480681 0.980458
v 0.529384 -2.698904 0.975528
v 0.484466 -2.649087 0.965470
v 0.468005 -2.471879 0.962869
v 0.473902 -2.566996 0.965076
v 0.515465 -2.542741 0.957605
v 0.497744 -2.637890 0.986565
v 0.539307 -2.613636 0.979094
v 0.246736 -2.100424 -0.663900
v 0.368223 -1.947433 -0.987009
v 0.125928 -2.127847 -0.772708
v 0.359496 -2.174441 -0.660956
v 0.253518 -2.269359 -0.869269
v 0.129348 -2.197671 -0.890812
v 0.362858 -2.273552 -0.748221
v 0.060499 -2.265414 -0.798838
v 0.121386 -2.136727 -0.627752
v 0.367568 -2.188221 -0.471680
v 0.430144 -2.300158 -0.575237
v 0.377116 -2.403793 -0.718348
v 0.279952 -1.586905 -1.192424
v 0.250452 -1.627828 -1.427428
v 0.183689 -1.625372 -1.246953
v 0.367411 -1.625304 -1.223372
v 0.290451 -1.756329 -1.330071
v 0.188891 -1.706431 -1.319111
v 0.372708 -1.713670 -1.288861
v 0.326466 -2.030276 -1.047540
v 0.211059 -1.981615 -1.108834
v 0.143726 -1.923856 -1.042572
v 0.203001 -1.851243 -0.958227
v 0.319331 -1.875996 -0.915923
v 0.290906 -1.481110 -1.427209
v 0.329974 -1.605000 -1.471118
v 0.231540 -1.516664 -1.440621
v 0.344984 -1.508429 -1.435946
v 0.297904 -1.607785 -1.446072
v 0.234921 -1.579668 -1.451533
v 0.348601 -1.572100 -1.443898
v 0.197767 -1.561894 -1.400130
v 0.331088 -1.492443 -1.344902
v 0.369571 -1.551628 -1.389965
v 0.339307 -1.626937 -1.415319
v 0.242619 -1.496117 -1.352700
v 0.298723 -1.605273 -1.566665
v 0.339710 -2.335604 -1.672281
v 0.245600 -1.637484 -1.549881
v 0.347066 -1.629052 -1.557087
v 0.304720 -1.701526 -1.498827
v 0.248519 -1.686304 -1.517158
v 0.350144 -1.676484 -1.521971
v 0.269199 -1.611076 -1.476293
v 0.233163 -1.567862 -1.494534
v 0.263841 -1.515301 -1.503407
v 0.324353 -1.509957 -1.501525
v 0.350675 -1.558367 -1.494643
v 0.309745 -2.510552 -1.692735
v 0.368362 -2.630769 -1.692664
v 0.255141 -2.526553 -1.662691
v 0.358608 -2.513644 -1.696749
v 0.313483 -2.550089 -1.609536
v 0.258526 -2.551519 -1.616324
v 0.360594 -2.540500 -1.644780
v 0.357771 -1.873890 -1.589648
v 0.336599 -1.905641 -1.543643
v 0.276535 -1.913560 -1.533094
v 0.247347 -2.372354 -1.608396
v 0.272014 -1.837869 -1.603170
v 0.332077 -1.831946 -1.616415
v 0.364310 -2.359858 -1.651687
v 0.341271 -2.385407 -1.607693
v 0.281202 -2.392205 -1.589455
v 0.241486 -1.882378 -1.561928
v 0.278411 -2.342437 -1.648616
v 0.255632 -2.161262 -1.568791
v 0.306379 -2.097393 -1.647159
v 0.253484 -2.124051 -1.607746
v 0.310323 -2.170669 -1.566661
v 0.354100 -2.115612 -1.645677
v 0.355897 -2.151676 -1.604134
v 0.311967 -2.668069 -1.708222
v 0.308391 -2.682884 -1.663569
v 0.269251 -2.675419 -1.685726
v 0.348227 -2.674832 -1.711116
v 0.310066 -2.690208 -1.629332
v 0.270354 -2.675819 -1.634805
v 0.347196 -2.674045 -1.654592
v 0.350490 -2.641507 -1.632233
v 0.272573 -2.646873 -1.616823
v 0.241871 -2.638830 -1.655748
v 0.234211 -2.675130 -1.728772
v 0.268948 -2.674242 -1.757482
v 0.290644 -2.622683 -1.849699
v 0.350480 -2.654136 -1.851994
v 0.239162 -2.631028 -1.825437
v 0.338348 -2.622966 -1.852966
v 0.284928 -2.677910 -1.862377
v 0.234442 -2.683506 -1.835940
v 0.335123 -2.679775 -1.866289
v 0.221024 -2.662545 -1.816563
v 0.322541 -2.645483 -1.964382
v 0.261823 -2.608108 -2.150316
v 0.332926 -2.672154 -1.778635
v 0.235508 -2.620158 -1.720016
v 0.271554 -2.597716 -1.743772
v 0.333706 -2.591749 -1.763493
v 0.361332 -2.671682 -1.766969
v 0.362277 -2.607327 -1.756508
v 0.245696 -2.644436 -2.146259
v 0.283797 -2.667769 -2.138352
v 0.210700 -2.649034 -2.132597
v 0.276362 -2.644612 -2.146230
v 0.245827 -2.678510 -2.145935
v 0.210526 -2.681933 -2.130574
v 0.277074 -2.678878 -2.146161
v 0.202000 -2.672893 -2.121360
v 0.226026 -2.668281 -2.142270
v 0.265169 -2.666380 -2.151689
v 0.320721 -2.677140 -1.973015
v 0.293583 -2.680562 -1.982581
v 0.239789 -2.682326 -1.966754
v 0.198429 -2.651223 -2.098540
v 0.245900 -2.641061 -1.956992
v 0.201437 -2.683836 -2.104440
v 0.247586 -2.106938 0.062770
v 0.263299 -2.282567 0.034511
v 0.342974 -2.370249 0.060417
v 0.331358 -2.254191 0.057470
v 0.236759 -2.112236 0.122715
v 0.251967 -2.300555 0.112877
v 0.322257 -2.398832 0.124060
v 0.308143 -2.283922 0.123940
v 0.267434 -2.201474 0.131115
v 0.286068 -2.372005 0.131542
v 0.316355 -2.175043 0.102651
v 0.340297 -2.340145 0.089494
v 0.240719 -2.203046 0.079932
v 0.254553 -2.370126 0.067475
v 0.289640 -2.176615 0.051467
v 0.308782 -2.338266 0.025427
v 0.278766 -2.395658 0.039946
v 0.268849 -2.413827 0.114233
v 0.360647 -2.472711 0.076711
v 0.339540 -2.483232 0.119953
v 0.301831 -2.441896 0.128193
v 0.345345 -2.416427 0.101118
v 0.277023 -2.442414 0.083171
v 0.320536 -2.416944 0.056097
v 0.777707 -0.795611 0.117325
v 0.786919 -0.743963 0.209405
v 0.817001 -0.762876 0.169035
v 0.747625 -0.776697 0.157695
v 0.750002 -0.627537 0.049311
v 0.760098 -0.596855 0.140533
v 0.695674 -0.608273 0.135247
v 0.693655 -0.633981 0.042525
v 0.822255 -0.879393 0.287360
v 0.838678 -0.785492 0.317095
v 0.867724 -0.820019 0.327064
v 0.797964 -0.846587 0.288712
v 0.793104 -0.810969 0.248657
v 0.784691 -0.865232 0.207158
v 0.847171 -0.794698 0.273841
v 0.831906 -0.848614 0.223999
v 0.857836 -0.837831 0.377653
v 0.871067 -0.737379 0.434698
v 0.890041 -0.793126 0.399441
v 0.836563 -0.799187 0.396859
v 0.868302 -0.848843 0.353166
v 0.894393 -0.758857 0.394618
v 0.818544 -0.862759 0.338670
v 0.818161 -0.776423 0.368774
v 0.909402 -0.007562 0.650006
v 0.918070 -0.017309 0.739289
v 0.948213 -0.007310 0.710257
v 0.880189 -0.019286 0.689880
v 0.883573 -0.050432 0.651679
v 0.836018 -0.707005 0.435923
v 0.943399 -0.032999 0.730561
v 0.873749 -0.740148 0.373042
v 0.903364 0.049492 0.656874
v 0.918981 0.023251 0.735250
v 0.934909 0.033360 0.712159
v 0.891389 0.028732 0.693389
v 0.935259 0.029823 0.677101
v 0.878053 0.020657 0.642469
v 0.893834 0.003248 0.728089
v 0.942046 0.008403 0.738119
v 0.896436 0.055851 0.581532
v 0.884633 0.073297 0.572044
v 0.906012 0.063190 0.594659
v 0.875057 0.065959 0.558918
v 0.924178 0.034100 0.631288
v 0.880609 0.031145 0.602831
v 0.907844 0.059980 0.627452
v 0.878804 0.058811 0.591182
v 0.845850 -0.403631 0.491207
v 0.892270 -0.040255 0.719385
v 0.918122 -0.357508 0.585033
v 0.941797 -0.039863 0.672141
v 0.902875 -0.155968 0.605049
v 0.912895 -0.123386 0.698530
v 0.946116 -0.133894 0.663180
v 0.869654 -0.145460 0.640398
v 0.861946 -0.364741 0.579708
v 0.907144 -0.390191 0.521135
v 0.814960 -0.758559 0.333561
v 0.895025 -0.699408 0.434913
v 0.820129 -0.628847 0.424489
v 0.898996 -0.612435 0.448646
v 0.872475 -0.592034 0.490223
v 0.846650 -0.649248 0.382912
v 0.313126 -2.659181 -1.498947
v 0.311332 -2.686742 -1.505727
v 0.331044 -2.671115 -1.506742
v 0.293414 -2.674807 -1.497932
v 0.289929 -2.687409 -1.543909
v 0.336693 -2.680097 -1.619757
v 0.334529 -2.651917 -1.545939
v 0.287766 -2.628849 -1.604168
v 0.285318 -2.683553 -1.611208
v 0.332499 -2.683954 -1.552459
v 0.339143 -2.624919 -1.613237
v 0.291959 -2.655846 -1.536870
v 0.279912 -2.666267 -1.584051
v 0.344546 -2.661344 -1.595797
v 0.313770 -2.636629 -1.585404
v 0.310688 -2.690982 -1.594443
v 0.288388 -2.644551 -2.115563
v 0.298017 -2.637703 -1.970964
v 0.286232 -2.679382 -2.123186
v 0.266921 -2.682044 -2.131821
v 0.225273 -2.683416 -2.121116
v 0.214944 -2.653388 -1.938691
v 0.280343 -2.609570 -2.137052
v 0.212825 -2.682866 -1.944771
v 0.213157 -2.685443 -2.060258
v 0.201872 -2.671834 -2.046659
v 0.255583 -2.634760 -2.063255
v 0.215390 -2.640324 -2.047248
v 0.252142 -2.681792 -2.078164
v 0.291238 -2.634928 -2.063645
v 0.299979 -2.665522 -2.067939
v 0.289161 -2.682244 -2.079330
v 0.260532 -2.563964 -2.128799
v 0.240123 -2.576522 -2.144027
v 0.204585 -2.581379 -2.130782
v 0.271160 -2.576669 -2.143678
v 0.195138 -2.582975 -2.105427
v 0.279959 -2.576525 -2.120587
v 0.219380 -2.566576 -2.120040
v 0.243123 -2.573908 -2.106629
v 0.205048 -2.579113 -2.092436
v 0.276380 -2.574065 -2.106256
v 0.267862 -2.604562 -2.100722
v 0.286104 -2.607037 -2.099386
v 0.198494 -2.613703 -2.083298
v 0.224883 -2.607294 -2.091294
v 0.222613 -2.610600 -2.141718
v 0.198459 -2.615803 -2.122023
v 0.928051 0.191082 -0.336891
v 0.937123 0.039629 -0.385076
v 0.938656 -0.112546 -0.371774
v 0.938656 -0.246271 -0.300859
v 0.937871 -0.342739 -0.184178
v 0.933313 -0.387832 -0.039494
v 0.933645 -0.372718 0.111165
v 0.935486 -0.302444 0.244864
v 0.938233 -0.189298 0.341248
v 0.938429 -0.040052 0.385643
v 0.936301 0.111354 0.371305
v 0.932453 0.245200 0.300498
v 0.937489 0.341078 0.179591
v 0.936083 0.380675 0.009208
v 0.927801 0.358302 -0.140624
v 0.927135 0.297292 -0.256942
v 0.000000 0.102204 -0.352895
v 0.000000 -0.056491 -0.410574
v 0.000000 -0.213191 -0.395970
v 0.000000 -0.362145 -0.348377
v 0.000000 -0.490062 -0.332678
v 0.216631 -0.547887 -0.091338
v 0.000000 -0.569288 0.188668
v 0.000000 -0.495877 0.265597
v 0.000000 0.265441 0.216020
v 0.000000 0.316606 0.077750
v 0.000000 0.328825 -0.020479
v 0.000000 0.309718 -0.120645
v 0.000000 0.230284 -0.250114
v 0.992393 0.203445 -0.379811
v 0.992393 0.043173 -0.427716
v 0.992393 -0.123793 -0.411680
v 0.992393 -0.271913 -0.332969
v 0.992393 -0.378636 -0.203567
v 0.992393 -0.427716 -0.043174
v 0.992393 -0.411680 0.123793
v 0.992393 -0.332969 0.271912
v 0.992393 -0.203567 0.378636
v 0.992393 -0.043174 0.427716
v 0.992393 0.123792 0.411680
v 0.992393 0.271912 0.332969
v 0.992393 0.378581 0.202992
v 0.992393 0.426304 0.037729
v 0.992393 0.405022 -0.137521
v 0.992393 0.331158 -0.280958
v 1.054886 0.198215 -0.368898
v 1.054886 0.042042 -0.416510
v 1.054886 -0.120550 -0.400894
v 1.054886 -0.264789 -0.324246
v 1.054886 -0.368716 -0.198234
v 1.054886 -0.416510 -0.042042
v 1.054886 -0.400895 0.120549
v 1.054886 -0.324246 0.264789
v 1.054886 -0.198234 0.368716
v 1.054886 -0.042043 0.416510
v 1.054886 0.120549 0.400894
v 1.054886 0.264788 0.324246
v 1.054886 0.368716 0.198234
v 1.054886 0.416345 0.041739
v 1.054886 0.399887 -0.122550
v 1.054886 0.323969 -0.266182
v 1.102356 0.172326 -0.320531
v 1.102356 0.036548 -0.362077
v 1.102356 -0.104795 -0.348502
v 1.102356 -0.230184 -0.281870
v 1.102356 -0.320529 -0.172327
v 1.102356 -0.362077 -0.036548
v 1.102356 -0.348502 0.104795
v 1.102356 -0.281871 0.230184
v 1.102356 -0.172327 0.320529
v 1.102356 -0.036549 0.362077
v 1.102356 0.104794 0.348502
v 1.102356 0.230183 0.281871
v 1.102356 0.320529 0.172327
v 1.102356 0.362076 0.036546
v 1.102356 0.348498 -0.104807
v 1.102356 0.281867 -0.230197
v 1.060895 0.146866 -0.275002
v 1.060895 0.030419 -0.310637
v 1.060895 -0.090826 -0.298991
v 1.060895 -0.198405 -0.241826
v 1.060895 -0.275996 -0.147845
v 1.060895 -0.311653 -0.031356
v 1.060895 -0.299958 0.089907
v 1.060895 -0.243475 0.197482
v 1.060895 -0.152973 0.275005
v 1.060895 -0.033014 0.310743
v 1.060895 0.088129 0.299362
v 1.060895 0.194097 0.243086
v 1.060895 0.272348 0.149334
v 1.060895 0.309421 0.031693
v 1.060895 0.297964 -0.089957
v 1.060895 0.240809 -0.197550
v 0.721859 0.120403 -0.236261
v 0.721859 0.020483 -0.266813
v 0.721859 -0.083639 -0.256802
v 0.721859 -0.176178 -0.207667
v 0.721859 -0.243134 -0.126887
v 0.721859 -0.273847 -0.026760
v 0.721859 -0.263632 0.077470
v 0.721859 -0.220601 0.169935
v 0.721859 -0.150876 0.236668
v 0.721859 -0.040105 0.267785
v 0.721859 0.065693 0.259581
v 0.721859 0.151684 0.214453
v 0.721859 0.221106 0.134350
v 0.721859 0.258275 0.029520
v 0.721859 0.250083 -0.077236
v 0.721859 0.200990 -0.169885
v 0.563956 0.011764 -0.385144
v 0.775257 0.036125 -0.376328
v 0.554055 -0.155491 -0.382683
v 0.779456 -0.126551 -0.372789
v 0.554055 -0.293610 -0.318379
v 0.779456 -0.260156 -0.304509
v 0.556017 -0.390296 -0.213349
v 0.769253 -0.357920 -0.190489
v 0.591672 -0.468717 -0.048104
v 0.714562 -0.450777 -0.035282
v 0.565554 -0.453063 0.112480
v 0.716149 -0.425298 0.111879
v 0.387554 -0.387176 0.301232
v 0.669769 -0.348885 0.240542
v 0.650880 -0.241975 0.339674
v 0.769242 -0.249933 0.330896
v 0.606870 -0.059209 0.377439
v 0.776664 -0.052585 0.376789
v 0.535725 0.089630 0.370193
v 0.739399 0.103158 0.364709
v 0.392568 0.246776 0.288896
v 0.676991 0.239082 0.296085
v 0.532449 0.326011 0.172039
v 0.761861 0.333396 0.178109
v 0.571353 0.355563 -0.018116
v 0.768292 0.360063 -0.024215
v 0.659313 0.307149 -0.229810
v 0.749409 0.314898 -0.227563
v 0.625222 0.287070 -0.275396
v 0.750028 0.245000 -0.301751
v 0.657701 0.243307 -0.296869
v 0.000000 0.079316 0.328258
v 0.104474 0.044646 0.344307
v 0.183104 -0.023528 0.338673
v 0.237645 -0.113112 0.322774
v 0.259099 -0.215618 0.292924
v 0.222550 -0.303295 0.263132
v 0.000000 -0.350861 0.264029
v 0.000000 0.181810 0.333538
v 0.232243 0.131481 0.379505
v 0.352238 0.039797 0.393517
v 0.425055 -0.081416 0.376286
v 0.530953 -0.222291 0.322561
v 0.312259 -0.322368 0.268117
v 0.000000 -0.388083 0.230648
v 0.000000 0.108358 0.367863
v 0.140048 0.067146 0.394605
v 0.230207 -0.005975 0.391869
v 0.291374 -0.103954 0.372129
v 0.324181 -0.218059 0.329531
v 0.263400 -0.314084 0.284916
v 0.000000 -0.369521 0.273236
v 0.013194 -0.294494 -0.308839
v 0.096356 -0.324267 -0.316243
v 0.135395 -0.338930 -0.293829
v 0.148990 -0.363625 -0.265544
v 0.137638 -0.390236 -0.237162
v 0.097940 -0.410803 -0.216336
v 0.013401 -0.412379 -0.202709
v 0.000000 0.075431 0.030493
v 0.000000 -0.009807 -0.198054
v 0.000000 0.069451 -0.068657
v 0.000000 0.054984 -0.131059
v 0.100553 0.041496 0.032644
v 0.100029 -0.037075 -0.196588
v 0.100553 0.035472 -0.068646
v 0.100553 0.020896 -0.131025
v 0.175722 -0.025962 0.031779
v 0.170362 -0.098579 -0.193745
v 0.175357 -0.032101 -0.068638
v 0.175357 -0.047039 -0.130999
v 0.215467 -0.113756 0.029541
v 0.200509 -0.179321 -0.190190
v 0.211265 -0.119624 -0.068634
v 0.208330 -0.135017 -0.130987
v 0.224100 -0.214654 0.025417
v 0.175337 -0.269039 -0.186570
v 0.207240 -0.217703 -0.068619
v 0.184307 -0.232215 -0.130940
v 0.173138 -0.295945 0.021370
v 0.103540 -0.337914 -0.181587
v 0.144588 -0.296432 -0.068142
v 0.109706 -0.310097 -0.129427
v 0.000000 -0.366586 -0.166015
v 0.000000 -0.352060 0.022009
v 0.000000 -0.365623 -0.120286
v 0.000000 -0.355263 -0.065259
v 0.857807 0.042288 -0.374060
v 0.867744 -0.116742 -0.368128
v 0.867744 -0.248901 -0.299073
v 0.861466 -0.345095 -0.184781
v 0.825002 -0.395407 -0.042652
v 0.826363 -0.376440 0.105675
v 0.834621 -0.314325 0.237599
v 0.863069 -0.223711 0.332974
v 0.865933 -0.046711 0.377543
v 0.848909 0.107045 0.364371
v 0.818119 0.239889 0.296177
v 0.858543 0.334415 0.175821
v 0.850343 0.362201 -0.017408
v 0.786993 0.311826 -0.230004
v 0.796076 0.296617 -0.275323
v 0.788325 0.252614 -0.295108
v 0.730942 0.700680 -0.039692
v 0.744496 0.698544 -0.043209
v 0.725741 0.711441 -0.028833
v 0.759080 0.582278 0.024248
v 0.756835 0.724000 -0.022919
v 0.744123 0.728082 -0.021720
v 0.730402 0.724129 -0.022965
v 0.756524 0.700920 -0.039972
v 0.761408 0.711365 -0.028921
v 0.773221 0.374548 -0.338698
v 0.770864 0.512827 -0.363829
v 0.768506 0.652624 -0.307267
v 0.766149 0.766269 -0.217177
v 0.763792 0.782455 -0.122757
v 0.724496 0.376451 -0.323660
v 0.725783 0.503366 -0.350584
v 0.727071 0.634404 -0.301103
v 0.728358 0.749129 -0.218812
v 0.729645 0.770080 -0.133307
v 0.758317 0.770176 -0.133617
v 0.760090 0.749061 -0.219127
v 0.761863 0.634314 -0.301357
v 0.763636 0.503519 -0.350570
v 0.765409 0.377178 -0.323449
v 0.746173 0.376746 -0.319701
v 0.745839 0.500465 -0.348015
v 0.745505 0.629289 -0.300559
v 0.745171 0.744556 -0.220264
v 0.744837 0.767352 -0.136873
v 0.758666 0.795868 -0.117561
v 0.760477 0.777185 -0.221384
v 0.762287 0.664826 -0.318593
v 0.764097 0.511355 -0.379219
v 0.765907 0.364106 -0.351644
v 0.723632 0.362740 -0.351784
v 0.724984 0.510507 -0.379474
v 0.726336 0.664696 -0.318874
v 0.727688 0.776938 -0.221575
v 0.729040 0.796030 -0.117630
v 0.723815 0.782660 -0.122677
v 0.721905 0.766222 -0.217227
v 0.719996 0.652652 -0.307583
v 0.718086 0.512377 -0.364703
v 0.716176 0.373018 -0.339179
v 0.744418 0.800116 -0.116703
v 0.744708 0.779943 -0.223543
v 0.744997 0.667808 -0.322705
v 0.745286 0.509484 -0.384050
v 0.745576 0.359508 -0.355204
v 0.732855 0.513008 0.018420
v 0.744061 0.507313 0.019140
v 0.730261 0.525825 0.043131
v 0.743648 0.520229 0.044790
v 0.753542 0.540662 0.046136
v 0.743683 0.538245 0.048459
v 0.733155 0.540361 0.046112
v 0.754106 0.513617 0.018182
v 0.756352 0.526279 0.043067
v 0.755074 0.563205 0.005586
v 0.743819 0.596883 0.030605
v 0.755042 0.593421 0.029546
v 0.731918 0.562613 0.005858
v 0.744285 0.568753 -0.006276
v 0.731705 0.593200 0.029506
v 0.727590 0.581896 0.024326
v 0.753583 0.505388 -0.076942
v 0.753300 0.493415 -0.067389
v 0.735155 0.492894 -0.067152
v 0.744852 0.488465 -0.079072
v 0.734986 0.504868 -0.076699
v 0.744946 0.500713 -0.092003
v 0.000000 -0.362639 0.411119
v 0.286944 -0.291270 0.445004
v 0.530752 -0.177563 0.406011
v 0.438936 -0.161016 0.372737
v 0.281660 -0.257238 0.396916
v 0.000000 -0.333898 0.352621
v 0.000000 -0.045233 0.487744
v 0.239682 -0.033309 0.484003
v 0.327016 -0.044207 0.438174
v 0.343176 -0.061697 0.397494
v 0.241424 -0.111969 0.430995
v 0.000000 -0.169787 0.398602
v 0.000000 0.149454 0.428449
v 0.121191 0.130073 0.458277
v 0.218951 0.072386 0.429893
v 0.231929 0.058756 0.402003
v 0.000000 0.125948 0.395164
v 0.128979 0.106423 0.417681
v 0.478340 -0.299446 0.394109
v 0.557509 -0.244957 0.409436
v 0.465730 -0.179097 0.448159
v 0.426451 -0.237528 0.457974
v 0.353388 -0.115593 0.476551
v 0.374981 -0.103679 0.455737
v 0.000000 -0.792691 -0.330246
v 0.115062 -0.801178 -0.125053
v 0.000000 -0.803104 0.114220
v 0.000000 -1.457098 -0.236997
v 0.080696 -1.458676 -0.126294
v 0.000000 -1.458902 0.010978
v 0.091265 -1.129826 -0.128775
v 0.000000 -1.129826 -0.276610
v 0.000000 -1.129826 0.037991
v 0.000000 -1.705042 -0.311673
v 0.220549 -1.835102 -0.047043
v 0.000000 -1.737933 0.014077
v 0.000000 -1.855002 -0.478224
v 0.256043 -1.900190 -0.049440
v 0.000000 -2.017117 0.042117
v 0.000000 -2.051108 -0.630789
v 0.403140 -2.138849 -0.323922
v 0.000000 -2.253356 -0.001898
v 0.000000 -2.273873 -0.863324
v 0.430281 -2.302311 -0.471597
v 0.000000 -2.392090 -0.068425
v 0.000000 -2.321762 -1.163541
v 0.429329 -2.443557 -0.709019
v 0.000000 -2.442639 -0.134882
v 0.000000 -2.321985 -1.400372
v 0.231832 -2.430190 -1.168842
v 0.000000 -2.357142 -1.584635
v 0.129130 -2.374627 -1.481534
v 0.221610 -2.529073 -0.802334
v 0.000000 -2.507228 -0.241050
v 0.138089 -2.506032 -1.131410
v 0.000000 -2.607288 -0.695296
v 0.000000 -2.574159 -0.477231
v 0.000000 -2.578757 -0.955826
v 0.130742 -2.431139 -1.395508
v 0.000000 -2.433715 -1.464311
v 0.091543 -2.406088 -1.477506
v 0.083504 -2.456568 -1.367097
v 0.000000 -2.488615 -1.323215
v 0.234026 -1.736012 -0.129363
v 0.332528 -1.951878 -0.150895
v 0.153475 -1.839318 -0.017686
v 0.209784 -1.970973 0.043538
v 0.174588 -1.913681 -0.004284
v 0.199197 -1.924524 0.068871
v 0.243895 -1.911531 0.058961
v 0.263338 -1.945698 0.027471
v 0.237399 -2.037973 0.068331
v 0.227087 -2.030009 0.122548
v 0.272642 -2.015871 0.130571
v 0.291990 -2.017154 0.086041
v 0.326311 -2.562290 0.064709
v 0.316757 -2.570718 0.118241
v 0.355485 -2.535584 0.124548
v 0.379076 -2.536854 0.080190
v 0.357086 -2.632924 0.166477
v 0.347827 -2.615114 0.216851
v 0.388027 -2.582063 0.223561
v 0.410146 -2.600267 0.171869
v 0.390961 -2.618056 0.560646
v 0.382519 -2.572614 0.563368
v 0.426805 -2.560651 0.546151
v 0.444838 -2.597516 0.535844
v 0.430557 -2.389130 0.776446
v 0.422241 -2.371581 0.709570
v 0.467159 -2.364120 0.666594
v 0.484560 -2.381804 0.742279
v 0.437323 -2.341210 0.889657
v 0.428303 -2.273929 0.868573
v 0.473086 -2.233334 0.856032
v 0.490648 -2.310891 0.879914
v 0.448579 -2.399248 0.957383
v 0.436040 -2.366589 1.008756
v 0.480145 -2.346739 1.040767
v 0.498513 -2.384732 0.979182
v 0.498788 -2.585571 0.947915
v 0.491282 -2.648886 0.962410
v 0.525901 -2.684055 0.970349
v 0.537445 -2.615166 0.954729
v 0.539912 -2.569623 0.965622
v 0.522351 -2.645989 0.989061
v 0.477568 -2.606004 0.976829
v 0.486588 -2.539648 0.956828
v 0.171358 -2.090499 -0.720212
v 0.320102 -2.135709 -0.634054
v 0.111555 -2.175795 -0.827528
v 0.371540 -2.219447 -0.710410
v 0.177328 -2.220013 -0.919184
v 0.326001 -2.301832 -0.794478
v 0.224145 -1.594575 -1.212242
v 0.333558 -1.598450 -1.193976
v 0.168600 -1.666817 -1.286072
v 0.380724 -1.664649 -1.261404
v 0.233271 -1.738255 -1.336851
v 0.342804 -1.751264 -1.310248
v 0.256494 -1.491236 -1.432216
v 0.323995 -1.486702 -1.427739
v 0.222272 -1.548955 -1.448400
v 0.353357 -1.539243 -1.443957
v 0.262470 -1.601659 -1.450572
v 0.330266 -1.597960 -1.442394
v 0.267926 -1.615213 -1.561861
v 0.328325 -1.609331 -1.564878
v 0.237285 -1.663907 -1.533916
v 0.354490 -1.654686 -1.542911
v 0.273074 -1.700302 -1.503998
v 0.333672 -1.692684 -1.504024
v 0.277850 -2.516526 -1.678761
v 0.340204 -2.509351 -1.700202
v 0.243885 -2.561556 -1.642504
v 0.368045 -2.545939 -1.680627
v 0.280858 -2.574712 -1.609461
v 0.344756 -2.569120 -1.622848
v 0.335806 -2.099979 -1.653196
v 0.360913 -2.135705 -1.628143
v 0.339038 -2.163379 -1.581143
v 0.279329 -2.170858 -1.562080
v 0.245071 -2.144714 -1.584708
v 0.275658 -2.106026 -1.630899
v 0.282278 -2.671770 -1.712669
v 0.334148 -2.670832 -1.729683
v 0.253323 -2.675589 -1.660068
v 0.358983 -2.675690 -1.691978
v 0.281212 -2.680221 -1.622452
v 0.339652 -2.677186 -1.633810
v 0.260558 -2.625923 -1.838300
v 0.319786 -2.621600 -1.855849
v 0.348017 -2.632055 -1.849023
v 0.346070 -2.674835 -1.858781
v 0.226102 -2.641927 -1.816421
v 0.254316 -2.679848 -1.849878
v 0.315467 -2.677838 -1.869245
v 0.223834 -2.680525 -1.823768
v 0.225570 -2.646205 -2.140085
v 0.264739 -2.643861 -2.149010
v 0.283325 -2.645304 -2.135791
v 0.282572 -2.676331 -2.137202
v 0.201510 -2.651260 -2.120010
v 0.225440 -2.679720 -2.139028
v 0.265201 -2.678247 -2.149058
v 0.203941 -2.680567 -2.119890
v 0.255731 -2.192863 0.049846
v 0.270806 -2.356636 0.027600
v 0.341079 -2.328331 0.049783
v 0.317998 -2.166580 0.073001
v 0.244617 -2.206227 0.115698
v 0.259736 -2.376121 0.112855
v 0.318079 -2.359454 0.123701
v 0.295802 -2.190506 0.126621
v 0.290014 -2.431359 0.055830
v 0.281112 -2.446972 0.114999
v 0.346382 -2.408768 0.074387
v 0.327226 -2.430583 0.123363
v 0.754587 -0.793579 0.124767
v 0.803130 -0.784730 0.132903
v 0.758007 -0.756360 0.193458
v 0.813529 -0.744478 0.202332
v 0.800499 -0.878453 0.281269
v 0.849305 -0.857287 0.303715
v 0.809946 -0.802357 0.304436
v 0.873691 -0.780569 0.350009
v 0.836456 -0.835034 0.372341
v 0.874460 -0.828167 0.377419
v 0.838703 -0.748508 0.421392
v 0.896037 -0.741380 0.421503
v 0.880996 -0.009544 0.649174
v 0.938873 0.002269 0.673050
v 0.892312 -0.019811 0.724272
v 0.941894 -0.012801 0.734696
v 0.885677 0.041080 0.642698
v 0.922698 0.045778 0.672505
v 0.900218 0.019129 0.721059
v 0.934075 0.022467 0.731350
v 0.882528 0.052029 0.577612
v 0.910271 0.051806 0.601350
v 0.877824 0.068113 0.569365
v 0.899110 0.067096 0.596575
v 0.873386 -0.157084 0.604737
v 0.885038 -0.130945 0.681755
v 0.938247 -0.123973 0.691934
v 0.934869 -0.146707 0.628730
v 0.839952 -0.602982 0.476634
v 0.879734 -0.633583 0.414268
v 0.820023 -0.650609 0.378384
v 0.898542 -0.595390 0.476985
v 0.298260 -2.662722 -1.507513
v 0.327597 -2.659881 -1.514154
v 0.296861 -2.684288 -1.512650
v 0.326198 -2.681658 -1.519061
v 0.286836 -2.685915 -1.589039
v 0.335311 -2.682460 -1.597588
v 0.337623 -2.641458 -1.591069
v 0.289147 -2.645387 -1.581999
v 0.295889 -2.644083 -2.074425
v 0.277631 -2.634032 -2.066651
v 0.296902 -2.678641 -2.073281
v 0.274870 -2.681554 -2.082241
v 0.228923 -2.683056 -2.069902
v 0.202953 -2.651011 -2.055929
v 0.232401 -2.636921 -2.055955
v 0.204316 -2.683515 -2.051691
v 0.263799 -2.573227 -2.109372
v 0.259420 -2.575887 -2.146586
v 0.219701 -2.578409 -2.138069
v 0.198450 -2.591309 -2.120598
v 0.277160 -2.585413 -2.135026
v 0.198578 -2.589704 -2.092024
v 0.281243 -2.583515 -2.107194
v 0.221243 -2.575930 -2.100245
vt 0.4238 0.7074
vt 0.4060 0.7136
vt 0.4080 0.7059
vt 0.4234 0.7008
vt 0.4366 0.6931
vt 0.4396 0.6985
vt 0.4427 0.7038
vt 0.4242 0.7141
vt 0.4041 0.7213
vt 0.4179 0.1231
vt 0.3355 0.1126
vt 0.3364 0.1107
vt 0.4180 0.1164
vt 0.4996 0.1222
vt 0.5003 0.1337
vt 0.5009 0.1464
vt 0.4197 0.1334
vt 0.3349 0.1109
vt 0.6445 0.6690
vt 0.6431 0.7518
vt 0.6438 0.7528
vt 0.6338 0.6669
vt 0.6323 0.5849
vt 0.6459 0.5862
vt 0.6606 0.5874
vt 0.6530 0.6692
vt 0.6455 0.7510
vt 0.6187 0.6612
vt 0.6170 0.7220
vt 0.5944 0.7132
vt 0.6013 0.6548
vt 0.6101 0.5826
vt 0.6207 0.5837
vt 0.5836 0.6506
vt 0.5714 0.7075
vt 0.5517 0.6989
vt 0.5673 0.6446
vt 0.5876 0.5798
vt 0.5997 0.5813
vt 0.5538 0.6329
vt 0.5392 0.6810
vt 0.5239 0.6646
vt 0.5411 0.6194
vt 0.5549 0.5754
vt 0.5719 0.5777
vt 0.5645 0.1659
vt 0.5673 0.1178
vt 0.5959 0.0787
vt 0.5829 0.1525
vt 0.5758 0.2163
vt 0.5619 0.2224
vt 0.5513 0.2218
vt 0.5476 0.1766
vt 0.5435 0.1192
vt 0.6061 0.1397
vt 0.6095 0.0821
vt 0.6225 0.0799
vt 0.6304 0.1334
vt 0.6339 0.1845
vt 0.6026 0.1973
vt 0.6525 0.1398
vt 0.6455 0.0927
vt 0.6629 0.0943
vt 0.6734 0.1525
vt 0.6868 0.2228
vt 0.6614 0.1973
vt 0.4322 0.2568
vt 0.3743 0.2515
vt 0.3746 0.2368
vt 0.4324 0.2430
vt 0.5021 0.2502
vt 0.5022 0.2627
vt 0.5022 0.2730
vt 0.4320 0.2690
vt 0.3740 0.2653
vt 0.4325 0.2261
vt 0.3748 0.2201
vt 0.3749 0.2023
vt 0.4325 0.2078
vt 0.5022 0.2143
vt 0.5022 0.2332
vt 0.4324 0.1898
vt 0.3748 0.1844
vt 0.3722 0.1649
vt 0.4305 0.1710
vt 0.5019 0.1785
vt 0.5021 0.1961
vt 0.4251 0.1508
vt 0.3647 0.1424
vt 0.5015 0.1617
vt 0.4926 0.6492
vt 0.4930 0.6648
vt 0.4852 0.6659
vt 0.4848 0.6500
vt 0.4846 0.6322
vt 0.4924 0.6317
vt 0.5002 0.6311
vt 0.5004 0.6484
vt 0.5008 0.6637
vt 0.4507 0.5561
vt 0.4624 0.5704
vt 0.4572 0.5742
vt 0.4464 0.5610
vt 0.4332 0.5501
vt 0.4365 0.5444
vt 0.4399 0.5387
vt 0.4551 0.5512
vt 0.4676 0.5665
vt 0.3181 0.5563
vt 0.3323 0.5446
vt 0.3364 0.5503
vt 0.3232 0.5612
vt 0.3124 0.5745
vt 0.3064 0.5706
vt 0.3005 0.5667
vt 0.3130 0.5514
vt 0.3282 0.5388
vt 0.3181 0.6895
vt 0.3064 0.6753
vt 0.3124 0.6717
vt 0.3232 0.6849
vt 0.3364 0.6958
vt 0.3323 0.7013
vt 0.3282 0.7067
vt 0.3130 0.6942
vt 0.3005 0.6789
vt 0.4534 0.6873
vt 0.4488 0.6829
vt 0.4591 0.6703
vt 0.4644 0.6739
vt 0.4698 0.6775
vt 0.4579 0.6917
vt 0.4203 0.5357
vt 0.4181 0.5421
vt 0.4018 0.5371
vt 0.4027 0.5304
vt 0.4036 0.5236
vt 0.4225 0.5294
vt 0.2978 0.5869
vt 0.3044 0.5896
vt 0.2994 0.6060
vt 0.2924 0.6046
vt 0.2854 0.6032
vt 0.2912 0.5842
vt 0.3485 0.7099
vt 0.3515 0.7038
vt 0.3688 0.7084
vt 0.3666 0.7151
vt 0.3644 0.7218
vt 0.3456 0.7160
vt 0.4782 0.6227
vt 0.4767 0.6409
vt 0.4705 0.6398
vt 0.4719 0.6228
vt 0.4702 0.6058
vt 0.4764 0.6043
vt 0.4826 0.6028
vt 0.4845 0.6225
vt 0.4829 0.6421
vt 0.4721 0.6582
vt 0.4662 0.6558
vt 0.4780 0.6607
vt 0.3844 0.5286
vt 0.3848 0.5355
vt 0.3678 0.5372
vt 0.3661 0.5304
vt 0.3644 0.5237
vt 0.3840 0.5217
vt 0.2906 0.6230
vt 0.2977 0.6231
vt 0.2994 0.6402
vt 0.2924 0.6414
vt 0.2854 0.6426
vt 0.2835 0.6229
vt 0.3864 0.7162
vt 0.3887 0.7088
vt 0.3840 0.7237
vt 0.4710 0.5866
vt 0.4652 0.5894
vt 0.4769 0.5839
vt 0.3485 0.5358
vt 0.3515 0.5422
vt 0.3456 0.5295
vt 0.2978 0.6590
vt 0.3044 0.6566
vt 0.2912 0.6615
vt 0.1320 0.8081
vt 0.1477 0.7997
vt 0.1513 0.8055
vt 0.1345 0.8145
vt 0.1162 0.8200
vt 0.1151 0.8133
vt 0.1140 0.8065
vt 0.1296 0.8017
vt 0.1440 0.7940
vt 0.4935 0.6778
vt 0.4941 0.6896
vt 0.4863 0.6913
vt 0.4857 0.6792
vt 0.5013 0.6764
vt 0.5019 0.6879
vt 0.9889 0.7222
vt 0.9890 0.7411
vt 0.9812 0.7417
vt 0.9811 0.7224
vt 0.9811 0.7026
vt 0.9889 0.7027
vt 0.9966 0.7028
vt 0.9966 0.7219
vt 0.9967 0.7405
vt 0.4923 0.6128
vt 0.4845 0.6130
vt 0.4846 0.5933
vt 0.4924 0.5934
vt 0.5002 0.5935
vt 0.5001 0.6126
vt 0.9889 0.6835
vt 0.9811 0.6831
vt 0.9812 0.6645
vt 0.9890 0.6652
vt 0.9967 0.6659
vt 0.9966 0.6839
vt 0.4926 0.5741
vt 0.4848 0.5737
vt 0.4852 0.5550
vt 0.4930 0.5557
vt 0.5008 0.5565
vt 0.5004 0.5746
vt 0.9891 0.6486
vt 0.9814 0.6476
vt 0.9815 0.6315
vt 0.9893 0.6328
vt 0.9970 0.6341
vt 0.9969 0.6496
vt 0.4936 0.5390
vt 0.4858 0.5379
vt 0.4864 0.5217
vt 0.4941 0.5230
vt 0.5019 0.5244
vt 0.5013 0.5400
vt 0.4910 0.8685
vt 0.4915 0.8518
vt 0.4991 0.8506
vt 0.4986 0.8676
vt 0.4982 0.8853
vt 0.4905 0.8859
vt 0.4829 0.8865
vt 0.4833 0.8694
vt 0.4838 0.8530
vt 0.9814 0.9807
vt 0.9820 0.9991
vt 0.9742 1.0000
vt 0.9736 0.9813
vt 0.9732 0.9623
vt 0.9810 0.9620
vt 0.9888 0.9617
vt 0.9893 0.9801
vt 0.9898 0.9981
vt 0.4903 0.9046
vt 0.4979 0.9044
vt 0.4978 0.9246
vt 0.4902 0.9243
vt 0.4826 0.9240
vt 0.4826 0.9049
vt 0.9809 0.9426
vt 0.9730 0.9426
vt 0.9732 0.9229
vt 0.9810 0.9232
vt 0.9888 0.9236
vt 0.9887 0.9426
vt 0.4903 0.9444
vt 0.4980 0.9457
vt 0.4983 0.9658
vt 0.4906 0.9635
vt 0.4829 0.9612
vt 0.4826 0.9430
vt 0.9814 0.9047
vt 0.9736 0.9041
vt 0.9742 0.8856
vt 0.9820 0.8866
vt 0.9898 0.8876
vt 0.9893 0.9054
vt 0.4910 0.9804
vt 0.4987 0.9830
vt 0.4991 0.9986
vt 0.4915 0.9961
vt 0.4838 0.9937
vt 0.4833 0.9778
vt 0.9891 0.7587
vt 0.9893 0.7758
vt 0.9815 0.7769
vt 0.9814 0.7596
vt 0.9969 0.7579
vt 0.9970 0.7746
vt 0.0212 0.7245
vt 0.0227 0.7395
vt 0.0159 0.7408
vt 0.0143 0.7244
vt 0.0159 0.7081
vt 0.0227 0.7095
vt 0.0294 0.7108
vt 0.0281 0.7245
vt 0.0294 0.7382
vt 0.0630 0.6406
vt 0.0474 0.6490
vt 0.0433 0.6431
vt 0.0601 0.6341
vt 0.0784 0.6286
vt 0.0800 0.6355
vt 0.0815 0.6423
vt 0.0658 0.6471
vt 0.0514 0.6548
vt 0.0975 0.8150
vt 0.0972 0.8219
vt 0.0783 0.8200
vt 0.0799 0.8133
vt 0.0814 0.8065
vt 0.0977 0.8081
vt 0.0976 0.6337
vt 0.0974 0.6267
vt 0.1163 0.6286
vt 0.1152 0.6355
vt 0.1140 0.6423
vt 0.0978 0.6407
vt 0.0629 0.8081
vt 0.0600 0.8145
vt 0.0432 0.8055
vt 0.0473 0.7997
vt 0.0513 0.7940
vt 0.0658 0.8017
vt 0.1614 0.6603
vt 0.1477 0.6490
vt 0.1514 0.6431
vt 0.1661 0.6553
vt 0.1782 0.6701
vt 0.1727 0.6740
vt 0.1671 0.6779
vt 0.1567 0.6652
vt 0.1441 0.6548
vt 0.1321 0.6406
vt 0.1346 0.6341
vt 0.1297 0.6471
vt 0.0336 0.7884
vt 0.0285 0.7933
vt 0.0164 0.7785
vt 0.0224 0.7747
vt 0.0283 0.7709
vt 0.0387 0.7836
vt 0.1810 0.6897
vt 0.1872 0.6870
vt 0.1927 0.7053
vt 0.1861 0.7067
vt 0.1796 0.7081
vt 0.1748 0.6924
vt 0.0141 0.7590
vt 0.0074 0.7616
vt 0.0019 0.7433
vt 0.0089 0.7420
vt 0.0206 0.7564
vt 0.1878 0.7244
vt 0.1946 0.7243
vt 0.1927 0.7433
vt 0.1861 0.7420
vt 0.1795 0.7407
vt 0.1811 0.7244
vt 0.0072 0.7244
vt 0.0000 0.7243
vt 0.0019 0.7053
vt 0.0089 0.7067
vt 0.1810 0.7590
vt 0.1871 0.7616
vt 0.1782 0.7785
vt 0.1726 0.7747
vt 0.1671 0.7709
vt 0.1748 0.7564
vt 0.0141 0.6897
vt 0.0074 0.6870
vt 0.0164 0.6701
vt 0.0224 0.6740
vt 0.0284 0.6779
vt 0.0207 0.6924
vt 0.1614 0.7884
vt 0.1660 0.7933
vt 0.1567 0.7836
vt 0.0337 0.6603
vt 0.0285 0.6553
vt 0.0388 0.6652
vt 0.1203 0.8824
vt 0.1322 0.8822
vt 0.1317 0.9424
vt 0.1198 0.9426
vt 0.1094 0.9429
vt 0.1098 0.8827
vt 0.1103 0.8224
vt 0.1208 0.8222
vt 0.1327 0.8220
vt 0.1686 0.7539
vt 0.1730 0.7395
vt 0.1616 0.7672
vt 0.1561 0.7635
vt 0.1625 0.7513
vt 0.1665 0.7382
vt 0.0271 0.6950
vt 0.0342 0.6817
vt 0.0399 0.6855
vt 0.0334 0.6977
vt 0.1520 0.7788
vt 0.1404 0.7884
vt 0.1368 0.7828
vt 0.1474 0.7741
vt 0.0437 0.6701
vt 0.0553 0.6605
vt 0.0592 0.6662
vt 0.0486 0.6749
vt 0.1272 0.7955
vt 0.1128 0.7999
vt 0.1116 0.7933
vt 0.1247 0.7893
vt 0.0686 0.6534
vt 0.0830 0.6490
vt 0.0844 0.6557
vt 0.0713 0.6597
vt 0.0978 0.8013
vt 0.0829 0.7999
vt 0.0843 0.7933
vt 0.0979 0.7946
vt 0.0979 0.6476
vt 0.1129 0.6490
vt 0.1117 0.6557
vt 0.0980 0.6544
vt 0.0685 0.7955
vt 0.0553 0.7884
vt 0.0591 0.7828
vt 0.0712 0.7893
vt 0.1521 0.6701
vt 0.1405 0.6605
vt 0.1616 0.6817
vt 0.1561 0.6855
vt 0.1474 0.6749
vt 0.1368 0.6662
vt 0.1272 0.6534
vt 0.1248 0.6597
vt 0.0437 0.7788
vt 0.0341 0.7672
vt 0.0398 0.7635
vt 0.0485 0.7741
vt 0.1687 0.6950
vt 0.1730 0.7095
vt 0.1665 0.7108
vt 0.1626 0.6977
vt 0.0271 0.7539
vt 0.0334 0.7513
vt 0.1745 0.7245
vt 0.1679 0.7245
vt 0.3535 0.7951
vt 0.3801 0.7290
vt 0.3929 0.7343
vt 0.4027 0.7442
vt 0.4125 0.7540
vt 0.4178 0.7668
vt 0.4231 0.7797
vt 0.4231 0.7936
vt 0.4231 0.8076
vt 0.4179 0.8206
vt 0.4126 0.8335
vt 0.4028 0.8434
vt 0.3929 0.8533
vt 0.3801 0.8586
vt 0.3672 0.8639
vt 0.3533 0.8639
vt 0.3394 0.8639
vt 0.3289 0.8631
vt 0.3185 0.8623
vt 0.3062 0.8479
vt 0.2938 0.8335
vt 0.2887 0.8212
vt 0.2835 0.8090
vt 0.2836 0.7973
vt 0.2836 0.7857
vt 0.2882 0.7721
vt 0.2927 0.7585
vt 0.3031 0.7465
vt 0.3134 0.7346
vt 0.3265 0.7292
vt 0.3396 0.7237
vt 0.3534 0.7237
vt 0.3673 0.7237
vt 0.3530 0.9246
vt 0.3400 0.9242
vt 0.3399 0.8641
vt 0.3530 0.8644
vt 0.3658 0.8649
vt 0.3658 0.9250
vt 0.3658 0.9852
vt 0.3531 0.9847
vt 0.3400 0.9844
vt 0.1012 0.8830
vt 0.1010 0.9434
vt 0.0936 0.9438
vt 0.0934 0.8833
vt 0.0933 0.8229
vt 0.1014 0.8226
vt 0.8487 0.9169
vt 0.8354 0.9168
vt 0.8353 0.8565
vt 0.8487 0.8567
vt 0.8624 0.8568
vt 0.8624 0.9171
vt 0.8624 0.9774
vt 0.8488 0.9772
vt 0.8355 0.9771
vt 0.8230 0.9167
vt 0.8110 0.9167
vt 0.8109 0.8564
vt 0.8229 0.8564
vt 0.8231 0.9770
vt 0.8111 0.9769
vt 0.6779 0.9124
vt 0.6635 0.9135
vt 0.6665 0.8530
vt 0.6784 0.8521
vt 0.6907 0.8513
vt 0.6920 0.9115
vt 0.6933 0.9717
vt 0.6774 0.9728
vt 0.6606 0.9739
vt 0.8759 0.9173
vt 0.8759 0.8571
vt 0.8888 0.8573
vt 0.8888 0.9176
vt 0.8888 0.9778
vt 0.8759 0.9776
vt 0.7057 0.9107
vt 0.7040 0.8505
vt 0.7176 0.8498
vt 0.7188 0.9101
vt 0.7199 0.9703
vt 0.7073 0.9709
vt 0.9005 0.9178
vt 0.9005 0.8576
vt 0.9116 0.8579
vt 0.9116 0.9181
vt 0.9116 0.9784
vt 0.9005 0.9781
vt 0.7314 0.9095
vt 0.7312 0.8493
vt 0.7441 0.8489
vt 0.7437 0.9091
vt 0.7432 0.9694
vt 0.7317 0.9698
vt 0.1980 0.8831
vt 0.2098 0.8836
vt 0.2092 0.9438
vt 0.1975 0.9434
vt 0.1852 0.9429
vt 0.1857 0.8827
vt 0.1863 0.8225
vt 0.1985 0.8229
vt 0.2103 0.8233
vt 0.7555 0.9089
vt 0.7560 0.8486
vt 0.7672 0.8484
vt 0.7672 0.9087
vt 0.7672 0.9689
vt 0.7551 0.9691
vt 0.1725 0.8824
vt 0.1720 0.9426
vt 0.1583 0.9424
vt 0.1588 0.8822
vt 0.1594 0.8220
vt 0.1730 0.8221
vt 0.2986 0.9245
vt 0.2850 0.9249
vt 0.2865 0.8646
vt 0.2995 0.8642
vt 0.3127 0.8640
vt 0.3123 0.9242
vt 0.3120 0.9843
vt 0.2978 0.9847
vt 0.2835 0.9852
vt 0.1452 0.8821
vt 0.1447 0.9424
vt 0.1458 0.8219
vt 0.3262 0.9241
vt 0.3263 0.8639
vt 0.3261 0.9843
vt 0.3185 0.1376
vt 0.3108 0.1380
vt 0.3232 0.1105
vt 0.3242 0.1173
vt 0.3281 0.1177
vt 0.3258 0.1382
vt 0.3236 0.1601
vt 0.3129 0.1592
vt 0.3046 0.1588
vt 0.3364 0.1390
vt 0.3329 0.1178
vt 0.3399 0.1616
vt 0.3112 0.1780
vt 0.3026 0.1774
vt 0.3230 0.1791
vt 0.3230 0.1965
vt 0.3112 0.1953
vt 0.3027 0.1946
vt 0.3412 0.1810
vt 0.3413 0.1987
vt 0.3112 0.2125
vt 0.3026 0.2117
vt 0.3230 0.2138
vt 0.3227 0.2302
vt 0.3110 0.2288
vt 0.3024 0.2280
vt 0.3412 0.2161
vt 0.3410 0.2327
vt 0.3106 0.2437
vt 0.3021 0.2428
vt 0.3224 0.2451
vt 0.3220 0.2592
vt 0.3102 0.2578
vt 0.3017 0.2569
vt 0.3407 0.2477
vt 0.3403 0.2618
vt 0.6404 0.0390
vt 0.6400 0.0275
vt 0.6561 0.0215
vt 0.6566 0.0301
vt 0.6573 0.0420
vt 0.6411 0.0517
vt 0.6206 0.0643
vt 0.6239 0.0452
vt 0.6235 0.0317
vt 0.6422 0.0665
vt 0.6585 0.0604
vt 0.6260 0.0725
vt 0.6067 0.0459
vt 0.6063 0.0320
vt 0.6071 0.0598
vt 0.5941 0.0608
vt 0.5895 0.0447
vt 0.5892 0.0306
vt 0.8315 0.3189
vt 0.8422 0.3290
vt 0.8132 0.3657
vt 0.7989 0.3552
vt 0.7845 0.3448
vt 0.8209 0.3089
vt 0.8537 0.2833
vt 0.8609 0.2933
vt 0.8680 0.3033
vt 0.5732 0.0455
vt 0.5728 0.0294
vt 0.5726 0.0644
vt 0.5528 0.0732
vt 0.5583 0.0443
vt 0.5579 0.0272
vt 0.5703 0.0862
vt 0.5906 0.0694
vt 0.5501 0.1030
vt 0.5456 0.0371
vt 0.5451 0.0231
vt 0.5460 0.0522
vt 0.5344 0.0356
vt 0.5339 0.0268
vt 0.5334 0.0180
vt 0.6790 0.7752
vt 0.6797 0.7988
vt 0.6687 0.7832
vt 0.6646 0.7491
vt 0.6606 0.7150
vt 0.6783 0.7516
vt 0.6919 0.7764
vt 0.6960 0.7937
vt 0.6888 0.8126
vt 0.7197 0.8227
vt 0.7221 0.8313
vt 0.6988 0.8314
vt 0.6943 0.8229
vt 0.7185 0.8120
vt 0.7422 0.8102
vt 0.7429 0.8220
vt 0.7437 0.8308
vt 0.7187 0.7969
vt 0.7191 0.7797
vt 0.7406 0.7712
vt 0.7417 0.7923
vt 0.7617 0.8201
vt 0.7620 0.8295
vt 0.7611 0.8072
vt 0.7771 0.8017
vt 0.7776 0.8161
vt 0.7780 0.8268
vt 0.7601 0.7872
vt 0.7582 0.7639
vt 0.7740 0.7548
vt 0.7762 0.7796
vt 0.7924 0.8092
vt 0.7928 0.8223
vt 0.7921 0.7922
vt 0.8067 0.7808
vt 0.8065 0.8008
vt 0.8069 0.8167
vt 0.7923 0.7672
vt 0.7903 0.7408
vt 0.8069 0.7243
vt 0.8084 0.7526
vt 0.5272 0.7536
vt 0.5260 0.7657
vt 0.5125 0.7562
vt 0.5142 0.7405
vt 0.5171 0.7207
vt 0.5290 0.7378
vt 0.5441 0.7511
vt 0.5430 0.7638
vt 0.5420 0.7733
vt 0.5320 0.7148
vt 0.5223 0.6930
vt 0.5455 0.7319
vt 0.5645 0.7683
vt 0.5629 0.7770
vt 0.5657 0.7569
vt 0.5904 0.7583
vt 0.5890 0.7684
vt 0.5867 0.7769
vt 0.5667 0.7398
vt 0.5915 0.7438
vt 0.6140 0.7654
vt 0.6109 0.7731
vt 0.6149 0.7586
vt 0.6357 0.7588
vt 0.6354 0.7624
vt 0.6424 0.7641
vt 0.6158 0.7493
vt 0.6364 0.7543
vt 0.2208 0.6322
vt 0.2216 0.6340
vt 0.2100 0.6394
vt 0.2092 0.6377
vt 0.2082 0.6363
vt 0.2199 0.6306
vt 0.2345 0.6293
vt 0.2354 0.6308
vt 0.2361 0.6324
vt 0.8508 0.2647
vt 0.8498 0.2663
vt 0.8381 0.2607
vt 0.8391 0.2592
vt 0.8399 0.2575
vt 0.8515 0.2629
vt 0.8660 0.2645
vt 0.8653 0.2662
vt 0.8644 0.2677
vt 0.2506 0.6151
vt 0.2488 0.6148
vt 0.2484 0.6042
vt 0.2503 0.6044
vt 0.2522 0.6048
vt 0.2524 0.6155
vt 0.2528 0.6266
vt 0.2510 0.6262
vt 0.2494 0.6260
vt 0.2472 0.6150
vt 0.2456 0.6153
vt 0.2451 0.6046
vt 0.2467 0.6043
vt 0.2479 0.6261
vt 0.2464 0.6264
vt 0.7704 0.6455
vt 0.7735 0.6316
vt 0.7777 0.6316
vt 0.7742 0.6485
vt 0.7694 0.6637
vt 0.7660 0.6582
vt 0.7638 0.6546
vt 0.7679 0.6435
vt 0.7707 0.6315
vt 0.7590 0.6686
vt 0.7621 0.6753
vt 0.7528 0.6845
vt 0.7501 0.6773
vt 0.7483 0.6726
vt 0.7570 0.6642
vt 0.7399 0.6849
vt 0.7421 0.6922
vt 0.7300 0.6987
vt 0.7285 0.6908
vt 0.7275 0.6856
vt 0.7384 0.6799
vt 0.7159 0.6944
vt 0.7164 0.7039
vt 0.7026 0.7064
vt 0.7031 0.6961
vt 0.7034 0.6913
vt 0.7156 0.6894
vt 0.5287 0.1814
vt 0.5233 0.1479
vt 0.5342 0.2208
vt 0.5139 0.2195
vt 0.5088 0.1833
vt 0.5048 0.1519
vt 0.2615 0.7822
vt 0.2632 0.7450
vt 0.2817 0.7431
vt 0.2817 0.7824
vt 0.2803 0.8193
vt 0.2609 0.8157
vt 0.2414 0.8121
vt 0.2412 0.7820
vt 0.2447 0.7468
vt 0.7187 0.7625
vt 0.7383 0.7497
vt 0.6974 0.7775
vt 0.6952 0.7623
vt 0.7178 0.7439
vt 0.7354 0.7294
vt 0.7547 0.7410
vt 0.7693 0.7322
vt 0.7504 0.7204
vt 0.7634 0.7125
vt 0.7834 0.7192
vt 0.7972 0.7041
vt 0.7747 0.7015
vt 0.7882 0.6850
vt 0.5273 0.6081
vt 0.5388 0.5731
vt 0.5159 0.6430
vt 0.5031 0.6248
vt 0.5131 0.5978
vt 0.5231 0.5708
vt 0.9607 0.2327
vt 0.9622 0.1958
vt 0.9685 0.1917
vt 0.9685 0.2313
vt 0.9685 0.2708
vt 0.9591 0.2695
vt 0.9513 0.2684
vt 0.9541 0.2341
vt 0.9568 0.1999
vt 0.6878 0.7196
vt 0.7016 0.7276
vt 0.6853 0.7383
vt 0.6717 0.7100
vt 0.6749 0.7049
vt 0.6776 0.7000
vt 0.6899 0.7043
vt 0.7170 0.7224
vt 0.7324 0.7119
vt 0.7459 0.7041
vt 0.7576 0.6964
vt 0.7675 0.6866
vt 0.7753 0.6729
vt 0.7806 0.6537
vt 0.7847 0.6316
vt 0.7933 0.6316
vt 0.7884 0.6598
vt 0.6448 0.9583
vt 0.6470 0.9498
vt 0.6561 0.9384
vt 0.6526 0.9507
vt 0.6508 0.9630
vt 0.6442 0.9676
vt 0.6376 0.9723
vt 0.6371 0.9660
vt 0.6380 0.9613
vt 0.0572 0.9740
vt 0.0504 0.9748
vt 0.0265 0.9620
vt 0.0377 0.9612
vt 0.0474 0.9621
vt 0.0643 0.9732
vt 0.0862 0.9858
vt 0.0828 0.9888
vt 0.0794 0.9917
vt 0.6468 0.9786
vt 0.6526 0.9751
vt 0.6561 0.9873
vt 0.6509 0.9904
vt 0.6458 0.9898
vt 0.6410 0.9821
vt 0.0717 0.9726
vt 0.0577 0.9632
vt 0.0683 0.9645
vt 0.0793 0.9722
vt 0.0933 0.9802
vt 0.0898 0.9830
vt 0.9428 0.9263
vt 0.9505 0.9300
vt 0.9500 0.9693
vt 0.9405 0.9624
vt 0.9317 0.9543
vt 0.9367 0.9213
vt 0.9416 0.8883
vt 0.9452 0.8902
vt 0.9509 0.8908
vt 0.4505 0.9276
vt 0.4762 0.9278
vt 0.4825 0.9636
vt 0.4528 0.9636
vt 0.4231 0.9636
vt 0.4248 0.9274
vt 0.4261 0.8988
vt 0.4484 0.8990
vt 0.4708 0.8992
vt 0.0560 0.8788
vt 0.0446 0.8756
vt 0.0509 0.8321
vt 0.0621 0.8370
vt 0.0731 0.8426
vt 0.0672 0.8824
vt 0.0626 0.9139
vt 0.0513 0.9118
vt 0.0397 0.9098
vt 0.0155 0.8698
vt 0.0071 0.8685
vt 0.0136 0.8219
vt 0.0219 0.8237
vt 0.0307 0.8258
vt 0.0243 0.8712
vt 0.0194 0.9069
vt 0.0105 0.9059
vt 0.0021 0.9051
vt 0.0772 0.8862
vt 0.0834 0.8485
vt 0.0933 0.8545
vt 0.0866 0.8900
vt 0.0813 0.9182
vt 0.0723 0.9160
vt 0.0340 0.8731
vt 0.0404 0.8285
vt 0.0291 0.9082
vt 0.6442 0.8904
vt 0.6558 0.8895
vt 0.6561 0.9341
vt 0.6444 0.9362
vt 0.6328 0.9384
vt 0.6325 0.8914
vt 0.6324 0.8545
vt 0.6440 0.8544
vt 0.6556 0.8544
vt 0.6443 0.8100
vt 0.6326 0.8097
vt 0.6328 0.8032
vt 0.6444 0.8034
vt 0.6561 0.8037
vt 0.6559 0.8102
vt 0.6558 0.8170
vt 0.6441 0.8167
vt 0.6325 0.8165
vt 0.6440 0.8240
vt 0.6324 0.8237
vt 0.6557 0.8243
vt 0.6556 0.8316
vt 0.6440 0.8313
vt 0.6323 0.8310
vt 0.6439 0.8381
vt 0.6323 0.8378
vt 0.6556 0.8384
vt 0.0113 0.9506
vt 0.0203 0.9515
vt 0.0128 0.9573
vt 0.0043 0.9566
vt 0.0028 0.9500
vt 0.0016 0.9431
vt 0.0101 0.9438
vt 0.0190 0.9446
vt 0.0092 0.9365
vt 0.0181 0.9373
vt 0.0007 0.9358
vt 0.0002 0.9284
vt 0.0087 0.9291
vt 0.0176 0.9299
vt 0.0087 0.9223
vt 0.0176 0.9232
vt 0.0003 0.9217
vt 0.0301 0.9526
vt 0.0407 0.9539
vt 0.0288 0.9457
vt 0.0393 0.9471
vt 0.0278 0.9384
vt 0.0384 0.9397
vt 0.0273 0.9310
vt 0.0379 0.9324
vt 0.0273 0.9242
vt 0.0379 0.9256
vt 0.0519 0.9556
vt 0.0634 0.9575
vt 0.0505 0.9487
vt 0.0641 0.9529
vt 0.0495 0.9413
vt 0.0603 0.9430
vt 0.0492 0.9339
vt 0.0601 0.9356
vt 0.0494 0.9271
vt 0.0605 0.9288
vt 0.4625 0.8572
vt 0.4522 0.8582
vt 0.4524 0.8524
vt 0.4627 0.8513
vt 0.4722 0.8506
vt 0.4720 0.8565
vt 0.4719 0.8625
vt 0.4624 0.8632
vt 0.4567 0.8655
vt 0.0695 0.9447
vt 0.0780 0.9464
vt 0.0783 0.9543
vt 0.0699 0.9525
vt 0.0694 0.9372
vt 0.0780 0.9388
vt 0.0701 0.9304
vt 0.0788 0.9320
vt 0.4403 0.8596
vt 0.4277 0.8612
vt 0.4280 0.8559
vt 0.4406 0.8540
vt 0.4409 0.8655
vt 0.4274 0.8667
vt 0.4429 0.8720
vt 0.4272 0.8727
vt 0.4586 0.8713
vt 0.4636 0.8785
vt 0.4453 0.8787
vt 0.4269 0.8790
vt 0.4469 0.8852
vt 0.4267 0.8851
vt 0.4671 0.8853
vt 0.9610 0.9313
vt 0.9730 0.9314
vt 0.9730 0.9772
vt 0.9611 0.9738
vt 0.9609 0.8888
vt 0.9700 0.8979
vt 0.6911 0.6962
vt 0.6918 0.6916
vt 0.6793 0.6955
vt 0.6806 0.6911
vt 0.9500 0.2358
vt 0.9472 0.2376
vt 0.9513 0.2081
vt 0.9536 0.2040
vt 0.9465 0.2676
vt 0.9432 0.2671
vt 0.3032 0.1155
vt 0.2841 0.1189
vt 0.2835 0.1085
vt 0.3024 0.1094
vt 0.3214 0.1102
vt 0.3223 0.1121
vt 0.3025 0.1248
vt 0.2846 0.1303
vt 0.6320 0.7833
vt 0.6225 0.8019
vt 0.6087 0.8006
vt 0.6210 0.7831
vt 0.6415 0.7647
vt 0.6437 0.7659
vt 0.6399 0.7846
vt 0.6361 0.8032
vt 0.6038 0.7851
vt 0.5946 0.7991
vt 0.5786 0.7973
vt 0.5830 0.7867
vt 0.5611 0.7859
vt 0.5592 0.7949
vt 0.5397 0.7923
vt 0.5409 0.7828
vt 0.5248 0.7778
vt 0.5236 0.7900
vt 0.5091 0.7877
vt 0.5108 0.7720
vt 0.7931 0.8353
vt 0.7933 0.8483
vt 0.7787 0.8482
vt 0.7784 0.8375
vt 0.8071 0.8326
vt 0.8071 0.8484
vt 0.7623 0.8388
vt 0.7626 0.8482
vt 0.7457 0.8482
vt 0.7447 0.8395
vt 0.7252 0.8398
vt 0.7286 0.8483
vt 0.7114 0.8484
vt 0.7047 0.8399
vt 0.5447 0.0115
vt 0.5443 0.0012
vt 0.5573 0.0023
vt 0.5576 0.0138
vt 0.5329 0.0090
vt 0.5323 0.0000
vt 0.5726 0.0156
vt 0.5723 0.0032
vt 0.5886 0.0039
vt 0.5889 0.0171
vt 0.6059 0.0182
vt 0.6056 0.0043
vt 0.6226 0.0045
vt 0.6230 0.0181
vt 0.6395 0.0160
vt 0.6391 0.0045
vt 0.6552 0.0043
vt 0.6557 0.0129
vt 0.2935 0.2420
vt 0.2850 0.2412
vt 0.2854 0.2264
vt 0.2939 0.2272
vt 0.2931 0.2561
vt 0.2846 0.2552
vt 0.2941 0.2110
vt 0.2856 0.2102
vt 0.2857 0.1933
vt 0.2942 0.1939
vt 0.2941 0.1767
vt 0.2856 0.1761
vt 0.2854 0.1595
vt 0.2953 0.1590
vt 0.2990 0.1405
vt 0.2851 0.1441
vt 0.2750 0.6427
vt 0.2756 0.6441
vt 0.2670 0.6411
vt 0.2664 0.6396
vt 0.2656 0.6383
vt 0.2742 0.6414
vt 0.2799 0.6435
vt 0.2807 0.6447
vt 0.2812 0.6461
vt 0.2713 0.6620
vt 0.2674 0.6615
vt 0.2653 0.6481
vt 0.2748 0.6507
vt 0.2800 0.6522
vt 0.2752 0.6626
vt 0.2686 0.6758
vt 0.2665 0.6767
vt 0.2644 0.6775
vt 0.9057 0.2514
vt 0.9055 0.2530
vt 0.8969 0.2560
vt 0.8972 0.2543
vt 0.8951 0.2491
vt 0.9046 0.2465
vt 0.9098 0.2449
vt 0.9114 0.2495
vt 0.9111 0.2510
vt 0.6603 0.2618
vt 0.6590 0.2617
vt 0.6590 0.2535
vt 0.6605 0.2536
vt 0.6619 0.2540
vt 0.6617 0.2622
vt 0.6617 0.2666
vt 0.6603 0.2663
vt 0.6589 0.2661
vt 0.6496 0.2353
vt 0.6513 0.2353
vt 0.6510 0.2477
vt 0.6492 0.2477
vt 0.6474 0.2477
vt 0.6479 0.2354
vt 0.6486 0.2229
vt 0.6501 0.2228
vt 0.6517 0.2228
vt 0.2219 0.6360
vt 0.2221 0.6381
vt 0.2110 0.6435
vt 0.2106 0.6414
vt 0.2365 0.6343
vt 0.2366 0.6363
vt 0.8518 0.2610
vt 0.8404 0.2555
vt 0.8407 0.2534
vt 0.8519 0.2589
vt 0.8664 0.2607
vt 0.8663 0.2627
vt 0.6531 0.2354
vt 0.6550 0.2354
vt 0.6549 0.2478
vt 0.6529 0.2478
vt 0.6534 0.2229
vt 0.6552 0.2229
vt 0.3319 0.1028
vt 0.3348 0.1024
vt 0.3291 0.1029
vt 0.3293 0.0892
vt 0.3320 0.0891
vt 0.3348 0.0888
vt 0.3320 0.0721
vt 0.3347 0.0720
vt 0.3294 0.0722
vt 0.3293 0.0541
vt 0.3318 0.0541
vt 0.3343 0.0541
vt 0.3313 0.0373
vt 0.3337 0.0375
vt 0.3289 0.0372
vt 0.3283 0.0223
vt 0.3306 0.0225
vt 0.3330 0.0229
vt 0.3300 0.0107
vt 0.3322 0.0111
vt 0.3277 0.0105
vt 0.3271 0.0002
vt 0.3292 0.0003
vt 0.3314 0.0007
vt 0.6529 0.2599
vt 0.6550 0.2598
vt 0.6552 0.2717
vt 0.6530 0.2719
vt 0.6509 0.2721
vt 0.6509 0.2599
vt 0.8973 0.1619
vt 0.8968 0.1597
vt 0.9095 0.1610
vt 0.9097 0.1634
vt 0.9104 0.1661
vt 0.8981 0.1641
vt 0.8853 0.1643
vt 0.8842 0.1625
vt 0.8835 0.1607
vt 0.8699 0.1674
vt 0.8686 0.1660
vt 0.8715 0.1686
vt 0.8589 0.1769
vt 0.8567 0.1765
vt 0.8549 0.1757
vt 0.8470 0.1895
vt 0.8448 0.1894
vt 0.8494 0.1892
vt 0.8421 0.2040
vt 0.8398 0.2050
vt 0.8375 0.2057
vt 0.8339 0.2216
vt 0.8318 0.2227
vt 0.8360 0.2202
vt 0.8328 0.2350
vt 0.8312 0.2367
vt 0.8296 0.2381
vt 0.8334 0.2477
vt 0.8325 0.2494
vt 0.8344 0.2457
vt 0.2673 0.7354
vt 0.2681 0.7331
vt 0.2804 0.7313
vt 0.2798 0.7339
vt 0.2796 0.7364
vt 0.2670 0.7376
vt 0.2535 0.7366
vt 0.2543 0.7347
vt 0.2554 0.7329
vt 0.2399 0.7298
vt 0.2416 0.7285
vt 0.2386 0.7312
vt 0.2248 0.7215
vt 0.2267 0.7206
vt 0.2290 0.7201
vt 0.2170 0.7075
vt 0.2195 0.7078
vt 0.2148 0.7077
vt 0.2075 0.6913
vt 0.2098 0.6919
vt 0.2123 0.6929
vt 0.2040 0.6753
vt 0.2062 0.6767
vt 0.2019 0.6743
vt 0.1997 0.6589
vt 0.2013 0.6602
vt 0.2030 0.6619
vt 0.2036 0.6492
vt 0.2046 0.6511
vt 0.2026 0.6475
vt 0.3264 0.1026
vt 0.3238 0.1021
vt 0.3242 0.0885
vt 0.3267 0.0889
vt 0.3269 0.0720
vt 0.3245 0.0717
vt 0.3245 0.0539
vt 0.3269 0.0540
vt 0.3266 0.0372
vt 0.3243 0.0374
vt 0.3240 0.0229
vt 0.3261 0.0225
vt 0.3256 0.0107
vt 0.3236 0.0110
vt 0.3232 0.0006
vt 0.3251 0.0003
vt 0.6490 0.2599
vt 0.6489 0.2719
vt 0.6470 0.2716
vt 0.6472 0.2597
vt 0.6492 0.7624
vt 0.6493 0.7648
vt 0.6494 0.7598
vt 0.6594 0.7614
vt 0.6593 0.7638
vt 0.6593 0.7662
vt 0.9923 0.9001
vt 0.9900 0.9003
vt 0.9898 0.8858
vt 0.9921 0.8858
vt 0.9946 0.8857
vt 0.9946 0.9000
vt 0.9947 0.9147
vt 0.9924 0.9148
vt 0.9903 0.9151
vt 0.9927 0.9301
vt 0.9906 0.9305
vt 0.9948 0.9299
vt 0.9950 0.9456
vt 0.9930 0.9459
vt 0.9910 0.9463
vt 0.9933 0.9619
vt 0.9914 0.9623
vt 0.9953 0.9617
vt 0.9955 0.9778
vt 0.9936 0.9780
vt 0.9918 0.9784
vt 0.2466 0.5944
vt 0.2449 0.5947
vt 0.2449 0.5852
vt 0.2467 0.5850
vt 0.2486 0.5850
vt 0.2484 0.5944
vt 0.6499 0.7571
vt 0.6507 0.7543
vt 0.6606 0.7560
vt 0.6599 0.7588
vt 0.9972 0.9001
vt 0.9972 0.8857
vt 1.0000 0.8856
vt 0.9998 0.9001
vt 0.9997 0.9150
vt 0.9971 0.9148
vt 0.9972 0.9301
vt 0.9996 0.9304
vt 0.9996 0.9463
vt 0.9973 0.9459
vt 0.9974 0.9619
vt 0.9997 0.9623
vt 0.9997 0.9784
vt 0.9976 0.9780
vt 0.2504 0.5945
vt 0.2507 0.5851
vt 0.2528 0.5854
vt 0.2524 0.5949
vt 0.8972 0.1577
vt 0.8979 0.1557
vt 0.9115 0.1571
vt 0.9102 0.1589
vt 0.8833 0.1587
vt 0.8835 0.1565
vt 0.8680 0.1642
vt 0.8676 0.1621
vt 0.8536 0.1742
vt 0.8528 0.1724
vt 0.8430 0.1887
vt 0.8414 0.1876
vt 0.8354 0.2057
vt 0.8333 0.2053
vt 0.8299 0.2230
vt 0.8281 0.2230
vt 0.8281 0.2387
vt 0.8268 0.2389
vt 0.8314 0.2506
vt 0.8302 0.2515
vt 0.2673 0.7396
vt 0.2804 0.7384
vt 0.2817 0.7402
vt 0.2681 0.7416
vt 0.2537 0.7407
vt 0.2535 0.7386
vt 0.2380 0.7331
vt 0.2379 0.7352
vt 0.2230 0.7248
vt 0.2237 0.7230
vt 0.2130 0.7084
vt 0.2116 0.7095
vt 0.2034 0.6917
vt 0.2054 0.6914
vt 0.2000 0.6740
vt 0.1982 0.6740
vt 0.1969 0.6581
vt 0.1983 0.6583
vt 0.2015 0.6463
vt 0.2004 0.6455
vt 0.6793 0.2577
vt 0.6778 0.2578
vt 0.6782 0.2531
vt 0.6795 0.2529
vt 0.6808 0.2528
vt 0.6808 0.2576
vt 0.6808 0.2591
vt 0.6790 0.2591
vt 0.6772 0.2592
vt 0.6824 0.2577
vt 0.6823 0.2529
vt 0.6838 0.2532
vt 0.6841 0.2579
vt 0.6845 0.2592
vt 0.6826 0.2591
vt 0.6605 0.2688
vt 0.6620 0.2690
vt 0.6625 0.2704
vt 0.6607 0.2704
vt 0.6589 0.2704
vt 0.6589 0.2687
vt 0.6573 0.2689
vt 0.6571 0.2705
vt 0.6552 0.2705
vt 0.6556 0.2691
vt 0.6560 0.2667
vt 0.6575 0.2663
vt 0.2759 0.6457
vt 0.2673 0.6428
vt 0.2815 0.6477
vt 0.6575 0.2619
vt 0.6560 0.2623
vt 0.6560 0.2541
vt 0.6575 0.2537
vt 0.9049 0.2544
vt 0.9041 0.2557
vt 0.8955 0.2588
vt 0.8963 0.2575
vt 0.9106 0.2524
vt 0.9098 0.2537
vt 0.9010 0.2351
vt 0.9049 0.2346
vt 0.8972 0.2356
vt 0.8942 0.2196
vt 0.8963 0.2205
vt 0.8984 0.2213
vt 0.5039 0.5401
vt 0.5025 0.5400
vt 0.5021 0.5217
vt 0.5036 0.5218
vt 0.5051 0.5218
vt 0.5053 0.5401
vt 0.5055 0.5584
vt 0.5042 0.5584
vt 0.5029 0.5583
vt 0.8818 0.2626
vt 0.8810 0.2640
vt 0.8825 0.2610
vt 0.6576 0.2399
vt 0.6559 0.2403
vt 0.6558 0.2236
vt 0.6576 0.2232
vt 0.6593 0.2230
vt 0.6592 0.2396
vt 0.2529 0.6378
vt 0.2531 0.6396
vt 0.2525 0.6360
vt 0.6607 0.2398
vt 0.6609 0.2232
vt 0.6625 0.2237
vt 0.6621 0.2402
vt 0.8827 0.2593
vt 0.8828 0.2574
vt 0.5069 0.5401
vt 0.5068 0.5218
vt 0.5085 0.5217
vt 0.5085 0.5400
vt 0.5085 0.5584
vt 0.5070 0.5584
vt 0.2519 0.6345
vt 0.2511 0.6330
vt 0.6822 0.2250
vt 0.6808 0.2248
vt 0.6807 0.2230
vt 0.6821 0.2231
vt 0.6836 0.2234
vt 0.6837 0.2253
vt 0.6837 0.2304
vt 0.6822 0.2301
vt 0.6808 0.2299
vt 0.6795 0.2250
vt 0.6782 0.2252
vt 0.6781 0.2233
vt 0.6793 0.2231
vt 0.6796 0.2300
vt 0.6784 0.2303
vt 0.6883 0.2536
vt 0.6898 0.2535
vt 0.6898 0.2669
vt 0.6883 0.2670
vt 0.6868 0.2673
vt 0.6868 0.2539
vt 0.6868 0.2404
vt 0.6883 0.2401
vt 0.6898 0.2400
vt 0.6796 0.2415
vt 0.6809 0.2414
vt 0.6784 0.2418
vt 0.6911 0.2536
vt 0.6924 0.2539
vt 0.6924 0.2673
vt 0.6911 0.2671
vt 0.6911 0.2402
vt 0.6924 0.2404
vt 0.6822 0.2416
vt 0.6837 0.2418
vt 0.5792 0.8633
vt 0.6054 0.8542
vt 0.6132 0.8752
vt 0.5796 0.8814
vt 0.5410 0.8846
vt 0.5529 0.8724
vt 0.5601 0.8636
vt 0.5789 0.8529
vt 0.6022 0.8410
vt 0.8493 0.6042
vt 0.8829 0.6110
vt 0.8830 0.6265
vt 0.8484 0.6199
vt 0.8188 0.6106
vt 0.8212 0.5958
vt 0.8272 0.5772
vt 0.8525 0.5834
vt 0.8828 0.5889
vt 0.2625 0.8417
vt 0.2763 0.8513
vt 0.2720 0.8763
vt 0.2639 0.8619
vt 0.2566 0.8416
vt 0.2488 0.8321
vt 0.6689 0.2560
vt 0.6745 0.2604
vt 0.6745 0.2707
vt 0.6685 0.2645
vt 0.6625 0.2583
vt 0.6634 0.2517
vt 0.6642 0.2451
vt 0.6694 0.2476
vt 0.6745 0.2501
vt 0.2624 0.8780
vt 0.2699 0.8918
vt 0.2660 0.8979
vt 0.2578 0.8856
vt 0.2475 0.8703
vt 0.2560 0.8631
vt 0.2183 0.9477
vt 0.2242 0.9526
vt 0.2229 0.9688
vt 0.2168 0.9657
vt 0.2109 0.9627
vt 0.2123 0.9420
vt 0.2138 0.9213
vt 0.2197 0.9297
vt 0.2254 0.9364
vt 0.8037 0.5843
vt 0.7992 0.5959
vt 0.7845 0.5784
vt 0.7917 0.5711
vt 0.8009 0.5618
vt 0.8116 0.5698
vt 0.2521 0.8461
vt 0.2578 0.8403
vt 0.2465 0.8520
vt 0.2432 0.8227
vt 0.2495 0.8281
vt 0.2558 0.8335
vt 0.5833 0.9090
vt 0.6224 0.9059
vt 0.6323 0.9414
vt 0.5885 0.9414
vt 0.5505 0.9414
vt 0.5489 0.9135
vt 0.8603 0.5523
vt 0.8829 0.5539
vt 0.8404 0.5508
vt 0.8572 0.5206
vt 0.8703 0.5161
vt 0.8830 0.5123
vt 0.5136 0.9792
vt 0.5175 0.9923
vt 0.5128 0.9907
vt 0.5080 0.9782
vt 0.5058 0.9659
vt 0.5118 0.9664
vt 0.5179 0.9669
vt 0.5193 0.9802
vt 0.5222 0.9938
vt 0.5142 0.9539
vt 0.5090 0.9537
vt 0.5150 0.9417
vt 0.5186 0.9416
vt 0.5222 0.9414
vt 0.5193 0.9540
vt 0.8260 0.5496
vt 0.8143 0.5485
vt 0.8298 0.5331
vt 0.8436 0.5265
vt 0.2299 0.9560
vt 0.2357 0.9586
vt 0.2357 0.9750
vt 0.2292 0.9719
vt 0.2307 0.9401
vt 0.2357 0.9423
vt 0.5240 0.9207
vt 0.5240 0.9002
vt 0.5239 0.9412
vt 0.5031 0.9410
vt 0.5037 0.9292
vt 0.5044 0.9173
vt 0.5759 0.8487
vt 0.5724 0.8466
vt 0.5827 0.8309
vt 0.5878 0.8384
vt 0.5629 0.8586
vt 0.5618 0.8580
vt 0.5974 0.8274
vt 0.5880 0.8213
vt 0.5964 0.8032
vt 0.6059 0.8161
vt 0.6154 0.8290
vt 0.6068 0.8335
vt 0.2500 0.8806
vt 0.2440 0.8665
vt 0.2561 0.8946
vt 0.2432 0.8866
vt 0.2407 0.8691
vt 0.2382 0.8516
vt 0.5279 0.0959
vt 0.5225 0.0701
vt 0.5352 0.0613
vt 0.5389 0.0992
vt 0.5282 0.1164
vt 0.5197 0.1038
vt 0.5170 0.0926
vt 0.5098 0.0789
vt 0.5182 0.1261
vt 0.5030 0.1304
vt 0.5022 0.1138
vt 0.5132 0.1100
vt 0.5706 0.8430
vt 0.5572 0.8622
vt 0.5509 0.8690
vt 0.5696 0.8385
vt 0.5883 0.8081
vt 0.5839 0.8237
vt 0.8407 0.8174
vt 0.8671 0.8178
vt 0.8666 0.8484
vt 0.8380 0.8510
vt 0.8109 0.8564
vt 0.8159 0.8185
vt 0.8230 0.7808
vt 0.8453 0.7827
vt 0.8691 0.7854
vt 0.8967 0.8215
vt 0.9278 0.8268
vt 0.9317 0.8564
vt 0.8984 0.8510
vt 0.8958 0.7896
vt 0.9240 0.7946
vt 0.8730 0.6706
vt 0.8870 0.6727
vt 0.8804 0.7108
vt 0.8634 0.7083
vt 0.8474 0.7062
vt 0.8601 0.6689
vt 0.8725 0.6315
vt 0.8824 0.6329
vt 0.8939 0.6346
vt 0.9033 0.6755
vt 0.9206 0.6786
vt 0.9187 0.7176
vt 0.8991 0.7141
vt 0.9083 0.6370
vt 0.9243 0.6399
vt 0.8966 0.7529
vt 0.9204 0.7572
vt 0.8739 0.7491
vt 0.8535 0.7460
vt 0.8343 0.7434
vt 0.3919 0.8900
vt 0.3923 0.9119
vt 0.3676 0.8824
vt 0.3667 0.8732
vt 0.3658 0.8639
vt 0.3915 0.8680
vt 0.4171 0.8721
vt 0.4171 0.9068
vt 0.4171 0.9415
vt 0.9142 0.6030
vt 0.9133 0.6243
vt 0.8830 0.6265
vt 0.8849 0.6176
vt 0.8867 0.6086
vt 0.9152 0.5817
vt 0.9436 0.5548
vt 0.9436 0.5885
vt 0.9436 0.6222
vt 0.4538 0.8172
vt 0.4799 0.8317
vt 0.4611 0.8506
vt 0.4466 0.8393
vt 0.4321 0.8280
vt 0.4276 0.8026
vt 0.4257 0.7768
vt 0.4599 0.7937
vt 0.4941 0.8106
vt 0.1509 0.3571
vt 0.1428 0.3602
vt 0.1497 0.3504
vt 0.1566 0.3438
vt 0.1635 0.3373
vt 0.1591 0.3540
vt 0.1536 0.3693
vt 0.1451 0.3688
vt 0.1367 0.3683
vt 0.4638 0.7678
vt 0.4988 0.7851
vt 0.4289 0.7504
vt 0.4346 0.7237
vt 0.4667 0.7405
vt 0.4988 0.7574
vt 0.8832 0.0902
vt 0.8303 0.0917
vt 0.8332 0.0624
vt 0.8818 0.0683
vt 0.9271 0.0648
vt 0.9361 0.0887
vt 0.9424 0.1110
vt 0.8851 0.1142
vt 0.8278 0.1174
vt 0.7980 0.9257
vt 0.7951 0.8943
vt 0.8042 0.8681
vt 0.8089 0.9165
vt 0.8089 0.9845
vt 0.7970 0.9695
vt 0.7850 0.9545
vt 0.7871 0.9349
vt 0.7860 0.9205
vt 0.8855 0.1350
vt 0.8259 0.1373
vt 0.9450 0.1328
vt 0.9457 0.1542
vt 0.8850 0.1542
vt 0.8244 0.1542
vt 0.1828 0.4985
vt 0.1697 0.5201
vt 0.1635 0.5031
vt 0.1768 0.4689
vt 0.1891 0.4374
vt 0.1977 0.4946
vt 0.2001 0.5272
vt 0.1889 0.5281
vt 0.1759 0.5371
vt 0.7226 0.5677
vt 0.7836 0.6241
vt 0.7835 0.6315
vt 0.7220 0.5824
vt 0.6606 0.5333
vt 0.6617 0.5113
vt 0.6695 0.4827
vt 0.7266 0.5523
vt 0.7838 0.6158
vt 0.2238 0.4700
vt 0.2482 0.5288
vt 0.2497 0.5685
vt 0.2218 0.5040
vt 0.1994 0.4111
vt 0.2088 0.3871
vt 0.2262 0.4301
vt 0.2435 0.4732
vt 0.2333 0.3904
vt 0.2482 0.4183
vt 0.2184 0.3624
vt 0.2280 0.3373
vt 0.2427 0.3506
vt 0.2575 0.3640
vt 0.7129 0.4255
vt 0.7077 0.4730
vt 0.6908 0.4406
vt 0.7143 0.3910
vt 0.7321 0.3866
vt 0.7488 0.3866
vt 0.7356 0.4201
vt 0.7315 0.4619
vt 0.7373 0.5357
vt 0.7841 0.6060
vt 0.7519 0.5216
vt 0.7844 0.5903
vt 0.7594 0.4341
vt 0.7574 0.4686
vt 0.7657 0.4020
vt 0.7828 0.4250
vt 0.7838 0.4578
vt 0.7843 0.4842
vt 0.7679 0.5138
vt 0.7845 0.5642
vt 0.7845 0.5091
vt 0.7845 0.5349
vt 0.7446 0.3497
vt 0.7560 0.3520
vt 0.7382 0.3450
vt 0.7479 0.3274
vt 0.7541 0.3236
vt 0.7593 0.3333
vt 0.7408 0.3255
vt 0.7286 0.3398
vt 0.7406 0.2989
vt 0.7497 0.3046
vt 0.7560 0.3090
vt 0.7528 0.3161
vt 0.7622 0.2960
vt 0.7569 0.2803
vt 0.7753 0.2730
vt 0.7765 0.2935
vt 0.7775 0.3112
vt 0.7654 0.3090
vt 0.7682 0.3643
vt 0.7810 0.3815
vt 0.7676 0.3321
vt 0.7792 0.3425
vt 0.7643 0.3167
vt 0.7782 0.3233
vt 0.8759 0.0162
vt 0.8926 0.0231
vt 0.8849 0.0294
vt 0.8791 0.0267
vt 0.8750 0.0281
vt 0.8610 0.0187
vt 0.8470 0.0093
vt 0.8726 0.0058
vt 0.9002 0.0169
vt 0.8832 0.0539
vt 0.8625 0.0481
vt 0.8793 0.0407
vt 0.8860 0.0431
vt 0.8911 0.0415
vt 0.9021 0.0502
vt 0.9033 0.0372
vt 0.8898 0.0356
vt 0.9168 0.0388
vt 0.8558 0.0329
vt 0.8753 0.0342
vt 0.8363 0.0316
vt 0.6428 0.5295
vt 0.6474 0.5248
vt 0.6537 0.5387
vt 0.6473 0.5417
vt 0.6408 0.5447
vt 0.6381 0.5343
vt 0.6317 0.5255
vt 0.6341 0.5195
vt 0.6366 0.5134
vt 0.6505 0.5548
vt 0.6577 0.5543
vt 0.6606 0.5708
vt 0.6532 0.5684
vt 0.6458 0.5660
vt 0.6434 0.5553
vt 0.6401 0.2390
vt 0.6334 0.2393
vt 0.6334 0.2240
vt 0.6401 0.2234
vt 0.6467 0.2228
vt 0.6469 0.2387
vt 0.6470 0.2546
vt 0.6402 0.2546
vt 0.6334 0.2546
vt 0.2237 0.9102
vt 0.2325 0.9127
vt 0.2315 0.9213
vt 0.2233 0.9202
vt 0.2151 0.9190
vt 0.2148 0.9076
vt 0.2153 0.8977
vt 0.2246 0.9009
vt 0.2338 0.9041
vt 0.2236 0.7821
vt 0.2326 0.7829
vt 0.2324 0.7982
vt 0.2229 0.7972
vt 0.2133 0.7962
vt 0.2145 0.7812
vt 0.2157 0.7653
vt 0.2249 0.7664
vt 0.2340 0.7674
vt 0.9826 0.0111
vt 0.9759 0.0119
vt 0.9743 0.0009
vt 0.9810 0.0005
vt 0.9877 0.0000
vt 0.9893 0.0104
vt 0.9903 0.0236
vt 0.9835 0.0247
vt 0.9767 0.0257
vt 0.2265 0.8932
vt 0.2357 0.8953
vt 0.2173 0.8911
vt 0.2189 0.8828
vt 0.2280 0.8837
vt 0.2372 0.8845
vt 0.1392 0.3773
vt 0.1324 0.3731
vt 0.1460 0.3816
vt 0.1343 0.3914
vt 0.1297 0.3840
vt 0.1251 0.3766
vt 0.0086 0.4383
vt 0.0053 0.4304
vt 0.0135 0.4217
vt 0.0152 0.4302
vt 0.0186 0.4363
vt 0.0125 0.4439
vt 0.0179 0.4651
vt 0.0113 0.4571
vt 0.0060 0.4511
vt 0.0287 0.4232
vt 0.0275 0.4145
vt 0.0407 0.4077
vt 0.0423 0.4172
vt 0.0438 0.4267
vt 0.0299 0.4319
vt 0.5346 0.4826
vt 0.5357 0.4762
vt 0.5465 0.4793
vt 0.5470 0.4873
vt 0.5476 0.4953
vt 0.5336 0.4890
vt 0.5195 0.4828
vt 0.5226 0.4769
vt 0.5257 0.4711
vt 0.9832 0.1343
vt 0.9768 0.1375
vt 0.9748 0.1224
vt 0.9818 0.1210
vt 0.9887 0.1197
vt 0.9896 0.1311
vt 0.9909 0.1447
vt 0.9849 0.1504
vt 0.9788 0.1560
vt 0.5296 0.4157
vt 0.5363 0.4114
vt 0.5244 0.4458
vt 0.5187 0.4522
vt 0.5130 0.4587
vt 0.5229 0.4199
vt 0.5434 0.3807
vt 0.5492 0.3808
vt 0.5549 0.3810
vt 0.5169 0.4697
vt 0.5214 0.4633
vt 0.5123 0.4762
vt 0.0177 0.4453
vt 0.0188 0.4366
vt 0.0249 0.4350
vt 0.0236 0.4444
vt 0.0223 0.4538
vt 0.0166 0.4539
vt 0.2265 0.7552
vt 0.2358 0.7572
vt 0.2172 0.7533
vt 0.2188 0.7431
vt 0.2283 0.7463
vt 0.2378 0.7496
vt 0.2714 0.9450
vt 0.2629 0.9472
vt 0.2634 0.9106
vt 0.2716 0.9066
vt 0.2799 0.9026
vt 0.2799 0.9429
vt 0.2799 0.9831
vt 0.2711 0.9834
vt 0.2624 0.9837
vt 0.9892 0.3220
vt 0.9955 0.3219
vt 0.9955 0.3709
vt 0.9897 0.3694
vt 0.9840 0.3679
vt 0.9830 0.3220
vt 0.9820 0.2761
vt 0.9888 0.2745
vt 0.9955 0.2730
vt 0.9849 0.5685
vt 0.9759 0.5677
vt 0.9761 0.5168
vt 0.9850 0.5145
vt 0.9939 0.5122
vt 0.9939 0.5694
vt 0.9939 0.6265
vt 0.9847 0.6226
vt 0.9756 0.6186
vt 0.0258 0.4966
vt 0.0185 0.4944
vt 0.0330 0.4988
vt 0.0567 0.5322
vt 0.0499 0.5349
vt 0.0431 0.5375
vt 0.5314 0.9597
vt 0.5226 0.9564
vt 0.5230 0.9414
vt 0.5316 0.9469
vt 0.5402 0.9524
vt 0.5402 0.9631
vt 0.5400 0.9725
vt 0.5313 0.9715
vt 0.5225 0.9704
vt 0.0818 0.5504
vt 0.0797 0.5576
vt 0.0839 0.5431
vt 0.1048 0.5408
vt 0.1116 0.5563
vt 0.1127 0.5666
vt 0.5771 0.3685
vt 0.5781 0.3753
vt 0.5761 0.3617
vt 0.6078 0.3522
vt 0.6060 0.3642
vt 0.6043 0.3762
vt 0.9881 0.4668
vt 0.9938 0.4702
vt 0.9938 0.4950
vt 0.9879 0.4919
vt 0.9820 0.4888
vt 0.9824 0.4635
vt 0.9829 0.4382
vt 0.9883 0.4418
vt 0.9938 0.4453
vt 0.5312 0.9810
vt 0.5228 0.9825
vt 0.5396 0.9794
vt 0.5389 0.9851
vt 0.5311 0.9893
vt 0.5233 0.9936
vt 0.1292 0.5661
vt 0.1266 0.5761
vt 0.1315 0.5571
vt 0.1446 0.5727
vt 0.1373 0.5786
vt 0.1292 0.5853
vt 0.6287 0.3536
vt 0.6320 0.3658
vt 0.6254 0.3414
vt 0.6326 0.3293
vt 0.6427 0.3373
vt 0.6528 0.3453
vt 0.1334 0.5500
vt 0.1096 0.5351
vt 0.1064 0.5277
vt 0.1350 0.5439
vt 0.1558 0.5643
vt 0.1506 0.5681
vt 0.5673 0.2824
vt 0.5546 0.2740
vt 0.5682 0.2757
vt 0.5779 0.2838
vt 0.5876 0.2918
vt 0.5800 0.2909
vt 0.5780 0.2919
vt 0.5655 0.2824
vt 0.5530 0.2730
vt 0.1384 0.5929
vt 0.1286 0.5934
vt 0.1474 0.5926
vt 0.1385 0.6179
vt 0.1302 0.6058
vt 0.1229 0.6007
vt 0.6458 0.3163
vt 0.6582 0.3164
vt 0.6334 0.3162
vt 0.6254 0.3044
vt 0.6347 0.2974
vt 0.6440 0.2905
vt 0.1547 0.5928
vt 0.1613 0.5931
vt 0.1590 0.6262
vt 0.1524 0.6206
vt 0.1734 0.6041
vt 0.1815 0.5977
vt 0.1815 0.6104
vt 0.1744 0.6184
vt 0.1673 0.6264
vt 0.1654 0.6105
vt 0.1635 0.5946
vt 0.1725 0.5897
vt 0.1815 0.5849
vt 0.9896 0.8700
vt 0.9842 0.8614
vt 0.9839 0.8509
vt 0.9896 0.8578
vt 0.9952 0.8648
vt 0.9950 0.8785
vt 0.9948 0.8803
vt 0.9894 0.8717
vt 0.9840 0.8632
vt 0.2557 0.5940
vt 0.2561 0.6026
vt 0.2547 0.6030
vt 0.2540 0.5946
vt 0.2533 0.5861
vt 0.2554 0.5855
vt 0.2575 0.5849
vt 0.2575 0.5935
vt 0.2575 0.6022
vt 0.0823 0.6199
vt 0.0926 0.6132
vt 0.0982 0.6127
vt 0.0903 0.6189
vt 0.0823 0.6252
vt 0.0719 0.6266
vt 0.0701 0.6266
vt 0.0803 0.6190
vt 0.0904 0.6115
vt 0.1102 0.6143
vt 0.1105 0.6078
vt 0.1098 0.6208
vt 0.6112 0.2507
vt 0.6187 0.2469
vt 0.6187 0.2711
vt 0.6108 0.2715
vt 0.6028 0.2719
vt 0.6038 0.2546
vt 0.6047 0.2372
vt 0.6117 0.2300
vt 0.6187 0.2228
vt 0.9890 0.8249
vt 0.9827 0.8228
vt 0.9811 0.7860
vt 0.9882 0.7814
vt 0.9952 0.7769
vt 0.9952 0.8269
vt 0.6062 0.2877
vt 0.6060 0.2791
vt 0.6064 0.2962
vt 0.9374 0.4018
vt 0.9525 0.3900
vt 0.9609 0.4718
vt 0.9464 0.4931
vt 0.9320 0.5143
vt 0.9224 0.4136
vt 0.9161 0.3348
vt 0.9306 0.3304
vt 0.9482 0.3264
vt 0.1210 0.0743
vt 0.1198 0.0881
vt 0.0089 0.1221
vt 0.0102 0.1089
vt 0.0098 0.0958
vt 0.1205 0.0608
vt 0.2070 0.0346
vt 0.2071 0.0474
vt 0.2055 0.0606
vt 0.7840 0.8878
vt 0.7689 0.8938
vt 0.7707 0.8700
vt 0.7898 0.8592
vt 0.7782 0.9165
vt 0.7672 0.9177
vt 0.5575 0.2478
vt 0.5706 0.2471
vt 0.5706 0.2714
vt 0.5559 0.2696
vt 0.5413 0.2678
vt 0.5444 0.2486
vt 0.5476 0.2294
vt 0.5591 0.2261
vt 0.5706 0.2228
vt 0.2159 0.5262
vt 0.2358 0.5755
vt 0.2142 0.5661
vt 0.2080 0.5426
vt 0.5252 0.2416
vt 0.5413 0.2460
vt 0.5413 0.2693
vt 0.5217 0.2583
vt 0.5022 0.2474
vt 0.5092 0.2371
vt 0.5162 0.2268
vt 0.5287 0.2248
vt 0.5413 0.2228
vt 0.2444 0.0161
vt 0.2454 0.0261
vt 0.2037 0.0223
vt 0.1988 0.0103
vt 0.2420 0.0062
vt 0.2602 0.0148
vt 0.2593 0.0223
vt 0.2575 0.0295
vt 0.9461 0.2894
vt 0.9525 0.2815
vt 0.9609 0.2900
vt 0.9525 0.2991
vt 0.9383 0.2957
vt 0.9345 0.2848
vt 0.9398 0.2797
vt 0.9442 0.2730
vt 0.4050 0.3264
vt 0.3986 0.3128
vt 0.4929 0.2730
vt 0.5007 0.2860
vt 0.5057 0.2989
vt 0.4103 0.3393
vt 0.3139 0.3852
vt 0.3307 0.3598
vt 0.3253 0.3471
vt 0.9484 0.7897
vt 0.9644 0.7954
vt 0.9644 0.8856
vt 0.9481 0.8746
vt 0.9317 0.8636
vt 0.9325 0.7841
vt 0.9336 0.7192
vt 0.9484 0.7208
vt 0.9631 0.7223
vt 0.4137 0.3510
vt 0.5050 0.3114
vt 0.5015 0.3238
vt 0.4161 0.3621
vt 0.3306 0.4004
vt 0.3224 0.3906
vt 0.1164 0.0478
vt 0.0058 0.0830
vt 0.0000 0.0703
vt 0.1106 0.0352
vt 0.2933 0.4074
vt 0.2866 0.4058
vt 0.2869 0.3878
vt 0.2930 0.3928
vt 0.2996 0.3951
vt 0.2999 0.4084
vt 0.3205 0.4270
vt 0.3108 0.4257
vt 0.3037 0.4266
vt 0.2665 0.5878
vt 0.2746 0.5868
vt 0.2756 0.5938
vt 0.2675 0.5943
vt 0.2594 0.5949
vt 0.2584 0.5887
vt 0.2578 0.5681
vt 0.2658 0.5669
vt 0.2751 0.5826
vt 0.2438 0.0361
vt 0.2408 0.0462
vt 0.2539 0.0360
vt 0.2492 0.0423
vt 0.9279 0.2986
vt 0.9160 0.3000
vt 0.9191 0.2871
vt 0.9272 0.2868
vt 0.2994 0.3794
vt 0.2939 0.3702
vt 0.3049 0.3887
vt 0.9475 0.6837
vt 0.9594 0.6838
vt 0.9357 0.6837
vt 0.9373 0.6642
vt 0.9463 0.6641
vt 0.9553 0.6639
vt 0.2019 0.2180
vt 0.1951 0.2178
vt 0.2145 0.1701
vt 0.2215 0.1705
vt 0.2281 0.1700
vt 0.2079 0.2177
vt 0.1930 0.2647
vt 0.1864 0.2532
vt 0.1800 0.2513
vt 0.2126 0.2164
vt 0.2339 0.1678
vt 0.2392 0.1648
vt 0.2165 0.2147
vt 0.1937 0.2603
vt 0.1915 0.2606
vt 0.9453 0.6475
vt 0.9533 0.6470
vt 0.9372 0.6479
vt 0.9362 0.6331
vt 0.9443 0.6323
vt 0.9523 0.6315
vt 0.3063 0.4083
vt 0.3022 0.3985
vt 0.3088 0.4005
vt 0.3127 0.4077
vt 0.3166 0.4150
vt 0.3104 0.4181
vt 0.2697 0.0338
vt 0.2656 0.0389
vt 0.2732 0.0282
vt 0.2754 0.0556
vt 0.2702 0.0601
vt 0.2646 0.0637
vt 0.2601 0.0428
vt 0.2540 0.0461
vt 0.2579 0.0657
vt 0.2508 0.0669
vt 0.5935 0.2485
vt 0.5869 0.2492
vt 0.5831 0.2395
vt 0.5906 0.2386
vt 0.5981 0.2376
vt 0.6002 0.2478
vt 0.6028 0.2606
vt 0.5973 0.2609
vt 0.5917 0.2613
vt 0.1780 0.2727
vt 0.1727 0.2720
vt 0.1860 0.2768
vt 0.1812 0.2887
vt 0.1730 0.2844
vt 0.1683 0.2820
vt 0.2658 0.4066
vt 0.2729 0.4068
vt 0.2728 0.4581
vt 0.2657 0.4579
vt 0.2577 0.4586
vt 0.2577 0.4071
vt 0.2578 0.3705
vt 0.2659 0.3702
vt 0.2741 0.3553
vt 0.4599 0.4986
vt 0.4547 0.5020
vt 0.4046 0.4799
vt 0.4114 0.4761
vt 0.4181 0.4723
vt 0.4652 0.4952
vt 0.5085 0.5171
vt 0.5051 0.5194
vt 0.5018 0.5217
vt 0.9729 0.8037
vt 0.9648 0.8019
vt 0.9652 0.7501
vt 0.9731 0.7517
vt 0.9810 0.7533
vt 0.9810 0.8054
vt 0.9811 0.8542
vt 0.9727 0.8525
vt 0.9644 0.8508
vt 0.2783 0.4083
vt 0.2827 0.4105
vt 0.2827 0.4630
vt 0.2782 0.4601
vt 0.2785 0.3697
vt 0.2829 0.3712
vt 0.2783 0.5199
vt 0.2829 0.5233
vt 0.2832 0.5876
vt 0.2784 0.5837
vt 0.2728 0.5176
vt 0.9731 0.6936
vt 0.9651 0.6923
vt 0.9650 0.6315
vt 0.9730 0.6324
vt 0.9811 0.6333
vt 0.9810 0.6949
vt 0.3559 0.4502
vt 0.3487 0.4531
vt 0.3631 0.4473
vt 0.2656 0.5175
vt 0.2576 0.5185
vt 0.2557 0.1102
vt 0.2495 0.1130
vt 0.2615 0.1065
vt 0.2426 0.1140
vt 0.2353 0.1140
vt 0.2769 0.6115
vt 0.2765 0.6235
vt 0.2730 0.6215
vt 0.2738 0.6128
vt 0.2746 0.6041
vt 0.2773 0.5995
vt 0.2800 0.5949
vt 0.2800 0.6102
vt 0.2800 0.6255
vt 0.5875 0.2272
vt 0.5754 0.2277
vt 0.5706 0.2228
vt 0.5867 0.2230
vt 0.6028 0.2232
vt 0.5997 0.2267
vt 0.5974 0.2300
vt 0.5884 0.2309
vt 0.5793 0.2319
vt 0.9483 0.6051
vt 0.9540 0.6024
vt 0.9541 0.6204
vt 0.9484 0.6233
vt 0.9436 0.6265
vt 0.9437 0.6081
vt 0.9441 0.5865
vt 0.9485 0.5838
vt 0.9538 0.5814
vt 0.9254 0.2437
vt 0.9333 0.2459
vt 0.9320 0.2647
vt 0.9239 0.2623
vt 0.9167 0.2613
vt 0.9181 0.2428
vt 0.9197 0.2216
vt 0.9269 0.2223
vt 0.9342 0.2244
vt 0.2788 0.3493
vt 0.2830 0.3504
vt 0.2745 0.3483
vt 0.2750 0.3373
vt 0.2791 0.3381
vt 0.2832 0.3389
vt 0.9388 0.2487
vt 0.9432 0.2518
vt 0.9432 0.2708
vt 0.9381 0.2676
vt 0.9391 0.2270
vt 0.9429 0.2298
vt 0.9210 0.1614
vt 0.9238 0.1605
vt 0.9233 0.1720
vt 0.9201 0.1730
vt 0.9180 0.1747
vt 0.9192 0.1630
vt 0.9195 0.1573
vt 0.9211 0.1557
vt 0.9237 0.1548
vt 0.2671 0.3308
vt 0.2662 0.3345
vt 0.2563 0.3290
vt 0.2573 0.3249
vt 0.2584 0.3179
vt 0.2691 0.3259
vt 0.2740 0.3289
vt 0.2720 0.3337
vt 0.2711 0.3373
vt 0.2351 0.5881
vt 0.2352 0.5919
vt 0.2256 0.5919
vt 0.2256 0.5881
vt 0.2254 0.5850
vt 0.2349 0.5849
vt 0.2444 0.5849
vt 0.2447 0.5881
vt 0.2447 0.5919
vt 0.9887 0.1767
vt 0.9803 0.1754
vt 0.9736 0.1560
vt 0.9849 0.1575
vt 0.9963 0.1590
vt 0.9970 0.1779
vt 0.9975 0.1999
vt 0.9917 0.1988
vt 0.9858 0.1978
vt 0.9616 0.6004
vt 0.9687 0.5997
vt 0.9692 0.6173
vt 0.9619 0.6181
vt 0.9610 0.5797
vt 0.9678 0.5792
vt 0.9140 0.2439
vt 0.9132 0.2625
vt 0.9115 0.2647
vt 0.9115 0.2461
vt 0.9124 0.2248
vt 0.9154 0.2227
vt 0.9729 0.6009
vt 0.9756 0.6032
vt 0.9756 0.6209
vt 0.9732 0.6186
vt 0.9719 0.5804
vt 0.9747 0.5826
vt 0.1983 0.2862
vt 0.1949 0.2957
vt 0.2018 0.2767
vt 0.2172 0.2926
vt 0.2153 0.2990
vt 0.2135 0.3055
vt 0.2068 0.5888
vt 0.2102 0.5895
vt 0.2106 0.5943
vt 0.2072 0.5936
vt 0.2043 0.5926
vt 0.2039 0.5879
vt 0.2034 0.5849
vt 0.2062 0.5857
vt 0.2096 0.5864
vt 0.2148 0.5898
vt 0.2191 0.5897
vt 0.2195 0.5945
vt 0.2152 0.5946
vt 0.2142 0.5866
vt 0.2185 0.5864
vt 0.2218 0.5891
vt 0.2236 0.5883
vt 0.2240 0.5931
vt 0.2222 0.5939
vt 0.2212 0.5859
vt 0.2230 0.5851
vt 0.9285 0.1607
vt 0.9336 0.1618
vt 0.9341 0.1736
vt 0.9286 0.1723
vt 0.9281 0.1550
vt 0.9329 0.1560
vt 0.2340 0.6047
vt 0.2337 0.6066
vt 0.2241 0.6066
vt 0.2245 0.6047
vt 0.2249 0.6018
vt 0.2344 0.6018
vt 0.2439 0.6018
vt 0.2436 0.6047
vt 0.2432 0.6066
vt 0.2223 0.6020
vt 0.2197 0.6026
vt 0.2241 0.6012
vt 0.2241 0.6108
vt 0.2223 0.6117
vt 0.2197 0.6122
vt 0.9942 0.2642
vt 0.9892 0.2639
vt 0.9876 0.2499
vt 0.9939 0.2519
vt 0.9977 0.2527
vt 0.9977 0.2649
vt 0.9977 0.2708
vt 0.9944 0.2701
vt 0.9895 0.2699
vt 0.9372 0.1634
vt 0.9403 0.1652
vt 0.9410 0.1773
vt 0.9380 0.1753
vt 0.9365 0.1576
vt 0.9396 0.1593
vt 0.9831 0.0439
vt 0.9759 0.0450
vt 0.9902 0.0428
vt 0.9897 0.0647
vt 0.9820 0.0658
vt 0.9744 0.0668
vt 0.9811 0.0874
vt 0.9727 0.0885
vt 0.9894 0.0863
vt 0.9892 0.1037
vt 0.9805 0.1047
vt 0.9718 0.1057
vt 0.6184 0.5127
vt 0.6189 0.5054
vt 0.6179 0.5200
vt 0.5996 0.5162
vt 0.5988 0.5074
vt 0.5981 0.4987
vt 0.5787 0.5017
vt 0.5778 0.4908
vt 0.5796 0.5127
vt 0.5630 0.5084
vt 0.5623 0.4963
vt 0.5617 0.4841
vt 0.1132 0.3899
vt 0.1101 0.3808
vt 0.1164 0.3989
vt 0.0955 0.4059
vt 0.0931 0.3956
vt 0.0907 0.3852
vt 0.0727 0.4016
vt 0.0702 0.3893
vt 0.0752 0.4139
vt 0.0591 0.4207
vt 0.0564 0.4073
vt 0.0537 0.3940
vt 0.2278 0.8690
vt 0.2375 0.8699
vt 0.2181 0.8682
vt 0.2160 0.8500
vt 0.2265 0.8513
vt 0.2371 0.8526
vt 0.2251 0.8327
vt 0.2366 0.8342
vt 0.2135 0.8312
vt 0.2118 0.8152
vt 0.2237 0.8167
vt 0.2356 0.8181
vt 0.9808 0.1135
vt 0.9729 0.1144
vt 0.9888 0.1126
vt 0.5540 0.4916
vt 0.5532 0.4811
vt 0.5549 0.5022
vt 0.0489 0.4122
vt 0.0467 0.4005
vt 0.0511 0.4240
vt 0.2230 0.8068
vt 0.2338 0.8081
vt 0.2121 0.8055
vt 0.7856 0.2293
vt 0.7832 0.2393
vt 0.7578 0.2307
vt 0.7653 0.2215
vt 0.7729 0.2123
vt 0.7881 0.2193
vt 0.7954 0.2150
vt 0.8000 0.2249
vt 0.8010 0.2362
vt 0.2521 0.9490
vt 0.2418 0.9478
vt 0.2378 0.9026
vt 0.2501 0.9040
vt 0.2624 0.9055
vt 0.2624 0.9502
vt 0.2624 0.9948
vt 0.2541 0.9939
vt 0.2458 0.9930
vt 0.9227 0.9126
vt 0.9146 0.9150
vt 0.9116 0.8624
vt 0.9211 0.8594
vt 0.9307 0.8564
vt 0.9307 0.9102
vt 0.9307 0.9640
vt 0.9242 0.9658
vt 0.9176 0.9675
vt 0.7360 0.1947
vt 0.7243 0.2037
vt 0.6868 0.1675
vt 0.7022 0.1585
vt 0.7176 0.1495
vt 0.7477 0.1858
vt 0.9077 0.3024
vt 0.9075 0.3145
vt 0.8989 0.3074
vt 0.8991 0.2956
vt 0.8977 0.2838
vt 0.9074 0.2893
vt 0.9129 0.2948
vt 0.9127 0.3094
vt 0.9122 0.3226
vt 0.6273 0.2486
vt 0.6334 0.2559
vt 0.6334 0.2674
vt 0.6260 0.2636
vt 0.6187 0.2599
vt 0.6213 0.2413
vt 0.6239 0.2228
vt 0.6286 0.2337
vt 0.6334 0.2445
vt 0.8834 0.2890
vt 0.8873 0.2997
vt 0.8796 0.2783
vt 0.9910 0.4149
vt 0.9972 0.4107
vt 1.0000 0.4331
vt 0.9937 0.4357
vt 0.9874 0.4382
vt 0.9847 0.4191
vt 0.9832 0.4017
vt 0.9895 0.3967
vt 0.9958 0.3917
vt 0.9725 0.4716
vt 0.9807 0.4709
vt 0.9793 0.4852
vt 0.9719 0.4857
vt 0.9644 0.4861
vt 0.9643 0.4722
vt 0.9638 0.4597
vt 0.9726 0.4588
vt 0.9813 0.4580
vt 0.9906 0.3836
vt 0.9972 0.3796
vt 0.9839 0.3877
vt 0.9858 0.3754
vt 0.9929 0.3731
vt 1.0000 0.3709
vt 0.8117 0.2150
vt 0.8120 0.2279
vt 0.8111 0.2030
vt 0.8234 0.1890
vt 0.8219 0.2023
vt 0.8195 0.2171
vt 0.8144 0.0206
vt 0.8238 0.0149
vt 0.8239 0.0367
vt 0.8140 0.0452
vt 0.8041 0.0538
vt 0.8051 0.0262
vt 0.8014 0.0179
vt 0.8135 0.0141
vt 0.8231 0.0107
vt 0.9611 0.0113
vt 0.9685 0.0118
vt 0.9666 0.0226
vt 0.9584 0.0208
vt 0.9501 0.0191
vt 0.9537 0.0109
vt 0.9578 0.0028
vt 0.9643 0.0014
vt 0.9709 0.0000
vt 0.9046 0.4949
vt 0.8971 0.4905
vt 0.8983 0.4635
vt 0.9053 0.4703
vt 0.9123 0.4771
vt 0.9121 0.4992
vt 0.9111 0.5032
vt 0.9033 0.5013
vt 0.8932 0.4985
vt 0.9739 0.2882
vt 0.9813 0.2866
vt 0.9815 0.3081
vt 0.9738 0.3096
vt 0.9660 0.3111
vt 0.9664 0.2897
vt 0.9661 0.2855
vt 0.9735 0.2840
vt 0.9809 0.2825
vt 0.9568 0.0295
vt 0.9659 0.0315
vt 0.9665 0.0533
vt 0.9568 0.0514
vt 0.9470 0.0495
vt 0.9476 0.0275
vt 0.2033 0.7848
vt 0.1982 0.7798
vt 0.2017 0.7676
vt 0.2050 0.7739
vt 0.2083 0.7802
vt 0.2083 0.7898
vt 0.2083 0.7986
vt 0.2014 0.7953
vt 0.1946 0.7920
vt 0.8115 0.0082
vt 0.8222 0.0056
vt 0.8000 0.0098
vt 0.7963 0.0048
vt 0.8088 0.0026
vt 0.8213 0.0000
vt 0.9736 0.2791
vt 0.9810 0.2778
vt 0.9661 0.2803
vt 0.9663 0.2746
vt 0.9738 0.2738
vt 0.9813 0.2730
vt 0.9018 0.5068
vt 0.8930 0.5061
vt 0.9099 0.5076
vt 0.9085 0.5123
vt 0.9002 0.5117
vt 0.8911 0.5109
vt 0.8658 0.5047
vt 0.8603 0.5032
vt 0.8631 0.5026
vt 0.8680 0.5034
vt 0.8745 0.5036
vt 0.8727 0.5057
vt 0.8709 0.5078
vt 0.8636 0.5059
vt 0.8575 0.5039
vt 0.8825 0.5060
vt 0.8843 0.5024
vt 0.8807 0.5095
vt 0.2066 0.7622
vt 0.2083 0.7690
vt 0.2049 0.7553
vt 0.2080 0.7431
vt 0.2081 0.7500
vt 0.2083 0.7569
vt 0.7870 0.0092
vt 0.7835 0.0060
vt 0.7906 0.0124
vt 0.7762 0.0082
vt 0.7734 0.0075
vt 0.7706 0.0068
vt 0.9588 0.1007
vt 0.9684 0.1028
vt 0.9698 0.1524
vt 0.9605 0.1500
vt 0.9513 0.1476
vt 0.9491 0.0986
vt 0.9722 0.3661
vt 0.9806 0.3648
vt 0.9798 0.4228
vt 0.9709 0.4239
vt 0.9620 0.4249
vt 0.9639 0.3674
vt 0.9051 0.4105
vt 0.8990 0.4026
vt 0.8999 0.3420
vt 0.9051 0.3502
vt 0.9104 0.3585
vt 0.9112 0.4184
vt 0.8118 0.1057
vt 0.8230 0.0945
vt 0.8223 0.1534
vt 0.8099 0.1668
vt 0.7976 0.1801
vt 0.8007 0.1170
vt 0.8101 0.1931
vt 0.8230 0.1788
vt 0.7972 0.2074
vt 0.9063 0.3243
vt 0.9015 0.3159
vt 0.9111 0.3327
vt 0.9715 0.4488
vt 0.9806 0.4479
vt 0.9625 0.4498
vt 0.9598 0.1716
vt 0.9689 0.1740
vt 0.9668 0.1818
vt 0.9578 0.1795
vt 0.9488 0.1771
vt 0.9507 0.1692
vt 0.2282 0.6125
vt 0.2282 0.6180
vt 0.2243 0.6175
vt 0.2242 0.6121
vt 0.2241 0.6066
vt 0.2282 0.6071
vt 0.2322 0.6076
vt 0.2322 0.6130
vt 0.2322 0.6184
vt 0.2664 0.6091
vt 0.2730 0.6081
vt 0.2730 0.6213
vt 0.2652 0.6222
vt 0.2575 0.6231
vt 0.2597 0.6100
vt 0.2620 0.5970
vt 0.2675 0.5960
vt 0.2730 0.5949
vt 0.1534 0.2680
vt 0.1549 0.2633
vt 0.1653 0.2659
vt 0.1631 0.2719
vt 0.1609 0.2779
vt 0.1518 0.2728
vt 0.1405 0.2665
vt 0.1415 0.2625
vt 0.1426 0.2586
vt 0.1967 0.5987
vt 0.2016 0.5993
vt 0.2026 0.6097
vt 0.1964 0.6092
vt 0.1901 0.6087
vt 0.1918 0.5981
vt 0.1924 0.5849
vt 0.1964 0.5856
vt 0.2003 0.5863
vt 0.1947 0.6145
vt 0.2031 0.6148
vt 0.2034 0.6173
vt 0.1924 0.6173
vt 0.1815 0.6173
vt 0.1863 0.6143
vt 0.1686 0.2725
vt 0.1719 0.2646
vt 0.1654 0.2804
vt 0.2660 0.3549
vt 0.2739 0.3545
vt 0.2581 0.3552
vt 0.2584 0.3505
vt 0.2661 0.3502
vt 0.2738 0.3498
vt 0.5891 0.2337
vt 0.5812 0.2348
vt 0.5970 0.2327
vt 0.9387 0.1995
vt 0.9421 0.2019
vt 0.9344 0.1973
vt 0.9932 0.2270
vt 0.9888 0.2261
vt 0.9977 0.2279
vt 0.9600 0.5532
vt 0.9660 0.5529
vt 0.9537 0.5545
vt 0.9536 0.5247
vt 0.9589 0.5238
vt 0.9637 0.5237
vt 0.9490 0.5565
vt 0.9451 0.5587
vt 0.9463 0.5278
vt 0.9496 0.5261
vt 0.9280 0.1957
vt 0.9217 0.1951
vt 0.9696 0.5541
vt 0.9719 0.5560
vt 0.9665 0.5248
vt 0.9683 0.5265
vt 0.2375 0.3131
vt 0.2363 0.3180
vt 0.2387 0.3083
vt 0.9178 0.1962
vt 0.9152 0.1981
vt 0.6698 0.2245
vt 0.6715 0.2229
vt 0.6772 0.2230
vt 0.6755 0.2247
vt 0.6742 0.2275
vt 0.6686 0.2271
vt 0.6629 0.2268
vt 0.6641 0.2244
vt 0.6657 0.2228
vt 0.6701 0.2407
vt 0.6689 0.2368
vt 0.6746 0.2376
vt 0.6758 0.2417
vt 0.6772 0.2451
vt 0.6715 0.2440
vt 0.6657 0.2430
vt 0.6644 0.2398
vt 0.6633 0.2361
vt 0.6684 0.2318
vt 0.6740 0.2323
vt 0.6627 0.2313
vt 0.2733 0.3188
vt 0.2782 0.3219
vt 0.2685 0.3157
vt 0.2738 0.3074
vt 0.2787 0.3105
vt 0.2835 0.3137
vt 0.2073 0.6016
vt 0.2044 0.6006
vt 0.2107 0.6024
vt 0.2107 0.6120
vt 0.2073 0.6113
vt 0.2044 0.6103
vt 0.9810 0.2644
vt 0.9807 0.2585
vt 0.9813 0.2704
vt 0.9716 0.2713
vt 0.9712 0.2654
vt 0.9709 0.2594
vt 0.2153 0.6027
vt 0.2153 0.6124
vt 0.2349 0.5970
vt 0.2253 0.5970
vt 0.2444 0.5970
vt 0.4238 0.7074
vt 0.4234 0.7008
vt 0.4080 0.7059
vt 0.4060 0.7136
vt 0.4396 0.6985
vt 0.4366 0.6931
vt 0.4242 0.7141
vt 0.4427 0.7038
vt 0.4041 0.7213
vt 0.4179 0.1231
vt 0.4180 0.1164
vt 0.3364 0.1107
vt 0.3355 0.1126
vt 0.4197 0.1334
vt 0.3349 0.1109
vt 0.6445 0.6690
vt 0.6338 0.6669
vt 0.6438 0.7528
vt 0.6431 0.7518
vt 0.6530 0.6692
vt 0.6455 0.7510
vt 0.6187 0.6612
vt 0.6013 0.6548
vt 0.5944 0.7132
vt 0.6170 0.7220
vt 0.5836 0.6506
vt 0.5673 0.6446
vt 0.5517 0.6989
vt 0.5714 0.7075
vt 0.5538 0.6329
vt 0.5411 0.6194
vt 0.5239 0.6646
vt 0.5392 0.6810
vt 0.5645 0.1659
vt 0.5829 0.1525
vt 0.5959 0.0787
vt 0.5673 0.1178
vt 0.5476 0.1766
vt 0.5435 0.1192
vt 0.6061 0.1397
vt 0.6304 0.1334
vt 0.6225 0.0799
vt 0.6095 0.0821
vt 0.6026 0.1973
vt 0.6339 0.1845
vt 0.6525 0.1398
vt 0.6734 0.1525
vt 0.6629 0.0943
vt 0.6455 0.0927
vt 0.6614 0.1973
vt 0.4322 0.2568
vt 0.4324 0.2430
vt 0.3746 0.2368
vt 0.3743 0.2515
vt 0.4320 0.2690
vt 0.3740 0.2653
vt 0.4325 0.2261
vt 0.4325 0.2078
vt 0.3749 0.2023
vt 0.3748 0.2201
vt 0.4324 0.1898
vt 0.4305 0.1710
vt 0.3722 0.1649
vt 0.3748 0.1844
vt 0.4251 0.1508
vt 0.3647 0.1424
vt 0.4926 0.6492
vt 0.4848 0.6500
vt 0.4852 0.6659
vt 0.4930 0.6648
vt 0.4924 0.6317
vt 0.4846 0.6322
vt 0.5004 0.6484
vt 0.5002 0.6311
vt 0.5008 0.6637
vt 0.4507 0.5561
vt 0.4464 0.5610
vt 0.4572 0.5742
vt 0.4624 0.5704
vt 0.4365 0.5444
vt 0.4332 0.5501
vt 0.4551 0.5512
vt 0.4399 0.5387
vt 0.4676 0.5665
vt 0.3181 0.5563
vt 0.3232 0.5612
vt 0.3364 0.5503
vt 0.3323 0.5446
vt 0.3064 0.5706
vt 0.3124 0.5745
vt 0.3130 0.5514
vt 0.3005 0.5667
vt 0.3282 0.5388
vt 0.3181 0.6895
vt 0.3232 0.6849
vt 0.3124 0.6717
vt 0.3064 0.6753
vt 0.3323 0.7013
vt 0.3364 0.6958
vt 0.3130 0.6942
vt 0.3282 0.7067
vt 0.3005 0.6789
vt 0.4534 0.6873
vt 0.4488 0.6829
vt 0.4644 0.6739
vt 0.4591 0.6703
vt 0.4579 0.6917
vt 0.4698 0.6775
vt 0.4203 0.5357
vt 0.4181 0.5421
vt 0.4027 0.5304
vt 0.4018 0.5371
vt 0.4225 0.5294
vt 0.4036 0.5236
vt 0.2978 0.5869
vt 0.3044 0.5896
vt 0.2924 0.6046
vt 0.2994 0.6060
vt 0.2912 0.5842
vt 0.2854 0.6032
vt 0.3485 0.7099
vt 0.3515 0.7038
vt 0.3666 0.7151
vt 0.3688 0.7084
vt 0.3456 0.7160
vt 0.3644 0.7218
vt 0.4782 0.6227
vt 0.4719 0.6228
vt 0.4705 0.6398
vt 0.4767 0.6409
vt 0.4764 0.6043
vt 0.4702 0.6058
vt 0.4845 0.6225
vt 0.4826 0.6028
vt 0.4829 0.6421
vt 0.4721 0.6582
vt 0.4662 0.6558
vt 0.4780 0.6607
vt 0.3844 0.5286
vt 0.3848 0.5355
vt 0.3661 0.5304
vt 0.3678 0.5372
vt 0.3840 0.5217
vt 0.3644 0.5237
vt 0.2906 0.6230
vt 0.2977 0.6231
vt 0.2924 0.6414
vt 0.2994 0.6402
vt 0.2835 0.6229
vt 0.2854 0.6426
vt 0.3864 0.7162
vt 0.3887 0.7088
vt 0.3840 0.7237
vt 0.4710 0.5866
vt 0.4652 0.5894
vt 0.4769 0.5839
vt 0.3485 0.5358
vt 0.3515 0.5422
vt 0.3456 0.5295
vt 0.2978 0.6590
vt 0.3044 0.6566
vt 0.2912 0.6615
vt 0.1320 0.8081
vt 0.1345 0.8145
vt 0.1513 0.8055
vt 0.1477 0.7997
vt 0.1151 0.8133
vt 0.1162 0.8200
vt 0.1296 0.8017
vt 0.1140 0.8065
vt 0.1440 0.7940
vt 0.4935 0.6778
vt 0.4857 0.6792
vt 0.4863 0.6913
vt 0.4941 0.6896
vt 0.5013 0.6764
vt 0.5019 0.6879
vt 0.9889 0.7222
vt 0.9811 0.7224
vt 0.9812 0.7417
vt 0.9890 0.7411
vt 0.9889 0.7027
vt 0.9811 0.7026
vt 0.9966 0.7219
vt 0.9966 0.7028
vt 0.9967 0.7405
vt 0.4923 0.6128
vt 0.4845 0.6130
vt 0.4924 0.5934
vt 0.4846 0.5933
vt 0.5001 0.6126
vt 0.5002 0.5935
vt 0.9889 0.6835
vt 0.9811 0.6831
vt 0.9890 0.6652
vt 0.9812 0.6645
vt 0.9966 0.6839
vt 0.9967 0.6659
vt 0.4926 0.5741
vt 0.4848 0.5737
vt 0.4930 0.5557
vt 0.4852 0.5550
vt 0.5004 0.5746
vt 0.5008 0.5565
vt 0.9891 0.6486
vt 0.9814 0.6476
vt 0.9893 0.6328
vt 0.9815 0.6315
vt 0.9969 0.6496
vt 0.9970 0.6341
vt 0.4936 0.5390
vt 0.4858 0.5379
vt 0.4941 0.5230
vt 0.4864 0.5217
vt 0.5013 0.5400
vt 0.5019 0.5244
vt 0.4910 0.8685
vt 0.4986 0.8676
vt 0.4991 0.8506
vt 0.4915 0.8518
vt 0.4905 0.8859
vt 0.4982 0.8853
vt 0.4833 0.8694
vt 0.4829 0.8865
vt 0.4838 0.8530
vt 0.9814 0.9807
vt 0.9736 0.9813
vt 0.9742 1.0000
vt 0.9820 0.9991
vt 0.9810 0.9620
vt 0.9732 0.9623
vt 0.9893 0.9801
vt 0.9888 0.9617
vt 0.9898 0.9981
vt 0.4903 0.9046
vt 0.4979 0.9044
vt 0.4902 0.9243
vt 0.4978 0.9246
vt 0.4826 0.9049
vt 0.4826 0.9240
vt 0.9809 0.9426
vt 0.9730 0.9426
vt 0.9810 0.9232
vt 0.9732 0.9229
vt 0.9887 0.9426
vt 0.9888 0.9236
vt 0.4903 0.9444
vt 0.4980 0.9457
vt 0.4906 0.9635
vt 0.4983 0.9658
vt 0.4826 0.9430
vt 0.4829 0.9612
vt 0.9814 0.9047
vt 0.9736 0.9041
vt 0.9820 0.8866
vt 0.9742 0.8856
vt 0.9893 0.9054
vt 0.9898 0.8876
vt 0.4910 0.9804
vt 0.4987 0.9830
vt 0.4915 0.9961
vt 0.4991 0.9986
vt 0.4833 0.9778
vt 0.4838 0.9937
vt 0.9891 0.7587
vt 0.9814 0.7596
vt 0.9815 0.7769
vt 0.9893 0.7758
vt 0.9969 0.7579
vt 0.9970 0.7746
vt 0.0212 0.7245
vt 0.0143 0.7244
vt 0.0159 0.7408
vt 0.0227 0.7395
vt 0.0227 0.7095
vt 0.0159 0.7081
vt 0.0281 0.7245
vt 0.0294 0.7108
vt 0.0294 0.7382
vt 0.0630 0.6406
vt 0.0601 0.6341
vt 0.0433 0.6431
vt 0.0474 0.6490
vt 0.0800 0.6355
vt 0.0784 0.6286
vt 0.0658 0.6471
vt 0.0815 0.6423
vt 0.0514 0.6548
vt 0.0975 0.8150
vt 0.0972 0.8219
vt 0.0799 0.8133
vt 0.0783 0.8200
vt 0.0977 0.8081
vt 0.0814 0.8065
vt 0.0976 0.6337
vt 0.0974 0.6267
vt 0.1152 0.6355
vt 0.1163 0.6286
vt 0.0978 0.6407
vt 0.1140 0.6423
vt 0.0629 0.8081
vt 0.0600 0.8145
vt 0.0473 0.7997
vt 0.0432 0.8055
vt 0.0658 0.8017
vt 0.0513 0.7940
vt 0.1614 0.6603
vt 0.1661 0.6553
vt 0.1514 0.6431
vt 0.1477 0.6490
vt 0.1727 0.6740
vt 0.1782 0.6701
vt 0.1567 0.6652
vt 0.1671 0.6779
vt 0.1441 0.6548
vt 0.1321 0.6406
vt 0.1346 0.6341
vt 0.1297 0.6471
vt 0.0336 0.7884
vt 0.0285 0.7933
vt 0.0224 0.7747
vt 0.0164 0.7785
vt 0.0387 0.7836
vt 0.0283 0.7709
vt 0.1810 0.6897
vt 0.1872 0.6870
vt 0.1861 0.7067
vt 0.1927 0.7053
vt 0.1748 0.6924
vt 0.1796 0.7081
vt 0.0141 0.7590
vt 0.0074 0.7616
vt 0.0089 0.7420
vt 0.0019 0.7433
vt 0.0206 0.7564
vt 0.1878 0.7244
vt 0.1946 0.7243
vt 0.1861 0.7420
vt 0.1927 0.7433
vt 0.1811 0.7244
vt 0.1795 0.7407
vt 0.0072 0.7244
vt 0.0000 0.7243
vt 0.0089 0.7067
vt 0.0019 0.7053
vt 0.1810 0.7590
vt 0.1871 0.7616
vt 0.1726 0.7747
vt 0.1782 0.7785
vt 0.1748 0.7564
vt 0.1671 0.7709
vt 0.0141 0.6897
vt 0.0074 0.6870
vt 0.0224 0.6740
vt 0.0164 0.6701
vt 0.0207 0.6924
vt 0.0284 0.6779
vt 0.1614 0.7884
vt 0.1660 0.7933
vt 0.1567 0.7836
vt 0.0337 0.6603
vt 0.0285 0.6553
vt 0.0388 0.6652
vt 0.1203 0.8824
vt 0.1198 0.9426
vt 0.1317 0.9424
vt 0.1322 0.8822
vt 0.1098 0.8827
vt 0.1094 0.9429
vt 0.1208 0.8222
vt 0.1103 0.8224
vt 0.1327 0.8220
vt 0.1686 0.7539
vt 0.1730 0.7395
vt 0.1616 0.7672
vt 0.1625 0.7513
vt 0.1561 0.7635
vt 0.1665 0.7382
vt 0.0271 0.6950
vt 0.0342 0.6817
vt 0.0334 0.6977
vt 0.0399 0.6855
vt 0.1520 0.7788
vt 0.1404 0.7884
vt 0.1474 0.7741
vt 0.1368 0.7828
vt 0.0437 0.6701
vt 0.0553 0.6605
vt 0.0486 0.6749
vt 0.0592 0.6662
vt 0.1272 0.7955
vt 0.1128 0.7999
vt 0.1247 0.7893
vt 0.1116 0.7933
vt 0.0686 0.6534
vt 0.0830 0.6490
vt 0.0713 0.6597
vt 0.0844 0.6557
vt 0.0978 0.8013
vt 0.0829 0.7999
vt 0.0979 0.7946
vt 0.0843 0.7933
vt 0.0979 0.6476
vt 0.1129 0.6490
vt 0.0980 0.6544
vt 0.1117 0.6557
vt 0.0685 0.7955
vt 0.0553 0.7884
vt 0.0712 0.7893
vt 0.0591 0.7828
vt 0.1521 0.6701
vt 0.1405 0.6605
vt 0.1616 0.6817
vt 0.1474 0.6749
vt 0.1561 0.6855
vt 0.1368 0.6662
vt 0.1272 0.6534
vt 0.1248 0.6597
vt 0.0437 0.7788
vt 0.0341 0.7672
vt 0.0485 0.7741
vt 0.0398 0.7635
vt 0.1687 0.6950
vt 0.1730 0.7095
vt 0.1626 0.6977
vt 0.1665 0.7108
vt 0.0271 0.7539
vt 0.0334 0.7513
vt 0.1745 0.7245
vt 0.1679 0.7245
vt 0.3535 0.7951
vt 0.4027 0.7442
vt 0.3929 0.7343
vt 0.3801 0.7290
vt 0.4178 0.7668
vt 0.4125 0.7540
vt 0.4231 0.7936
vt 0.4231 0.7797
vt 0.4179 0.8206
vt 0.4231 0.8076
vt 0.4028 0.8434
vt 0.4126 0.8335
vt 0.3801 0.8586
vt 0.3929 0.8533
vt 0.3533 0.8639
vt 0.3672 0.8639
vt 0.3289 0.8631
vt 0.3394 0.8639
vt 0.3062 0.8479
vt 0.3185 0.8623
vt 0.2887 0.8212
vt 0.2938 0.8335
vt 0.2836 0.7973
vt 0.2835 0.8090
vt 0.2882 0.7721
vt 0.2836 0.7857
vt 0.3031 0.7465
vt 0.2927 0.7585
vt 0.3265 0.7292
vt 0.3134 0.7346
vt 0.3534 0.7237
vt 0.3396 0.7237
vt 0.3673 0.7237
vt 0.3530 0.9246
vt 0.3530 0.8644
vt 0.3399 0.8641
vt 0.3400 0.9242
vt 0.3658 0.9250
vt 0.3658 0.8649
vt 0.3531 0.9847
vt 0.3658 0.9852
vt 0.3400 0.9844
vt 0.1012 0.8830
vt 0.1010 0.9434
vt 0.0934 0.8833
vt 0.0936 0.9438
vt 0.1014 0.8226
vt 0.0933 0.8229
vt 0.8487 0.9169
vt 0.8487 0.8567
vt 0.8353 0.8565
vt 0.8354 0.9168
vt 0.8624 0.9171
vt 0.8624 0.8568
vt 0.8488 0.9772
vt 0.8624 0.9774
vt 0.8355 0.9771
vt 0.8230 0.9167
vt 0.8229 0.8564
vt 0.8109 0.8564
vt 0.8110 0.9167
vt 0.8231 0.9770
vt 0.8111 0.9769
vt 0.6779 0.9124
vt 0.6784 0.8521
vt 0.6665 0.8530
vt 0.6635 0.9135
vt 0.6920 0.9115
vt 0.6907 0.8513
vt 0.6774 0.9728
vt 0.6933 0.9717
vt 0.6606 0.9739
vt 0.8759 0.9173
vt 0.8759 0.8571
vt 0.8888 0.9176
vt 0.8888 0.8573
vt 0.8759 0.9776
vt 0.8888 0.9778
vt 0.7057 0.9107
vt 0.7040 0.8505
vt 0.7188 0.9101
vt 0.7176 0.8498
vt 0.7073 0.9709
vt 0.7199 0.9703
vt 0.9005 0.9178
vt 0.9005 0.8576
vt 0.9116 0.9181
vt 0.9116 0.8579
vt 0.9005 0.9781
vt 0.9116 0.9784
vt 0.7314 0.9095
vt 0.7312 0.8493
vt 0.7437 0.9091
vt 0.7441 0.8489
vt 0.7317 0.9698
vt 0.7432 0.9694
vt 0.1980 0.8831
vt 0.1975 0.9434
vt 0.2092 0.9438
vt 0.2098 0.8836
vt 0.1857 0.8827
vt 0.1852 0.9429
vt 0.1985 0.8229
vt 0.1863 0.8225
vt 0.2103 0.8233
vt 0.7555 0.9089
vt 0.7560 0.8486
vt 0.7672 0.9087
vt 0.7672 0.8484
vt 0.7551 0.9691
vt 0.7672 0.9689
vt 0.1725 0.8824
vt 0.1720 0.9426
vt 0.1588 0.8822
vt 0.1583 0.9424
vt 0.1730 0.8221
vt 0.1594 0.8220
vt 0.2986 0.9245
vt 0.2995 0.8642
vt 0.2865 0.8646
vt 0.2850 0.9249
vt 0.3123 0.9242
vt 0.3127 0.8640
vt 0.2978 0.9847
vt 0.3120 0.9843
vt 0.2835 0.9852
vt 0.1452 0.8821
vt 0.1447 0.9424
vt 0.1458 0.8219
vt 0.3262 0.9241
vt 0.3263 0.8639
vt 0.3261 0.9843
vt 0.3185 0.1376
vt 0.3242 0.1173
vt 0.3232 0.1105
vt 0.3108 0.1380
vt 0.3258 0.1382
vt 0.3281 0.1177
vt 0.3129 0.1592
vt 0.3236 0.1601
vt 0.3046 0.1588
vt 0.3364 0.1390
vt 0.3329 0.1178
vt 0.3399 0.1616
vt 0.3112 0.1780
vt 0.3026 0.1774
vt 0.3230 0.1791
vt 0.3112 0.1953
vt 0.3230 0.1965
vt 0.3027 0.1946
vt 0.3412 0.1810
vt 0.3413 0.1987
vt 0.3112 0.2125
vt 0.3026 0.2117
vt 0.3230 0.2138
vt 0.3110 0.2288
vt 0.3227 0.2302
vt 0.3024 0.2280
vt 0.3412 0.2161
vt 0.3410 0.2327
vt 0.3106 0.2437
vt 0.3021 0.2428
vt 0.3224 0.2451
vt 0.3102 0.2578
vt 0.3220 0.2592
vt 0.3017 0.2569
vt 0.3407 0.2477
vt 0.3403 0.2618
vt 0.6404 0.0390
vt 0.6566 0.0301
vt 0.6561 0.0215
vt 0.6400 0.0275
vt 0.6411 0.0517
vt 0.6573 0.0420
vt 0.6239 0.0452
vt 0.6206 0.0643
vt 0.6235 0.0317
vt 0.6422 0.0665
vt 0.6585 0.0604
vt 0.6260 0.0725
vt 0.6067 0.0459
vt 0.6063 0.0320
vt 0.6071 0.0598
vt 0.5895 0.0447
vt 0.5941 0.0608
vt 0.5892 0.0306
vt 0.8315 0.3189
vt 0.7989 0.3552
vt 0.8132 0.3657
vt 0.8422 0.3290
vt 0.8209 0.3089
vt 0.7845 0.3448
vt 0.8609 0.2933
vt 0.8537 0.2833
vt 0.8680 0.3033
vt 0.5732 0.0455
vt 0.5728 0.0294
vt 0.5726 0.0644
vt 0.5583 0.0443
vt 0.5528 0.0732
vt 0.5579 0.0272
vt 0.5703 0.0862
vt 0.5906 0.0694
vt 0.5501 0.1030
vt 0.5456 0.0371
vt 0.5451 0.0231
vt 0.5460 0.0522
vt 0.5339 0.0268
vt 0.5344 0.0356
vt 0.5334 0.0180
vt 0.6790 0.7752
vt 0.6646 0.7491
vt 0.6687 0.7832
vt 0.6797 0.7988
vt 0.6783 0.7516
vt 0.6606 0.7150
vt 0.6960 0.7937
vt 0.6919 0.7764
vt 0.6888 0.8126
vt 0.7197 0.8227
vt 0.6943 0.8229
vt 0.6988 0.8314
vt 0.7221 0.8313
vt 0.7185 0.8120
vt 0.7429 0.8220
vt 0.7422 0.8102
vt 0.7437 0.8308
vt 0.7187 0.7969
vt 0.7191 0.7797
vt 0.7417 0.7923
vt 0.7406 0.7712
vt 0.7617 0.8201
vt 0.7620 0.8295
vt 0.7611 0.8072
vt 0.7776 0.8161
vt 0.7771 0.8017
vt 0.7780 0.8268
vt 0.7601 0.7872
vt 0.7582 0.7639
vt 0.7762 0.7796
vt 0.7740 0.7548
vt 0.7924 0.8092
vt 0.7928 0.8223
vt 0.7921 0.7922
vt 0.8065 0.8008
vt 0.8067 0.7808
vt 0.8069 0.8167
vt 0.7923 0.7672
vt 0.7903 0.7408
vt 0.8084 0.7526
vt 0.8069 0.7243
vt 0.5272 0.7536
vt 0.5142 0.7405
vt 0.5125 0.7562
vt 0.5260 0.7657
vt 0.5290 0.7378
vt 0.5171 0.7207
vt 0.5430 0.7638
vt 0.5441 0.7511
vt 0.5420 0.7733
vt 0.5320 0.7148
vt 0.5223 0.6930
vt 0.5455 0.7319
vt 0.5645 0.7683
vt 0.5629 0.7770
vt 0.5657 0.7569
vt 0.5890 0.7684
vt 0.5904 0.7583
vt 0.5867 0.7769
vt 0.5667 0.7398
vt 0.5915 0.7438
vt 0.6140 0.7654
vt 0.6109 0.7731
vt 0.6149 0.7586
vt 0.6354 0.7624
vt 0.6357 0.7588
vt 0.6424 0.7641
vt 0.6158 0.7493
vt 0.6364 0.7543
vt 0.2208 0.6322
vt 0.2092 0.6377
vt 0.2100 0.6394
vt 0.2216 0.6340
vt 0.2199 0.6306
vt 0.2082 0.6363
vt 0.2354 0.6308
vt 0.2345 0.6293
vt 0.2361 0.6324
vt 0.8508 0.2647
vt 0.8391 0.2592
vt 0.8381 0.2607
vt 0.8498 0.2663
vt 0.8515 0.2629
vt 0.8399 0.2575
vt 0.8653 0.2662
vt 0.8660 0.2645
vt 0.8644 0.2677
vt 0.2506 0.6151
vt 0.2503 0.6044
vt 0.2484 0.6042
vt 0.2488 0.6148
vt 0.2524 0.6155
vt 0.2522 0.6048
vt 0.2510 0.6262
vt 0.2528 0.6266
vt 0.2494 0.6260
vt 0.2472 0.6150
vt 0.2467 0.6043
vt 0.2451 0.6046
vt 0.2456 0.6153
vt 0.2479 0.6261
vt 0.2464 0.6264
vt 0.7704 0.6455
vt 0.7742 0.6485
vt 0.7660 0.6582
vt 0.7694 0.6637
vt 0.7679 0.6435
vt 0.7638 0.6546
vt 0.7590 0.6686
vt 0.7621 0.6753
vt 0.7501 0.6773
vt 0.7528 0.6845
vt 0.7570 0.6642
vt 0.7483 0.6726
vt 0.7399 0.6849
vt 0.7421 0.6922
vt 0.7285 0.6908
vt 0.7300 0.6987
vt 0.7384 0.6799
vt 0.7275 0.6856
vt 0.7159 0.6944
vt 0.7164 0.7039
vt 0.7031 0.6961
vt 0.7026 0.7064
vt 0.7156 0.6894
vt 0.7034 0.6913
vt 0.5287 0.1814
vt 0.5233 0.1479
vt 0.5088 0.1833
vt 0.5048 0.1519
vt 0.2615 0.7822
vt 0.2817 0.7824
vt 0.2609 0.8157
vt 0.2803 0.8193
vt 0.2412 0.7820
vt 0.2414 0.8121
vt 0.7187 0.7625
vt 0.7383 0.7497
vt 0.6974 0.7775
vt 0.7178 0.7439
vt 0.6952 0.7623
vt 0.7354 0.7294
vt 0.7547 0.7410
vt 0.7693 0.7322
vt 0.7504 0.7204
vt 0.7634 0.7125
vt 0.7834 0.7192
vt 0.7972 0.7041
vt 0.7747 0.7015
vt 0.7882 0.6850
vt 0.5273 0.6081
vt 0.5159 0.6430
vt 0.5131 0.5978
vt 0.5031 0.6248
vt 0.9607 0.2327
vt 0.9685 0.2313
vt 0.9685 0.1917
vt 0.9622 0.1958
vt 0.9541 0.2341
vt 0.9568 0.1999
vt 0.6878 0.7196
vt 0.6853 0.7383
vt 0.7016 0.7276
vt 0.6749 0.7049
vt 0.6717 0.7100
vt 0.6899 0.7043
vt 0.6776 0.7000
vt 0.7170 0.7224
vt 0.7324 0.7119
vt 0.7459 0.7041
vt 0.7576 0.6964
vt 0.7675 0.6866
vt 0.7753 0.6729
vt 0.7806 0.6537
vt 0.7884 0.6598
vt 0.6448 0.9583
vt 0.6526 0.9507
vt 0.6561 0.9384
vt 0.6470 0.9498
vt 0.6442 0.9676
vt 0.6508 0.9630
vt 0.6371 0.9660
vt 0.6376 0.9723
vt 0.6380 0.9613
vt 0.0572 0.9740
vt 0.0377 0.9612
vt 0.0265 0.9620
vt 0.0504 0.9748
vt 0.0643 0.9732
vt 0.0474 0.9621
vt 0.0828 0.9888
vt 0.0862 0.9858
vt 0.0794 0.9917
vt 0.6468 0.9786
vt 0.6526 0.9751
vt 0.6410 0.9821
vt 0.6458 0.9898
vt 0.0717 0.9726
vt 0.0577 0.9632
vt 0.0793 0.9722
vt 0.0683 0.9645
vt 0.0898 0.9830
vt 0.0933 0.9802
vt 0.9428 0.9263
vt 0.9405 0.9624
vt 0.9500 0.9693
vt 0.9505 0.9300
vt 0.9367 0.9213
vt 0.9317 0.9543
vt 0.9452 0.8902
vt 0.9416 0.8883
vt 0.9509 0.8908
vt 0.4505 0.9276
vt 0.4528 0.9636
vt 0.4825 0.9636
vt 0.4762 0.9278
vt 0.4484 0.8990
vt 0.4708 0.8992
vt 0.0560 0.8788
vt 0.0621 0.8370
vt 0.0509 0.8321
vt 0.0446 0.8756
vt 0.0672 0.8824
vt 0.0731 0.8426
vt 0.0513 0.9118
vt 0.0626 0.9139
vt 0.0397 0.9098
vt 0.0155 0.8698
vt 0.0219 0.8237
vt 0.0136 0.8219
vt 0.0071 0.8685
vt 0.0243 0.8712
vt 0.0307 0.8258
vt 0.0105 0.9059
vt 0.0194 0.9069
vt 0.0021 0.9051
vt 0.0772 0.8862
vt 0.0834 0.8485
vt 0.0866 0.8900
vt 0.0933 0.8545
vt 0.0723 0.9160
vt 0.0813 0.9182
vt 0.0340 0.8731
vt 0.0404 0.8285
vt 0.0291 0.9082
vt 0.6442 0.8904
vt 0.6444 0.9362
vt 0.6325 0.8914
vt 0.6328 0.9384
vt 0.6440 0.8544
vt 0.6324 0.8545
vt 0.6443 0.8100
vt 0.6444 0.8034
vt 0.6328 0.8032
vt 0.6326 0.8097
vt 0.6441 0.8167
vt 0.6325 0.8165
vt 0.6440 0.8240
vt 0.6324 0.8237
vt 0.6440 0.8313
vt 0.6323 0.8310
vt 0.6439 0.8381
vt 0.6323 0.8378
vt 0.0113 0.9506
vt 0.0128 0.9573
vt 0.0203 0.9515
vt 0.0028 0.9500
vt 0.0043 0.9566
vt 0.0101 0.9438
vt 0.0016 0.9431
vt 0.0190 0.9446
vt 0.0092 0.9365
vt 0.0181 0.9373
vt 0.0007 0.9358
vt 0.0087 0.9291
vt 0.0002 0.9284
vt 0.0176 0.9299
vt 0.0087 0.9223
vt 0.0176 0.9232
vt 0.0003 0.9217
vt 0.0301 0.9526
vt 0.0407 0.9539
vt 0.0288 0.9457
vt 0.0393 0.9471
vt 0.0278 0.9384
vt 0.0384 0.9397
vt 0.0273 0.9310
vt 0.0379 0.9324
vt 0.0273 0.9242
vt 0.0379 0.9256
vt 0.0519 0.9556
vt 0.0634 0.9575
vt 0.0505 0.9487
vt 0.0641 0.9529
vt 0.0495 0.9413
vt 0.0603 0.9430
vt 0.0492 0.9339
vt 0.0601 0.9356
vt 0.0494 0.9271
vt 0.0605 0.9288
vt 0.4625 0.8572
vt 0.4627 0.8513
vt 0.4524 0.8524
vt 0.4522 0.8582
vt 0.4720 0.8565
vt 0.4722 0.8506
vt 0.4624 0.8632
vt 0.4719 0.8625
vt 0.4567 0.8655
vt 0.0695 0.9447
vt 0.0699 0.9525
vt 0.0783 0.9543
vt 0.0780 0.9464
vt 0.0694 0.9372
vt 0.0780 0.9388
vt 0.0701 0.9304
vt 0.0788 0.9320
vt 0.4403 0.8596
vt 0.4406 0.8540
vt 0.4409 0.8655
vt 0.4429 0.8720
vt 0.4586 0.8713
vt 0.4453 0.8787
vt 0.4636 0.8785
vt 0.4469 0.8852
vt 0.4671 0.8853
vt 0.9610 0.9313
vt 0.9611 0.9738
vt 0.9609 0.8888
vt 0.9700 0.8979
vt 0.6911 0.6962
vt 0.6918 0.6916
vt 0.6793 0.6955
vt 0.6806 0.6911
vt 0.9500 0.2358
vt 0.9536 0.2040
vt 0.9513 0.2081
vt 0.9472 0.2376
vt 0.3032 0.1155
vt 0.3024 0.1094
vt 0.2835 0.1085
vt 0.2841 0.1189
vt 0.3223 0.1121
vt 0.3214 0.1102
vt 0.3025 0.1248
vt 0.2846 0.1303
vt 0.6320 0.7833
vt 0.6210 0.7831
vt 0.6087 0.8006
vt 0.6225 0.8019
vt 0.6415 0.7647
vt 0.6399 0.7846
vt 0.6437 0.7659
vt 0.6361 0.8032
vt 0.6038 0.7851
vt 0.5830 0.7867
vt 0.5786 0.7973
vt 0.5946 0.7991
vt 0.5611 0.7859
vt 0.5409 0.7828
vt 0.5397 0.7923
vt 0.5592 0.7949
vt 0.5248 0.7778
vt 0.5108 0.7720
vt 0.5091 0.7877
vt 0.5236 0.7900
vt 0.7931 0.8353
vt 0.7784 0.8375
vt 0.7787 0.8482
vt 0.7933 0.8483
vt 0.8071 0.8326
vt 0.8071 0.8484
vt 0.7623 0.8388
vt 0.7447 0.8395
vt 0.7457 0.8482
vt 0.7626 0.8482
vt 0.7252 0.8398
vt 0.7047 0.8399
vt 0.7114 0.8484
vt 0.7286 0.8483
vt 0.5447 0.0115
vt 0.5576 0.0138
vt 0.5573 0.0023
vt 0.5443 0.0012
vt 0.5329 0.0090
vt 0.5323 0.0000
vt 0.5726 0.0156
vt 0.5889 0.0171
vt 0.5886 0.0039
vt 0.5723 0.0032
vt 0.6059 0.0182
vt 0.6230 0.0181
vt 0.6226 0.0045
vt 0.6056 0.0043
vt 0.6395 0.0160
vt 0.6557 0.0129
vt 0.6552 0.0043
vt 0.6391 0.0045
vt 0.2935 0.2420
vt 0.2939 0.2272
vt 0.2854 0.2264
vt 0.2850 0.2412
vt 0.2931 0.2561
vt 0.2846 0.2552
vt 0.2941 0.2110
vt 0.2942 0.1939
vt 0.2857 0.1933
vt 0.2856 0.2102
vt 0.2941 0.1767
vt 0.2953 0.1590
vt 0.2854 0.1595
vt 0.2856 0.1761
vt 0.2990 0.1405
vt 0.2851 0.1441
vt 0.2750 0.6427
vt 0.2664 0.6396
vt 0.2670 0.6411
vt 0.2756 0.6441
vt 0.2742 0.6414
vt 0.2656 0.6383
vt 0.2807 0.6447
vt 0.2799 0.6435
vt 0.2812 0.6461
vt 0.2713 0.6620
vt 0.2748 0.6507
vt 0.2653 0.6481
vt 0.2674 0.6615
vt 0.2752 0.6626
vt 0.2800 0.6522
vt 0.2665 0.6767
vt 0.2686 0.6758
vt 0.2644 0.6775
vt 0.9057 0.2514
vt 0.8972 0.2543
vt 0.8969 0.2560
vt 0.9055 0.2530
vt 0.9046 0.2465
vt 0.8951 0.2491
vt 0.9114 0.2495
vt 0.9098 0.2449
vt 0.9111 0.2510
vt 0.6603 0.2618
vt 0.6605 0.2536
vt 0.6590 0.2535
vt 0.6590 0.2617
vt 0.6617 0.2622
vt 0.6619 0.2540
vt 0.6603 0.2663
vt 0.6617 0.2666
vt 0.6589 0.2661
vt 0.6496 0.2353
vt 0.6492 0.2477
vt 0.6510 0.2477
vt 0.6513 0.2353
vt 0.6479 0.2354
vt 0.6474 0.2477
vt 0.6501 0.2228
vt 0.6486 0.2229
vt 0.6517 0.2228
vt 0.2219 0.6360
vt 0.2106 0.6414
vt 0.2110 0.6435
vt 0.2221 0.6381
vt 0.2365 0.6343
vt 0.2366 0.6363
vt 0.8518 0.2610
vt 0.8404 0.2555
vt 0.8519 0.2589
vt 0.8407 0.2534
vt 0.8663 0.2627
vt 0.8664 0.2607
vt 0.6531 0.2354
vt 0.6529 0.2478
vt 0.6549 0.2478
vt 0.6550 0.2354
vt 0.6534 0.2229
vt 0.6552 0.2229
vt 0.3319 0.1028
vt 0.3348 0.1024
vt 0.3291 0.1029
vt 0.3320 0.0891
vt 0.3293 0.0892
vt 0.3348 0.0888
vt 0.3320 0.0721
vt 0.3347 0.0720
vt 0.3294 0.0722
vt 0.3318 0.0541
vt 0.3293 0.0541
vt 0.3343 0.0541
vt 0.3313 0.0373
vt 0.3337 0.0375
vt 0.3289 0.0372
vt 0.3306 0.0225
vt 0.3283 0.0223
vt 0.3330 0.0229
vt 0.3300 0.0107
vt 0.3322 0.0111
vt 0.3277 0.0105
vt 0.3292 0.0003
vt 0.3271 0.0002
vt 0.3314 0.0007
vt 0.6529 0.2599
vt 0.6530 0.2719
vt 0.6552 0.2717
vt 0.6550 0.2598
vt 0.6509 0.2599
vt 0.6509 0.2721
vt 0.8973 0.1619
vt 0.9097 0.1634
vt 0.9095 0.1610
vt 0.8968 0.1597
vt 0.8981 0.1641
vt 0.9104 0.1661
vt 0.8842 0.1625
vt 0.8853 0.1643
vt 0.8835 0.1607
vt 0.8699 0.1674
vt 0.8686 0.1660
vt 0.8715 0.1686
vt 0.8567 0.1765
vt 0.8589 0.1769
vt 0.8549 0.1757
vt 0.8470 0.1895
vt 0.8448 0.1894
vt 0.8494 0.1892
vt 0.8398 0.2050
vt 0.8421 0.2040
vt 0.8375 0.2057
vt 0.8339 0.2216
vt 0.8318 0.2227
vt 0.8360 0.2202
vt 0.8312 0.2367
vt 0.8328 0.2350
vt 0.8296 0.2381
vt 0.8334 0.2477
vt 0.8325 0.2494
vt 0.8344 0.2457
vt 0.2673 0.7354
vt 0.2798 0.7339
vt 0.2804 0.7313
vt 0.2681 0.7331
vt 0.2670 0.7376
vt 0.2796 0.7364
vt 0.2543 0.7347
vt 0.2535 0.7366
vt 0.2554 0.7329
vt 0.2399 0.7298
vt 0.2416 0.7285
vt 0.2386 0.7312
vt 0.2267 0.7206
vt 0.2248 0.7215
vt 0.2290 0.7201
vt 0.2170 0.7075
vt 0.2195 0.7078
vt 0.2148 0.7077
vt 0.2098 0.6919
vt 0.2075 0.6913
vt 0.2123 0.6929
vt 0.2040 0.6753
vt 0.2062 0.6767
vt 0.2019 0.6743
vt 0.2013 0.6602
vt 0.1997 0.6589
vt 0.2030 0.6619
vt 0.2036 0.6492
vt 0.2046 0.6511
vt 0.2026 0.6475
vt 0.3264 0.1026
vt 0.3238 0.1021
vt 0.3267 0.0889
vt 0.3242 0.0885
vt 0.3269 0.0720
vt 0.3245 0.0717
vt 0.3269 0.0540
vt 0.3245 0.0539
vt 0.3266 0.0372
vt 0.3243 0.0374
vt 0.3261 0.0225
vt 0.3240 0.0229
vt 0.3256 0.0107
vt 0.3236 0.0110
vt 0.3251 0.0003
vt 0.3232 0.0006
vt 0.6490 0.2599
vt 0.6489 0.2719
vt 0.6472 0.2597
vt 0.6470 0.2716
vt 0.6492 0.7624
vt 0.6493 0.7648
vt 0.6494 0.7598
vt 0.6593 0.7638
vt 0.6594 0.7614
vt 0.6593 0.7662
vt 0.9923 0.9001
vt 0.9921 0.8858
vt 0.9898 0.8858
vt 0.9900 0.9003
vt 0.9946 0.9000
vt 0.9946 0.8857
vt 0.9924 0.9148
vt 0.9947 0.9147
vt 0.9903 0.9151
vt 0.9927 0.9301
vt 0.9906 0.9305
vt 0.9948 0.9299
vt 0.9930 0.9459
vt 0.9950 0.9456
vt 0.9910 0.9463
vt 0.9933 0.9619
vt 0.9914 0.9623
vt 0.9953 0.9617
vt 0.9936 0.9780
vt 0.9955 0.9778
vt 0.9918 0.9784
vt 0.2466 0.5944
vt 0.2467 0.5850
vt 0.2449 0.5852
vt 0.2449 0.5947
vt 0.2484 0.5944
vt 0.2486 0.5850
vt 0.6499 0.7571
vt 0.6507 0.7543
vt 0.6599 0.7588
vt 0.6606 0.7560
vt 0.9972 0.9001
vt 0.9972 0.8857
vt 0.9998 0.9001
vt 1.0000 0.8856
vt 0.9971 0.9148
vt 0.9997 0.9150
vt 0.9972 0.9301
vt 0.9996 0.9304
vt 0.9973 0.9459
vt 0.9996 0.9463
vt 0.9974 0.9619
vt 0.9997 0.9623
vt 0.9976 0.9780
vt 0.9997 0.9784
vt 0.2504 0.5945
vt 0.2507 0.5851
vt 0.2524 0.5949
vt 0.2528 0.5854
vt 0.8972 0.1577
vt 0.9102 0.1589
vt 0.9115 0.1571
vt 0.8979 0.1557
vt 0.8833 0.1587
vt 0.8835 0.1565
vt 0.8680 0.1642
vt 0.8676 0.1621
vt 0.8536 0.1742
vt 0.8528 0.1724
vt 0.8430 0.1887
vt 0.8414 0.1876
vt 0.8354 0.2057
vt 0.8333 0.2053
vt 0.8299 0.2230
vt 0.8281 0.2230
vt 0.8281 0.2387
vt 0.8268 0.2389
vt 0.8314 0.2506
vt 0.8302 0.2515
vt 0.2673 0.7396
vt 0.2804 0.7384
vt 0.2681 0.7416
vt 0.2817 0.7402
vt 0.2535 0.7386
vt 0.2537 0.7407
vt 0.2380 0.7331
vt 0.2379 0.7352
vt 0.2237 0.7230
vt 0.2230 0.7248
vt 0.2130 0.7084
vt 0.2116 0.7095
vt 0.2054 0.6914
vt 0.2034 0.6917
vt 0.2000 0.6740
vt 0.1982 0.6740
vt 0.1983 0.6583
vt 0.1969 0.6581
vt 0.2015 0.6463
vt 0.2004 0.6455
vt 0.6793 0.2577
vt 0.6795 0.2529
vt 0.6782 0.2531
vt 0.6778 0.2578
vt 0.6808 0.2576
vt 0.6808 0.2528
vt 0.6790 0.2591
vt 0.6808 0.2591
vt 0.6772 0.2592
vt 0.6824 0.2577
vt 0.6823 0.2529
vt 0.6841 0.2579
vt 0.6838 0.2532
vt 0.6826 0.2591
vt 0.6845 0.2592
vt 0.6605 0.2688
vt 0.6607 0.2704
vt 0.6625 0.2704
vt 0.6620 0.2690
vt 0.6589 0.2687
vt 0.6589 0.2704
vt 0.6573 0.2689
vt 0.6571 0.2705
vt 0.6556 0.2691
vt 0.6552 0.2705
vt 0.6575 0.2663
vt 0.6560 0.2667
vt 0.2759 0.6457
vt 0.2673 0.6428
vt 0.2815 0.6477
vt 0.6575 0.2619
vt 0.6575 0.2537
vt 0.6560 0.2541
vt 0.6560 0.2623
vt 0.9049 0.2544
vt 0.8963 0.2575
vt 0.8955 0.2588
vt 0.9041 0.2557
vt 0.9106 0.2524
vt 0.9098 0.2537
vt 0.9010 0.2351
vt 0.9049 0.2346
vt 0.8972 0.2356
vt 0.8963 0.2205
vt 0.8942 0.2196
vt 0.8984 0.2213
vt 0.5039 0.5401
vt 0.5036 0.5218
vt 0.5021 0.5217
vt 0.5025 0.5400
vt 0.5053 0.5401
vt 0.5051 0.5218
vt 0.5042 0.5584
vt 0.5055 0.5584
vt 0.5029 0.5583
vt 0.8818 0.2626
vt 0.8810 0.2640
vt 0.8825 0.2610
vt 0.6576 0.2399
vt 0.6576 0.2232
vt 0.6558 0.2236
vt 0.6559 0.2403
vt 0.6592 0.2396
vt 0.6593 0.2230
vt 0.2529 0.6378
vt 0.2531 0.6396
vt 0.2525 0.6360
vt 0.6607 0.2398
vt 0.6609 0.2232
vt 0.6621 0.2402
vt 0.6625 0.2237
vt 0.8827 0.2593
vt 0.8828 0.2574
vt 0.5069 0.5401
vt 0.5068 0.5218
vt 0.5085 0.5400
vt 0.5085 0.5217
vt 0.5070 0.5584
vt 0.5085 0.5584
vt 0.2519 0.6345
vt 0.2511 0.6330
vt 0.6822 0.2250
vt 0.6821 0.2231
vt 0.6807 0.2230
vt 0.6808 0.2248
vt 0.6837 0.2253
vt 0.6836 0.2234
vt 0.6822 0.2301
vt 0.6837 0.2304
vt 0.6808 0.2299
vt 0.6795 0.2250
vt 0.6793 0.2231
vt 0.6781 0.2233
vt 0.6782 0.2252
vt 0.6796 0.2300
vt 0.6784 0.2303
vt 0.6883 0.2536
vt 0.6883 0.2670
vt 0.6898 0.2669
vt 0.6898 0.2535
vt 0.6868 0.2539
vt 0.6868 0.2673
vt 0.6883 0.2401
vt 0.6868 0.2404
vt 0.6898 0.2400
vt 0.6796 0.2415
vt 0.6809 0.2414
vt 0.6784 0.2418
vt 0.6911 0.2536
vt 0.6911 0.2671
vt 0.6924 0.2673
vt 0.6924 0.2539
vt 0.6911 0.2402
vt 0.6924 0.2404
vt 0.6822 0.2416
vt 0.6837 0.2418
vt 0.5792 0.8633
vt 0.5796 0.8814
vt 0.6132 0.8752
vt 0.6054 0.8542
vt 0.5529 0.8724
vt 0.5410 0.8846
vt 0.5789 0.8529
vt 0.5601 0.8636
vt 0.6022 0.8410
vt 0.8493 0.6042
vt 0.8484 0.6199
vt 0.8212 0.5958
vt 0.8188 0.6106
vt 0.8525 0.5834
vt 0.8272 0.5772
vt 0.2625 0.8417
vt 0.2763 0.8513
vt 0.2639 0.8619
vt 0.2720 0.8763
vt 0.2488 0.8321
vt 0.2566 0.8416
vt 0.6689 0.2560
vt 0.6685 0.2645
vt 0.6745 0.2707
vt 0.6745 0.2604
vt 0.6634 0.2517
vt 0.6625 0.2583
vt 0.6694 0.2476
vt 0.6642 0.2451
vt 0.6745 0.2501
vt 0.2624 0.8780
vt 0.2699 0.8918
vt 0.2578 0.8856
vt 0.2660 0.8979
vt 0.2560 0.8631
vt 0.2475 0.8703
vt 0.2183 0.9477
vt 0.2168 0.9657
vt 0.2229 0.9688
vt 0.2242 0.9526
vt 0.2123 0.9420
vt 0.2109 0.9627
vt 0.2197 0.9297
vt 0.2138 0.9213
vt 0.2254 0.9364
vt 0.8037 0.5843
vt 0.7992 0.5959
vt 0.7917 0.5711
vt 0.7845 0.5784
vt 0.8116 0.5698
vt 0.8009 0.5618
vt 0.2521 0.8461
vt 0.2578 0.8403
vt 0.2465 0.8520
vt 0.2495 0.8281
vt 0.2432 0.8227
vt 0.2558 0.8335
vt 0.5833 0.9090
vt 0.6224 0.9059
vt 0.5489 0.9135
vt 0.8603 0.5523
vt 0.8404 0.5508
vt 0.8703 0.5161
vt 0.8572 0.5206
vt 0.5136 0.9792
vt 0.5080 0.9782
vt 0.5128 0.9907
vt 0.5175 0.9923
vt 0.5118 0.9664
vt 0.5058 0.9659
vt 0.5193 0.9802
vt 0.5179 0.9669
vt 0.5222 0.9938
vt 0.5142 0.9539
vt 0.5090 0.9537
vt 0.5193 0.9540
vt 0.8260 0.5496
vt 0.8143 0.5485
vt 0.8436 0.5265
vt 0.8298 0.5331
vt 0.2299 0.9560
vt 0.2292 0.9719
vt 0.2357 0.9750
vt 0.2357 0.9586
vt 0.2307 0.9401
vt 0.2357 0.9423
vt 0.5240 0.9207
vt 0.5240 0.9002
vt 0.5037 0.9292
vt 0.5044 0.9173
vt 0.5759 0.8487
vt 0.5878 0.8384
vt 0.5827 0.8309
vt 0.5724 0.8466
vt 0.5629 0.8586
vt 0.5618 0.8580
vt 0.5974 0.8274
vt 0.6059 0.8161
vt 0.5964 0.8032
vt 0.5880 0.8213
vt 0.6068 0.8335
vt 0.6154 0.8290
vt 0.2500 0.8806
vt 0.2440 0.8665
vt 0.2561 0.8946
vt 0.2407 0.8691
vt 0.2432 0.8866
vt 0.2382 0.8516
vt 0.5279 0.0959
vt 0.5389 0.0992
vt 0.5352 0.0613
vt 0.5225 0.0701
vt 0.5282 0.1164
vt 0.5170 0.0926
vt 0.5197 0.1038
vt 0.5098 0.0789
vt 0.5182 0.1261
vt 0.5030 0.1304
vt 0.5132 0.1100
vt 0.5022 0.1138
vt 0.5706 0.8430
vt 0.5696 0.8385
vt 0.5509 0.8690
vt 0.5572 0.8622
vt 0.5839 0.8237
vt 0.5883 0.8081
vt 0.8407 0.8174
vt 0.8380 0.8510
vt 0.8666 0.8484
vt 0.8671 0.8178
vt 0.8453 0.7827
vt 0.8691 0.7854
vt 0.8967 0.8215
vt 0.8984 0.8510
vt 0.8958 0.7896
vt 0.8730 0.6706
vt 0.8634 0.7083
vt 0.8804 0.7108
vt 0.8870 0.6727
vt 0.8824 0.6329
vt 0.8939 0.6346
vt 0.9033 0.6755
vt 0.8991 0.7141
vt 0.9083 0.6370
vt 0.8966 0.7529
vt 0.8739 0.7491
vt 0.8535 0.7460
vt 0.3919 0.8900
vt 0.3667 0.8732
vt 0.3676 0.8824
vt 0.3923 0.9119
vt 0.4171 0.9068
vt 0.4171 0.9415
vt 0.9142 0.6030
vt 0.8849 0.6176
vt 0.9152 0.5817
vt 0.8867 0.6086
vt 0.9436 0.5885
vt 0.9436 0.5548
vt 0.4538 0.8172
vt 0.4466 0.8393
vt 0.4611 0.8506
vt 0.4799 0.8317
vt 0.4599 0.7937
vt 0.4941 0.8106
vt 0.1509 0.3571
vt 0.1566 0.3438
vt 0.1497 0.3504
vt 0.1428 0.3602
vt 0.1591 0.3540
vt 0.1635 0.3373
vt 0.1451 0.3688
vt 0.1536 0.3693
vt 0.1367 0.3683
vt 0.4638 0.7678
vt 0.4988 0.7851
vt 0.4667 0.7405
vt 0.4988 0.7574
vt 0.8832 0.0902
vt 0.8818 0.0683
vt 0.9361 0.0887
vt 0.9271 0.0648
vt 0.8851 0.1142
vt 0.9424 0.1110
vt 0.7980 0.9257
vt 0.8089 0.9165
vt 0.8042 0.8681
vt 0.7951 0.8943
vt 0.7970 0.9695
vt 0.7871 0.9349
vt 0.7850 0.9545
vt 0.7860 0.9205
vt 0.8855 0.1350
vt 0.9450 0.1328
vt 0.8850 0.1542
vt 0.9457 0.1542
vt 0.1828 0.4985
vt 0.1697 0.5201
vt 0.1977 0.4946
vt 0.1889 0.5281
vt 0.2001 0.5272
vt 0.1759 0.5371
vt 0.7226 0.5677
vt 0.7220 0.5824
vt 0.6617 0.5113
vt 0.6606 0.5333
vt 0.7266 0.5523
vt 0.6695 0.4827
vt 0.2238 0.4700
vt 0.2218 0.5040
vt 0.2497 0.5685
vt 0.2482 0.5288
vt 0.2262 0.4301
vt 0.2435 0.4732
vt 0.2333 0.3904
vt 0.2482 0.4183
vt 0.2427 0.3506
vt 0.2575 0.3640
vt 0.7129 0.4255
vt 0.6908 0.4406
vt 0.7077 0.4730
vt 0.7321 0.3866
vt 0.7143 0.3910
vt 0.7356 0.4201
vt 0.7488 0.3866
vt 0.7315 0.4619
vt 0.7373 0.5357
vt 0.7519 0.5216
vt 0.7594 0.4341
vt 0.7574 0.4686
vt 0.7657 0.4020
vt 0.7679 0.5138
vt 0.7446 0.3497
vt 0.7560 0.3520
vt 0.7382 0.3450
vt 0.7541 0.3236
vt 0.7479 0.3274
vt 0.7593 0.3333
vt 0.7408 0.3255
vt 0.7286 0.3398
vt 0.7497 0.3046
vt 0.7406 0.2989
vt 0.7528 0.3161
vt 0.7560 0.3090
vt 0.7622 0.2960
vt 0.7569 0.2803
vt 0.7654 0.3090
vt 0.7682 0.3643
vt 0.7676 0.3321
vt 0.7643 0.3167
vt 0.8759 0.0162
vt 0.8791 0.0267
vt 0.8849 0.0294
vt 0.8926 0.0231
vt 0.8610 0.0187
vt 0.8750 0.0281
vt 0.8726 0.0058
vt 0.9002 0.0169
vt 0.8832 0.0539
vt 0.8860 0.0431
vt 0.8793 0.0407
vt 0.8625 0.0481
vt 0.9021 0.0502
vt 0.8911 0.0415
vt 0.9033 0.0372
vt 0.8898 0.0356
vt 0.9168 0.0388
vt 0.8558 0.0329
vt 0.8753 0.0342
vt 0.6428 0.5295
vt 0.6473 0.5417
vt 0.6537 0.5387
vt 0.6474 0.5248
vt 0.6381 0.5343
vt 0.6408 0.5447
vt 0.6341 0.5195
vt 0.6317 0.5255
vt 0.6366 0.5134
vt 0.6505 0.5548
vt 0.6532 0.5684
vt 0.6606 0.5708
vt 0.6577 0.5543
vt 0.6434 0.5553
vt 0.6458 0.5660
vt 0.6401 0.2390
vt 0.6401 0.2234
vt 0.6334 0.2240
vt 0.6334 0.2393
vt 0.6469 0.2387
vt 0.6467 0.2228
vt 0.6402 0.2546
vt 0.6470 0.2546
vt 0.6334 0.2546
vt 0.2237 0.9102
vt 0.2233 0.9202
vt 0.2315 0.9213
vt 0.2325 0.9127
vt 0.2148 0.9076
vt 0.2151 0.9190
vt 0.2246 0.9009
vt 0.2153 0.8977
vt 0.2338 0.9041
vt 0.2236 0.7821
vt 0.2229 0.7972
vt 0.2324 0.7982
vt 0.2326 0.7829
vt 0.2145 0.7812
vt 0.2133 0.7962
vt 0.2249 0.7664
vt 0.2157 0.7653
vt 0.2340 0.7674
vt 0.9826 0.0111
vt 0.9810 0.0005
vt 0.9743 0.0009
vt 0.9759 0.0119
vt 0.9893 0.0104
vt 0.9877 0.0000
vt 0.9835 0.0247
vt 0.9903 0.0236
vt 0.9767 0.0257
vt 0.2265 0.8932
vt 0.2357 0.8953
vt 0.2173 0.8911
vt 0.2280 0.8837
vt 0.2189 0.8828
vt 0.2372 0.8845
vt 0.1392 0.3773
vt 0.1324 0.3731
vt 0.1460 0.3816
vt 0.1297 0.3840
vt 0.1343 0.3914
vt 0.1251 0.3766
vt 0.0086 0.4383
vt 0.0152 0.4302
vt 0.0135 0.4217
vt 0.0053 0.4304
vt 0.0125 0.4439
vt 0.0186 0.4363
vt 0.0113 0.4571
vt 0.0179 0.4651
vt 0.0060 0.4511
vt 0.0287 0.4232
vt 0.0423 0.4172
vt 0.0407 0.4077
vt 0.0275 0.4145
vt 0.0299 0.4319
vt 0.0438 0.4267
vt 0.5346 0.4826
vt 0.5470 0.4873
vt 0.5465 0.4793
vt 0.5357 0.4762
vt 0.5336 0.4890
vt 0.5476 0.4953
vt 0.5226 0.4769
vt 0.5195 0.4828
vt 0.5257 0.4711
vt 0.9832 0.1343
vt 0.9818 0.1210
vt 0.9748 0.1224
vt 0.9768 0.1375
vt 0.9896 0.1311
vt 0.9887 0.1197
vt 0.9849 0.1504
vt 0.9909 0.1447
vt 0.9788 0.1560
vt 0.5296 0.4157
vt 0.5187 0.4522
vt 0.5244 0.4458
vt 0.5363 0.4114
vt 0.5229 0.4199
vt 0.5130 0.4587
vt 0.5492 0.3808
vt 0.5434 0.3807
vt 0.5549 0.3810
vt 0.5169 0.4697
vt 0.5214 0.4633
vt 0.5123 0.4762
vt 0.0177 0.4453
vt 0.0188 0.4366
vt 0.0236 0.4444
vt 0.0249 0.4350
vt 0.0166 0.4539
vt 0.0223 0.4538
vt 0.2265 0.7552
vt 0.2358 0.7572
vt 0.2172 0.7533
vt 0.2283 0.7463
vt 0.2188 0.7431
vt 0.2378 0.7496
vt 0.2714 0.9450
vt 0.2716 0.9066
vt 0.2634 0.9106
vt 0.2629 0.9472
vt 0.2799 0.9429
vt 0.2799 0.9026
vt 0.2711 0.9834
vt 0.2799 0.9831
vt 0.2624 0.9837
vt 0.9892 0.3220
vt 0.9897 0.3694
vt 0.9955 0.3709
vt 0.9955 0.3219
vt 0.9830 0.3220
vt 0.9840 0.3679
vt 0.9888 0.2745
vt 0.9820 0.2761
vt 0.9955 0.2730
vt 0.9849 0.5685
vt 0.9850 0.5145
vt 0.9761 0.5168
vt 0.9759 0.5677
vt 0.9939 0.5694
vt 0.9939 0.5122
vt 0.9847 0.6226
vt 0.9939 0.6265
vt 0.9756 0.6186
vt 0.0258 0.4966
vt 0.0185 0.4944
vt 0.0330 0.4988
vt 0.0499 0.5349
vt 0.0567 0.5322
vt 0.0431 0.5375
vt 0.5314 0.9597
vt 0.5316 0.9469
vt 0.5230 0.9414
vt 0.5226 0.9564
vt 0.5402 0.9631
vt 0.5402 0.9524
vt 0.5313 0.9715
vt 0.5400 0.9725
vt 0.5225 0.9704
vt 0.0818 0.5504
vt 0.0797 0.5576
vt 0.0839 0.5431
vt 0.1116 0.5563
vt 0.1048 0.5408
vt 0.1127 0.5666
vt 0.5771 0.3685
vt 0.5781 0.3753
vt 0.5761 0.3617
vt 0.6060 0.3642
vt 0.6078 0.3522
vt 0.6043 0.3762
vt 0.9881 0.4668
vt 0.9879 0.4919
vt 0.9938 0.4950
vt 0.9938 0.4702
vt 0.9824 0.4635
vt 0.9820 0.4888
vt 0.9883 0.4418
vt 0.9829 0.4382
vt 0.9938 0.4453
vt 0.5312 0.9810
vt 0.5228 0.9825
vt 0.5396 0.9794
vt 0.5311 0.9893
vt 0.5389 0.9851
vt 0.5233 0.9936
vt 0.1292 0.5661
vt 0.1266 0.5761
vt 0.1315 0.5571
vt 0.1373 0.5786
vt 0.1446 0.5727
vt 0.1292 0.5853
vt 0.6287 0.3536
vt 0.6320 0.3658
vt 0.6254 0.3414
vt 0.6427 0.3373
vt 0.6326 0.3293
vt 0.6528 0.3453
vt 0.1334 0.5500
vt 0.1096 0.5351
vt 0.1350 0.5439
vt 0.1064 0.5277
vt 0.1506 0.5681
vt 0.1558 0.5643
vt 0.5673 0.2824
vt 0.5779 0.2838
vt 0.5682 0.2757
vt 0.5546 0.2740
vt 0.5800 0.2909
vt 0.5876 0.2918
vt 0.5655 0.2824
vt 0.5780 0.2919
vt 0.5530 0.2730
vt 0.1384 0.5929
vt 0.1286 0.5934
vt 0.1474 0.5926
vt 0.1302 0.6058
vt 0.1385 0.6179
vt 0.1229 0.6007
vt 0.6458 0.3163
vt 0.6582 0.3164
vt 0.6334 0.3162
vt 0.6347 0.2974
vt 0.6254 0.3044
vt 0.6440 0.2905
vt 0.1547 0.5928
vt 0.1613 0.5931
vt 0.1524 0.6206
vt 0.1590 0.6262
vt 0.1734 0.6041
vt 0.1744 0.6184
vt 0.1815 0.6104
vt 0.1815 0.5977
vt 0.1654 0.6105
vt 0.1673 0.6264
vt 0.1725 0.5897
vt 0.1635 0.5946
vt 0.1815 0.5849
vt 0.9896 0.8700
vt 0.9896 0.8578
vt 0.9839 0.8509
vt 0.9842 0.8614
vt 0.9950 0.8785
vt 0.9952 0.8648
vt 0.9894 0.8717
vt 0.9948 0.8803
vt 0.9840 0.8632
vt 0.2557 0.5940
vt 0.2540 0.5946
vt 0.2547 0.6030
vt 0.2561 0.6026
vt 0.2554 0.5855
vt 0.2533 0.5861
vt 0.2575 0.5935
vt 0.2575 0.5849
vt 0.2575 0.6022
vt 0.0823 0.6199
vt 0.0903 0.6189
vt 0.0982 0.6127
vt 0.0926 0.6132
vt 0.0719 0.6266
vt 0.0823 0.6252
vt 0.0803 0.6190
vt 0.0701 0.6266
vt 0.0904 0.6115
vt 0.1102 0.6143
vt 0.1105 0.6078
vt 0.1098 0.6208
vt 0.6112 0.2507
vt 0.6108 0.2715
vt 0.6187 0.2711
vt 0.6187 0.2469
vt 0.6038 0.2546
vt 0.6028 0.2719
vt 0.6117 0.2300
vt 0.6047 0.2372
vt 0.6187 0.2228
vt 0.9890 0.8249
vt 0.9882 0.7814
vt 0.9811 0.7860
vt 0.9827 0.8228
vt 0.9952 0.8269
vt 0.9952 0.7769
vt 0.6062 0.2877
vt 0.6060 0.2791
vt 0.6064 0.2962
vt 0.9374 0.4018
vt 0.9464 0.4931
vt 0.9609 0.4718
vt 0.9525 0.3900
vt 0.9224 0.4136
vt 0.9320 0.5143
vt 0.9306 0.3304
vt 0.9161 0.3348
vt 0.9482 0.3264
vt 0.1210 0.0743
vt 0.0102 0.1089
vt 0.0089 0.1221
vt 0.1198 0.0881
vt 0.1205 0.0608
vt 0.0098 0.0958
vt 0.2071 0.0474
vt 0.2070 0.0346
vt 0.2055 0.0606
vt 0.7840 0.8878
vt 0.7898 0.8592
vt 0.7707 0.8700
vt 0.7689 0.8938
vt 0.7782 0.9165
vt 0.7672 0.9177
vt 0.5575 0.2478
vt 0.5559 0.2696
vt 0.5706 0.2714
vt 0.5706 0.2471
vt 0.5444 0.2486
vt 0.5413 0.2678
vt 0.5591 0.2261
vt 0.5476 0.2294
vt 0.5706 0.2228
vt 0.2159 0.5262
vt 0.2358 0.5755
vt 0.2080 0.5426
vt 0.2142 0.5661
vt 0.5252 0.2416
vt 0.5413 0.2460
vt 0.5092 0.2371
vt 0.5287 0.2248
vt 0.5162 0.2268
vt 0.5413 0.2228
vt 0.2444 0.0161
vt 0.2037 0.0223
vt 0.2454 0.0261
vt 0.2420 0.0062
vt 0.1988 0.0103
vt 0.2593 0.0223
vt 0.2602 0.0148
vt 0.2575 0.0295
vt 0.9461 0.2894
vt 0.9525 0.2991
vt 0.9609 0.2900
vt 0.9525 0.2815
vt 0.9383 0.2957
vt 0.9398 0.2797
vt 0.9345 0.2848
vt 0.9442 0.2730
vt 0.4050 0.3264
vt 0.5007 0.2860
vt 0.4929 0.2730
vt 0.3986 0.3128
vt 0.4103 0.3393
vt 0.5057 0.2989
vt 0.3307 0.3598
vt 0.3139 0.3852
vt 0.3253 0.3471
vt 0.9484 0.7897
vt 0.9481 0.8746
vt 0.9644 0.8856
vt 0.9644 0.7954
vt 0.9325 0.7841
vt 0.9317 0.8636
vt 0.9484 0.7208
vt 0.9336 0.7192
vt 0.9631 0.7223
vt 0.4137 0.3510
vt 0.5050 0.3114
vt 0.4161 0.3621
vt 0.5015 0.3238
vt 0.3224 0.3906
vt 0.3306 0.4004
vt 0.1164 0.0478
vt 0.0058 0.0830
vt 0.1106 0.0352
vt 0.0000 0.0703
vt 0.2933 0.4074
vt 0.2930 0.3928
vt 0.2869 0.3878
vt 0.2866 0.4058
vt 0.2999 0.4084
vt 0.2996 0.3951
vt 0.3108 0.4257
vt 0.3205 0.4270
vt 0.3037 0.4266
vt 0.2665 0.5878
vt 0.2675 0.5943
vt 0.2756 0.5938
vt 0.2746 0.5868
vt 0.2584 0.5887
vt 0.2594 0.5949
vt 0.2658 0.5669
vt 0.2578 0.5681
vt 0.2751 0.5826
vt 0.2438 0.0361
vt 0.2408 0.0462
vt 0.2539 0.0360
vt 0.2492 0.0423
vt 0.9279 0.2986
vt 0.9160 0.3000
vt 0.9272 0.2868
vt 0.9191 0.2871
vt 0.2994 0.3794
vt 0.2939 0.3702
vt 0.3049 0.3887
vt 0.9475 0.6837
vt 0.9594 0.6838
vt 0.9357 0.6837
vt 0.9463 0.6641
vt 0.9373 0.6642
vt 0.9553 0.6639
vt 0.2019 0.2180
vt 0.2215 0.1705
vt 0.2145 0.1701
vt 0.1951 0.2178
vt 0.2079 0.2177
vt 0.2281 0.1700
vt 0.1864 0.2532
vt 0.1930 0.2647
vt 0.1800 0.2513
vt 0.2126 0.2164
vt 0.2339 0.1678
vt 0.2165 0.2147
vt 0.2392 0.1648
vt 0.1915 0.2606
vt 0.1937 0.2603
vt 0.9453 0.6475
vt 0.9533 0.6470
vt 0.9372 0.6479
vt 0.9443 0.6323
vt 0.9362 0.6331
vt 0.9523 0.6315
vt 0.3063 0.4083
vt 0.3022 0.3985
vt 0.3127 0.4077
vt 0.3088 0.4005
vt 0.3104 0.4181
vt 0.3166 0.4150
vt 0.2697 0.0338
vt 0.2656 0.0389
vt 0.2732 0.0282
vt 0.2702 0.0601
vt 0.2754 0.0556
vt 0.2646 0.0637
vt 0.2601 0.0428
vt 0.2540 0.0461
vt 0.2579 0.0657
vt 0.2508 0.0669
vt 0.5935 0.2485
vt 0.5906 0.2386
vt 0.5831 0.2395
vt 0.5869 0.2492
vt 0.6002 0.2478
vt 0.5981 0.2376
vt 0.5973 0.2609
vt 0.6028 0.2606
vt 0.5917 0.2613
vt 0.1780 0.2727
vt 0.1727 0.2720
vt 0.1860 0.2768
vt 0.1730 0.2844
vt 0.1812 0.2887
vt 0.1683 0.2820
vt 0.2658 0.4066
vt 0.2657 0.4579
vt 0.2728 0.4581
vt 0.2729 0.4068
vt 0.2577 0.4071
vt 0.2577 0.4586
vt 0.2659 0.3702
vt 0.2578 0.3705
vt 0.2741 0.3553
vt 0.4599 0.4986
vt 0.4114 0.4761
vt 0.4046 0.4799
vt 0.4547 0.5020
vt 0.4652 0.4952
vt 0.4181 0.4723
vt 0.5051 0.5194
vt 0.5085 0.5171
vt 0.5018 0.5217
vt 0.9729 0.8037
vt 0.9731 0.7517
vt 0.9652 0.7501
vt 0.9648 0.8019
vt 0.9810 0.8054
vt 0.9810 0.7533
vt 0.9727 0.8525
vt 0.9811 0.8542
vt 0.9644 0.8508
vt 0.2783 0.4083
vt 0.2782 0.4601
vt 0.2827 0.4630
vt 0.2827 0.4105
vt 0.2785 0.3697
vt 0.2829 0.3712
vt 0.2783 0.5199
vt 0.2784 0.5837
vt 0.2832 0.5876
vt 0.2829 0.5233
vt 0.2728 0.5176
vt 0.9731 0.6936
vt 0.9730 0.6324
vt 0.9650 0.6315
vt 0.9651 0.6923
vt 0.9810 0.6949
vt 0.9811 0.6333
vt 0.3559 0.4502
vt 0.3487 0.4531
vt 0.3631 0.4473
vt 0.2656 0.5175
vt 0.2576 0.5185
vt 0.2557 0.1102
vt 0.2495 0.1130
vt 0.2615 0.1065
vt 0.2426 0.1140
vt 0.2353 0.1140
vt 0.2769 0.6115
vt 0.2738 0.6128
vt 0.2730 0.6215
vt 0.2765 0.6235
vt 0.2773 0.5995
vt 0.2746 0.6041
vt 0.2800 0.6102
vt 0.2800 0.5949
vt 0.2800 0.6255
vt 0.5875 0.2272
vt 0.5867 0.2230
vt 0.5706 0.2228
vt 0.5754 0.2277
vt 0.5997 0.2267
vt 0.6028 0.2232
vt 0.5884 0.2309
vt 0.5974 0.2300
vt 0.5793 0.2319
vt 0.9483 0.6051
vt 0.9484 0.6233
vt 0.9541 0.6204
vt 0.9540 0.6024
vt 0.9437 0.6081
vt 0.9436 0.6265
vt 0.9485 0.5838
vt 0.9441 0.5865
vt 0.9538 0.5814
vt 0.9254 0.2437
vt 0.9239 0.2623
vt 0.9320 0.2647
vt 0.9333 0.2459
vt 0.9181 0.2428
vt 0.9167 0.2613
vt 0.9269 0.2223
vt 0.9197 0.2216
vt 0.9342 0.2244
vt 0.2788 0.3493
vt 0.2830 0.3504
vt 0.2745 0.3483
vt 0.2791 0.3381
vt 0.2750 0.3373
vt 0.2832 0.3389
vt 0.9388 0.2487
vt 0.9381 0.2676
vt 0.9432 0.2708
vt 0.9432 0.2518
vt 0.9391 0.2270
vt 0.9429 0.2298
vt 0.9210 0.1614
vt 0.9201 0.1730
vt 0.9233 0.1720
vt 0.9238 0.1605
vt 0.9192 0.1630
vt 0.9180 0.1747
vt 0.9211 0.1557
vt 0.9195 0.1573
vt 0.9237 0.1548
vt 0.2671 0.3308
vt 0.2573 0.3249
vt 0.2563 0.3290
vt 0.2662 0.3345
vt 0.2691 0.3259
vt 0.2584 0.3179
vt 0.2720 0.3337
vt 0.2740 0.3289
vt 0.2711 0.3373
vt 0.2351 0.5881
vt 0.2256 0.5881
vt 0.2256 0.5919
vt 0.2352 0.5919
vt 0.2349 0.5849
vt 0.2254 0.5850
vt 0.2447 0.5881
vt 0.2444 0.5849
vt 0.2447 0.5919
vt 0.9887 0.1767
vt 0.9849 0.1575
vt 0.9736 0.1560
vt 0.9803 0.1754
vt 0.9970 0.1779
vt 0.9963 0.1590
vt 0.9917 0.1988
vt 0.9975 0.1999
vt 0.9858 0.1978
vt 0.9616 0.6004
vt 0.9619 0.6181
vt 0.9692 0.6173
vt 0.9687 0.5997
vt 0.9610 0.5797
vt 0.9678 0.5792
vt 0.9140 0.2439
vt 0.9132 0.2625
vt 0.9115 0.2461
vt 0.9115 0.2647
vt 0.9154 0.2227
vt 0.9124 0.2248
vt 0.9729 0.6009
vt 0.9732 0.6186
vt 0.9756 0.6209
vt 0.9756 0.6032
vt 0.9719 0.5804
vt 0.9747 0.5826
vt 0.1983 0.2862
vt 0.1949 0.2957
vt 0.2018 0.2767
vt 0.2153 0.2990
vt 0.2172 0.2926
vt 0.2135 0.3055
vt 0.2068 0.5888
vt 0.2072 0.5936
vt 0.2106 0.5943
vt 0.2102 0.5895
vt 0.2039 0.5879
vt 0.2043 0.5926
vt 0.2062 0.5857
vt 0.2034 0.5849
vt 0.2096 0.5864
vt 0.2148 0.5898
vt 0.2152 0.5946
vt 0.2195 0.5945
vt 0.2191 0.5897
vt 0.2142 0.5866
vt 0.2185 0.5864
vt 0.2218 0.5891
vt 0.2222 0.5939
vt 0.2240 0.5931
vt 0.2236 0.5883
vt 0.2212 0.5859
vt 0.2230 0.5851
vt 0.9285 0.1607
vt 0.9286 0.1723
vt 0.9341 0.1736
vt 0.9336 0.1618
vt 0.9281 0.1550
vt 0.9329 0.1560
vt 0.2340 0.6047
vt 0.2245 0.6047
vt 0.2241 0.6066
vt 0.2337 0.6066
vt 0.2344 0.6018
vt 0.2249 0.6018
vt 0.2436 0.6047
vt 0.2439 0.6018
vt 0.2432 0.6066
vt 0.2223 0.6020
vt 0.2197 0.6026
vt 0.2241 0.6012
vt 0.2223 0.6117
vt 0.2241 0.6108
vt 0.2197 0.6122
vt 0.9942 0.2642
vt 0.9939 0.2519
vt 0.9876 0.2499
vt 0.9892 0.2639
vt 0.9977 0.2649
vt 0.9977 0.2527
vt 0.9944 0.2701
vt 0.9977 0.2708
vt 0.9895 0.2699
vt 0.9372 0.1634
vt 0.9380 0.1753
vt 0.9410 0.1773
vt 0.9403 0.1652
vt 0.9365 0.1576
vt 0.9396 0.1593
vt 0.9831 0.0439
vt 0.9759 0.0450
vt 0.9902 0.0428
vt 0.9820 0.0658
vt 0.9897 0.0647
vt 0.9744 0.0668
vt 0.9811 0.0874
vt 0.9727 0.0885
vt 0.9894 0.0863
vt 0.9805 0.1047
vt 0.9892 0.1037
vt 0.9718 0.1057
vt 0.6184 0.5127
vt 0.6189 0.5054
vt 0.6179 0.5200
vt 0.5988 0.5074
vt 0.5996 0.5162
vt 0.5981 0.4987
vt 0.5787 0.5017
vt 0.5778 0.4908
vt 0.5796 0.5127
vt 0.5623 0.4963
vt 0.5630 0.5084
vt 0.5617 0.4841
vt 0.1132 0.3899
vt 0.1101 0.3808
vt 0.1164 0.3989
vt 0.0931 0.3956
vt 0.0955 0.4059
vt 0.0907 0.3852
vt 0.0727 0.4016
vt 0.0702 0.3893
vt 0.0752 0.4139
vt 0.0564 0.4073
vt 0.0591 0.4207
vt 0.0537 0.3940
vt 0.2278 0.8690
vt 0.2375 0.8699
vt 0.2181 0.8682
vt 0.2265 0.8513
vt 0.2160 0.8500
vt 0.2371 0.8526
vt 0.2251 0.8327
vt 0.2366 0.8342
vt 0.2135 0.8312
vt 0.2237 0.8167
vt 0.2118 0.8152
vt 0.2356 0.8181
vt 0.9808 0.1135
vt 0.9729 0.1144
vt 0.9888 0.1126
vt 0.5540 0.4916
vt 0.5532 0.4811
vt 0.5549 0.5022
vt 0.0489 0.4122
vt 0.0467 0.4005
vt 0.0511 0.4240
vt 0.2230 0.8068
vt 0.2338 0.8081
vt 0.2121 0.8055
vt 0.7856 0.2293
vt 0.7653 0.2215
vt 0.7578 0.2307
vt 0.7832 0.2393
vt 0.7881 0.2193
vt 0.7729 0.2123
vt 0.8000 0.2249
vt 0.7954 0.2150
vt 0.8010 0.2362
vt 0.2521 0.9490
vt 0.2501 0.9040
vt 0.2378 0.9026
vt 0.2418 0.9478
vt 0.2624 0.9502
vt 0.2624 0.9055
vt 0.2541 0.9939
vt 0.2624 0.9948
vt 0.2458 0.9930
vt 0.9227 0.9126
vt 0.9211 0.8594
vt 0.9116 0.8624
vt 0.9146 0.9150
vt 0.9307 0.9102
vt 0.9307 0.8564
vt 0.9242 0.9658
vt 0.9307 0.9640
vt 0.9176 0.9675
vt 0.7360 0.1947
vt 0.7022 0.1585
vt 0.6868 0.1675
vt 0.7243 0.2037
vt 0.7477 0.1858
vt 0.7176 0.1495
vt 0.9077 0.3024
vt 0.8991 0.2956
vt 0.8989 0.3074
vt 0.9075 0.3145
vt 0.9074 0.2893
vt 0.8977 0.2838
vt 0.9127 0.3094
vt 0.9129 0.2948
vt 0.9122 0.3226
vt 0.6273 0.2486
vt 0.6260 0.2636
vt 0.6334 0.2674
vt 0.6334 0.2559
vt 0.6213 0.2413
vt 0.6187 0.2599
vt 0.6286 0.2337
vt 0.6239 0.2228
vt 0.6334 0.2445
vt 0.8834 0.2890
vt 0.8873 0.2997
vt 0.8796 0.2783
vt 0.9910 0.4149
vt 0.9937 0.4357
vt 1.0000 0.4331
vt 0.9972 0.4107
vt 0.9847 0.4191
vt 0.9874 0.4382
vt 0.9895 0.3967
vt 0.9832 0.4017
vt 0.9958 0.3917
vt 0.9725 0.4716
vt 0.9719 0.4857
vt 0.9793 0.4852
vt 0.9807 0.4709
vt 0.9643 0.4722
vt 0.9644 0.4861
vt 0.9726 0.4588
vt 0.9638 0.4597
vt 0.9813 0.4580
vt 0.9906 0.3836
vt 0.9972 0.3796
vt 0.9839 0.3877
vt 0.9929 0.3731
vt 0.9858 0.3754
vt 1.0000 0.3709
vt 0.8117 0.2150
vt 0.8120 0.2279
vt 0.8111 0.2030
vt 0.8219 0.2023
vt 0.8234 0.1890
vt 0.8195 0.2171
vt 0.8144 0.0206
vt 0.8140 0.0452
vt 0.8239 0.0367
vt 0.8238 0.0149
vt 0.8051 0.0262
vt 0.8041 0.0538
vt 0.8135 0.0141
vt 0.8014 0.0179
vt 0.8231 0.0107
vt 0.9611 0.0113
vt 0.9584 0.0208
vt 0.9666 0.0226
vt 0.9685 0.0118
vt 0.9537 0.0109
vt 0.9501 0.0191
vt 0.9643 0.0014
vt 0.9578 0.0028
vt 0.9709 0.0000
vt 0.9046 0.4949
vt 0.9053 0.4703
vt 0.8983 0.4635
vt 0.8971 0.4905
vt 0.9121 0.4992
vt 0.9123 0.4771
vt 0.9033 0.5013
vt 0.9111 0.5032
vt 0.8932 0.4985
vt 0.9739 0.2882
vt 0.9738 0.3096
vt 0.9815 0.3081
vt 0.9813 0.2866
vt 0.9664 0.2897
vt 0.9660 0.3111
vt 0.9735 0.2840
vt 0.9661 0.2855
vt 0.9809 0.2825
vt 0.9568 0.0295
vt 0.9568 0.0514
vt 0.9665 0.0533
vt 0.9659 0.0315
vt 0.9476 0.0275
vt 0.9470 0.0495
vt 0.2033 0.7848
vt 0.2050 0.7739
vt 0.2017 0.7676
vt 0.1982 0.7798
vt 0.2083 0.7898
vt 0.2083 0.7802
vt 0.2014 0.7953
vt 0.2083 0.7986
vt 0.1946 0.7920
vt 0.8115 0.0082
vt 0.8222 0.0056
vt 0.8000 0.0098
vt 0.8088 0.0026
vt 0.7963 0.0048
vt 0.8213 0.0000
vt 0.9736 0.2791
vt 0.9810 0.2778
vt 0.9661 0.2803
vt 0.9738 0.2738
vt 0.9663 0.2746
vt 0.9813 0.2730
vt 0.9018 0.5068
vt 0.8930 0.5061
vt 0.9099 0.5076
vt 0.9002 0.5117
vt 0.9085 0.5123
vt 0.8911 0.5109
vt 0.8658 0.5047
vt 0.8680 0.5034
vt 0.8631 0.5026
vt 0.8603 0.5032
vt 0.8727 0.5057
vt 0.8745 0.5036
vt 0.8636 0.5059
vt 0.8709 0.5078
vt 0.8575 0.5039
vt 0.8825 0.5060
vt 0.8843 0.5024
vt 0.8807 0.5095
vt 0.2066 0.7622
vt 0.2083 0.7690
vt 0.2049 0.7553
vt 0.2081 0.7500
vt 0.2080 0.7431
vt 0.2083 0.7569
vt 0.7870 0.0092
vt 0.7835 0.0060
vt 0.7906 0.0124
vt 0.7734 0.0075
vt 0.7762 0.0082
vt 0.7706 0.0068
vt 0.9588 0.1007
vt 0.9605 0.1500
vt 0.9698 0.1524
vt 0.9684 0.1028
vt 0.9491 0.0986
vt 0.9513 0.1476
vt 0.9722 0.3661
vt 0.9709 0.4239
vt 0.9798 0.4228
vt 0.9806 0.3648
vt 0.9639 0.3674
vt 0.9620 0.4249
vt 0.9051 0.4105
vt 0.9051 0.3502
vt 0.8999 0.3420
vt 0.8990 0.4026
vt 0.9112 0.4184
vt 0.9104 0.3585
vt 0.8118 0.1057
vt 0.8099 0.1668
vt 0.8223 0.1534
vt 0.8230 0.0945
vt 0.8007 0.1170
vt 0.7976 0.1801
vt 0.8101 0.1931
vt 0.8230 0.1788
vt 0.7972 0.2074
vt 0.9063 0.3243
vt 0.9015 0.3159
vt 0.9111 0.3327
vt 0.9715 0.4488
vt 0.9806 0.4479
vt 0.9625 0.4498
vt 0.9598 0.1716
vt 0.9578 0.1795
vt 0.9668 0.1818
vt 0.9689 0.1740
vt 0.9507 0.1692
vt 0.9488 0.1771
vt 0.2282 0.6125
vt 0.2242 0.6121
vt 0.2243 0.6175
vt 0.2282 0.6180
vt 0.2282 0.6071
vt 0.2241 0.6066
vt 0.2322 0.6130
vt 0.2322 0.6076
vt 0.2322 0.6184
vt 0.2664 0.6091
vt 0.2652 0.6222
vt 0.2730 0.6213
vt 0.2730 0.6081
vt 0.2597 0.6100
vt 0.2575 0.6231
vt 0.2675 0.5960
vt 0.2620 0.5970
vt 0.2730 0.5949
vt 0.1534 0.2680
vt 0.1631 0.2719
vt 0.1653 0.2659
vt 0.1549 0.2633
vt 0.1518 0.2728
vt 0.1609 0.2779
vt 0.1415 0.2625
vt 0.1405 0.2665
vt 0.1426 0.2586
vt 0.1967 0.5987
vt 0.1964 0.6092
vt 0.2026 0.6097
vt 0.2016 0.5993
vt 0.1918 0.5981
vt 0.1901 0.6087
vt 0.1964 0.5856
vt 0.1924 0.5849
vt 0.2003 0.5863
vt 0.1947 0.6145
vt 0.1924 0.6173
vt 0.2034 0.6173
vt 0.2031 0.6148
vt 0.1863 0.6143
vt 0.1815 0.6173
vt 0.1686 0.2725
vt 0.1719 0.2646
vt 0.1654 0.2804
vt 0.2660 0.3549
vt 0.2739 0.3545
vt 0.2581 0.3552
vt 0.2661 0.3502
vt 0.2584 0.3505
vt 0.2738 0.3498
vt 0.5891 0.2337
vt 0.5812 0.2348
vt 0.5970 0.2327
vt 0.9387 0.1995
vt 0.9421 0.2019
vt 0.9344 0.1973
vt 0.9932 0.2270
vt 0.9888 0.2261
vt 0.9977 0.2279
vt 0.9600 0.5532
vt 0.9660 0.5529
vt 0.9537 0.5545
vt 0.9589 0.5238
vt 0.9536 0.5247
vt 0.9637 0.5237
vt 0.9490 0.5565
vt 0.9451 0.5587
vt 0.9496 0.5261
vt 0.9463 0.5278
vt 0.9280 0.1957
vt 0.9217 0.1951
vt 0.9696 0.5541
vt 0.9719 0.5560
vt 0.9665 0.5248
vt 0.9683 0.5265
vt 0.2375 0.3131
vt 0.2363 0.3180
vt 0.2387 0.3083
vt 0.9178 0.1962
vt 0.9152 0.1981
vt 0.6698 0.2245
vt 0.6755 0.2247
vt 0.6772 0.2230
vt 0.6715 0.2229
vt 0.6686 0.2271
vt 0.6742 0.2275
vt 0.6641 0.2244
vt 0.6629 0.2268
vt 0.6657 0.2228
vt 0.6701 0.2407
vt 0.6758 0.2417
vt 0.6746 0.2376
vt 0.6689 0.2368
vt 0.6715 0.2440
vt 0.6772 0.2451
vt 0.6644 0.2398
vt 0.6657 0.2430
vt 0.6633 0.2361
vt 0.6684 0.2318
vt 0.6740 0.2323
vt 0.6627 0.2313
vt 0.2733 0.3188
vt 0.2782 0.3219
vt 0.2685 0.3157
vt 0.2787 0.3105
vt 0.2738 0.3074
vt 0.2835 0.3137
vt 0.2073 0.6016
vt 0.2044 0.6006
vt 0.2107 0.6024
vt 0.2073 0.6113
vt 0.2107 0.6120
vt 0.2044 0.6103
vt 0.9810 0.2644
vt 0.9807 0.2585
vt 0.9813 0.2704
vt 0.9712 0.2654
vt 0.9716 0.2713
vt 0.9709 0.2594
vt 0.2153 0.6027
vt 0.2153 0.6124
vt 0.2349 0.5970
vt 0.2253 0.5970
vt 0.2444 0.5970
vn 0.6014 0.7933 -0.0947
vn 0.6380 0.7683 0.0514
vn 0.4863 0.8728 0.0410
vn 0.4500 0.8853 -0.1174
vn 0.3906 0.8808 -0.2675
vn 0.5700 0.7873 -0.2352
vn 0.3451 0.8972 -0.2754
vn 0.3605 0.9261 -0.1111
vn 0.3756 0.9239 0.0722
vn 0.0672 0.5789 -0.8126
vn 0.2174 0.4602 -0.8608
vn 0.2933 0.7176 -0.6317
vn 0.0962 0.7443 -0.6608
vn 0.0000 0.7502 -0.6612
vn 0.0000 0.6075 -0.7943
vn 0.0000 0.4758 -0.8795
vn 0.0230 0.4517 -0.8919
vn 0.1096 0.2272 -0.9677
vn 0.0857 0.8704 -0.4848
vn 0.2301 0.9016 -0.3663
vn 0.1405 0.9807 -0.1354
vn 0.0569 0.9362 -0.3467
vn 0.0000 0.9314 -0.3641
vn 0.0000 0.8609 -0.5088
vn 0.0405 0.9708 -0.2364
vn 0.0424 0.9693 -0.2423
vn 0.0380 0.9964 -0.0757
vn 0.0422 0.9975 -0.0562
vn 0.0000 0.9989 -0.0461
vn 0.0000 0.9760 -0.2179
vn 0.0531 0.9888 0.1395
vn 0.0464 0.9878 0.1489
vn 0.0513 0.9436 0.3271
vn 0.0644 0.9578 0.2800
vn 0.0000 0.9667 0.2559
vn 0.0000 0.9919 0.1266
vn 0.0709 0.9052 0.4189
vn 0.0503 0.8545 0.5170
vn 0.0198 0.7049 0.7090
vn 0.0627 0.8282 0.5568
vn 0.0000 0.8700 0.4930
vn 0.0000 0.9312 0.3645
vn -0.2370 -0.8500 0.4704
vn -0.1814 -0.8821 0.4346
vn 0.1622 -0.7985 0.5798
vn -0.2261 -0.9015 0.3689
vn 0.0000 -0.7764 0.6303
vn 0.0000 -0.8485 0.5291
vn 0.0000 -0.8705 0.4921
vn -0.2021 -0.8607 0.4671
vn -0.2283 -0.8589 0.4584
vn -0.1880 -0.9743 0.1238
vn 0.4057 -0.9131 0.0406
vn 0.1051 -0.8747 -0.4730
vn -0.2157 -0.9550 -0.2033
vn -0.5965 -0.7948 -0.1116
vn -0.5548 -0.7719 0.3104
vn -0.2713 -0.8654 -0.4212
vn -0.1591 -0.8851 -0.4373
vn -0.1892 -0.8386 -0.5108
vn -0.2535 -0.7067 -0.6605
vn 0.0000 -0.3828 -0.9238
vn -0.5568 -0.6162 -0.5569
vn -0.1750 -0.5153 -0.8389
vn -0.1651 -0.7069 -0.6878
vn -0.1257 -0.5602 -0.8187
vn -0.1104 -0.4519 -0.8852
vn 0.0000 -0.3758 -0.9267
vn 0.0000 -0.3788 -0.9254
vn -0.0734 -0.3683 -0.9268
vn -0.0886 -0.4154 -0.9053
vn -0.0618 -0.2528 -0.9655
vn -0.0517 -0.2462 -0.9678
vn 0.0000 -0.2471 -0.9690
vn 0.0000 -0.3405 -0.9402
vn -0.0370 -0.0564 -0.9977
vn -0.0390 -0.0331 -0.9987
vn -0.0170 0.2228 -0.9747
vn -0.0222 0.1864 -0.9822
vn 0.0000 0.1527 -0.9883
vn 0.0000 -0.0782 -0.9969
vn -0.0045 0.3644 -0.9312
vn 0.0033 0.3623 -0.9320
vn 0.0000 0.3485 -0.9373
vn -0.1693 0.2849 -0.9435
vn -0.1833 0.4538 -0.8720
vn 0.3320 0.4295 -0.8398
vn 0.3402 0.2701 -0.9007
vn 0.3418 0.0944 -0.9350
vn -0.1660 0.0990 -0.9811
vn -0.5372 0.0847 -0.8392
vn -0.5389 0.2452 -0.8059
vn -0.5460 0.3924 -0.7401
vn 0.6088 -0.3718 -0.7008
vn 0.6106 -0.2275 -0.7586
vn 0.4020 -0.2611 -0.8776
vn 0.3917 -0.4296 -0.8136
vn 0.3836 -0.5827 -0.7164
vn 0.6074 -0.5022 -0.6155
vn 0.3418 -0.5944 -0.7279
vn 0.3419 -0.4410 -0.8298
vn 0.3418 -0.2706 -0.9000
vn 0.5806 -0.7184 0.3832
vn 0.5749 -0.7829 0.2376
vn 0.3196 -0.9053 0.2798
vn 0.3311 -0.8344 0.4406
vn 0.3167 -0.7463 0.5853
vn 0.5827 -0.6292 0.5143
vn 0.3418 -0.7279 0.5944
vn 0.3419 -0.8298 0.4410
vn 0.3418 -0.9000 0.2706
vn 0.5881 0.3767 0.7157
vn 0.6003 0.2272 0.7668
vn 0.4020 0.2535 0.8798
vn 0.3733 0.4257 0.8242
vn 0.3590 0.5896 0.7235
vn 0.5831 0.5142 0.6289
vn 0.3418 0.5944 0.7279
vn 0.3419 0.4410 0.8298
vn 0.3418 0.2706 0.9000
vn 0.5536 0.7404 -0.3811
vn 0.3290 0.8404 -0.4306
vn 0.2912 0.7318 -0.6161
vn 0.5465 0.6421 -0.5376
vn 0.3150 0.7274 -0.6097
vn 0.3276 0.8359 -0.4404
vn 0.6047 -0.6138 -0.5075
vn 0.3745 -0.7130 -0.5927
vn 0.3529 -0.8190 -0.4523
vn 0.5964 -0.7055 -0.3828
vn 0.3418 -0.8277 -0.4450
vn 0.3419 -0.7250 -0.5979
vn 0.5848 -0.5147 0.6269
vn 0.2958 -0.6198 0.7269
vn 0.3309 -0.4362 0.8368
vn 0.5948 -0.3764 0.7103
vn 0.3418 -0.4450 0.8277
vn 0.3419 -0.5979 0.7250
vn 0.5968 0.6258 0.5022
vn 0.3830 0.7288 0.5676
vn 0.4365 0.8177 0.3752
vn 0.6276 0.6966 0.3476
vn 0.3611 0.8248 0.4350
vn 0.3462 0.7254 0.5949
vn 0.5965 0.2231 -0.7710
vn 0.5733 0.3616 -0.7352
vn 0.3738 0.4011 -0.8363
vn 0.4256 0.2567 -0.8677
vn 0.4395 0.1001 -0.8926
vn 0.6094 0.0779 -0.7890
vn 0.5520 0.5047 -0.6638
vn 0.3123 0.5652 -0.7635
vn 0.3189 0.5824 -0.7476
vn 0.5814 -0.7767 -0.2421
vn 0.3162 -0.9032 -0.2903
vn 0.2919 -0.9513 -0.0991
vn 0.5697 -0.8175 -0.0842
vn 0.3418 -0.9350 -0.0944
vn 0.3419 -0.8986 -0.2750
vn 0.6075 -0.2289 0.7606
vn 0.3933 -0.2533 0.8838
vn 0.4261 -0.0880 0.9004
vn 0.6132 -0.0790 0.7859
vn 0.3418 -0.0944 0.9350
vn 0.3419 -0.2750 0.8986
vn 0.6500 0.7342 0.1957
vn 0.4802 0.8544 0.1983
vn 0.3767 0.8894 0.2590
vn 0.6120 -0.0751 -0.7873
vn 0.4209 -0.0788 -0.9037
vn 0.3419 -0.0898 -0.9354
vn 0.5687 -0.8187 0.0801
vn 0.2982 -0.9494 0.0987
vn 0.3419 -0.9354 0.0898
vn 0.6099 0.0741 0.7889
vn 0.4238 0.0806 0.9021
vn 0.3419 0.0898 0.9354
vn -0.7514 -0.6568 0.0631
vn -0.7514 -0.6565 -0.0663
vn -0.5372 -0.8392 -0.0847
vn -0.5372 -0.8396 0.0806
vn -0.5372 -0.8077 0.2429
vn -0.7514 -0.6319 0.1900
vn -0.8561 -0.4949 0.1488
vn -0.8561 -0.5145 0.0494
vn -0.8561 -0.5142 -0.0519
vn -0.2048 0.6096 -0.7658
vn -0.2099 0.7542 -0.6221
vn -0.5571 0.5241 -0.6441
vn -0.5597 0.6421 -0.5238
vn -0.1660 -0.2885 0.9429
vn -0.1660 -0.4669 0.8685
vn -0.1660 -0.0990 0.9811
vn -0.5372 -0.0847 0.8392
vn -0.5372 -0.2468 0.8065
vn -0.5372 -0.3994 0.7429
vn -0.1660 -0.0943 -0.9816
vn -0.1660 -0.2839 -0.9443
vn -0.5372 -0.2429 -0.8077
vn -0.5372 -0.0806 -0.8396
vn -0.1660 0.0943 0.9816
vn -0.1660 0.2839 0.9443
vn -0.5372 0.2429 0.8077
vn -0.5372 0.0806 0.8396
vn -0.1660 -0.4627 -0.8708
vn -0.1660 -0.6237 -0.7638
vn -0.5372 -0.5335 -0.6533
vn -0.5372 -0.3958 -0.7448
vn -0.1660 0.4627 0.8708
vn -0.1660 0.6237 0.7638
vn -0.5372 0.5335 0.6533
vn -0.5372 0.3958 0.7448
vn -0.1660 -0.7607 -0.6274
vn -0.1660 -0.8685 -0.4669
vn -0.5372 -0.7429 -0.3994
vn -0.5372 -0.6507 -0.5366
vn -0.1646 0.7613 0.6272
vn -0.1593 0.8701 0.4664
vn -0.5372 0.7429 0.3994
vn -0.5372 0.6507 0.5366
vn -0.1660 -0.9429 -0.2885
vn -0.1660 -0.9811 -0.0990
vn -0.5372 -0.8065 -0.2468
vn -0.1502 0.9467 0.2850
vn -0.1378 0.9866 0.0871
vn -0.5261 0.8466 0.0798
vn -0.5349 0.8085 0.2454
vn -0.1660 -0.9816 0.0943
vn -0.1660 -0.9443 0.2839
vn -0.1298 0.9857 -0.1077
vn -0.1453 0.9478 -0.2837
vn -0.5238 0.8171 -0.2408
vn -0.5176 0.8513 -0.0852
vn -0.1660 -0.8708 0.4627
vn -0.1660 -0.7638 0.6237
vn -0.5372 -0.6533 0.5335
vn -0.5372 -0.7448 0.3958
vn -0.1830 0.8718 -0.4543
vn -0.5448 0.7438 -0.3873
vn -0.1660 -0.6274 0.7607
vn -0.5372 -0.5366 0.6507
vn -0.9503 -0.1476 -0.2742
vn -0.9496 -0.0911 -0.2999
vn -0.8561 0.1488 0.4949
vn -0.8561 0.2425 0.4564
vn -0.8561 0.3269 0.4003
vn -0.9517 -0.1953 -0.2368
vn -0.2221 -0.6138 -0.7575
vn -0.2144 -0.4577 -0.8628
vn -0.2083 -0.2800 -0.9371
vn -0.7482 0.6604 -0.0635
vn -0.7496 0.6586 0.0656
vn -0.7494 0.6345 -0.1892
vn -0.8561 0.4949 -0.1488
vn -0.8560 0.5145 -0.0494
vn -0.8561 0.5142 0.0519
vn -0.7514 -0.5826 0.3096
vn -0.7514 -0.5110 0.4173
vn -0.8561 -0.4003 0.3269
vn -0.8561 -0.4564 0.2425
vn -0.7529 0.5820 -0.3072
vn -0.7552 0.5079 -0.4142
vn -0.8562 0.4002 -0.3268
vn -0.8561 0.4563 -0.2424
vn -0.7514 -0.4198 0.5090
vn -0.7514 -0.3124 0.5811
vn -0.8561 -0.2447 0.4552
vn -0.8561 -0.3288 0.3987
vn -0.7517 0.1927 -0.6307
vn -0.7529 0.3110 -0.5800
vn -0.7514 0.0663 -0.6565
vn -0.8561 0.0519 -0.5142
vn -0.8561 0.1512 -0.4942
vn -0.8561 0.2447 -0.4552
vn -0.7548 0.4168 -0.5065
vn -0.8561 0.3287 -0.3986
vn -0.7514 -0.1931 0.6309
vn -0.7514 -0.0663 0.6565
vn -0.8561 -0.0519 0.5142
vn -0.8561 -0.1512 0.4942
vn -0.7514 -0.0631 -0.6568
vn -0.7514 -0.1900 -0.6319
vn -0.8561 -0.1488 -0.4949
vn -0.8561 -0.0494 -0.5145
vn -0.7514 0.0631 0.6568
vn -0.7514 0.1900 0.6319
vn -0.8561 0.0494 0.5145
vn -0.7514 -0.3096 -0.5826
vn -0.7514 -0.4173 -0.5110
vn -0.8561 -0.3269 -0.4003
vn -0.8561 -0.2425 -0.4564
vn -0.7514 0.3096 0.5826
vn -0.7514 0.4173 0.5110
vn -0.7514 -0.5090 -0.4198
vn -0.7514 -0.5811 -0.3124
vn -0.8561 -0.4552 -0.2447
vn -0.8561 -0.3987 -0.3288
vn -0.7514 0.5090 0.4198
vn -0.7514 0.5811 0.3124
vn -0.8561 0.4552 0.2447
vn -0.8561 0.3987 0.3288
vn -0.7514 -0.6309 -0.1931
vn -0.8561 -0.4942 -0.1512
vn -0.7510 0.6314 0.1929
vn -0.8561 0.4942 0.1512
vn -0.1547 0.8844 -0.4403
vn -0.1615 0.9447 -0.2853
vn -0.1916 0.9398 -0.2830
vn -0.1903 0.8702 -0.4544
vn -0.1818 0.7781 -0.6012
vn -0.1526 0.8014 -0.5784
vn -0.4372 0.7431 -0.5066
vn -0.8170 0.5226 -0.2436
vn -0.4534 0.8532 -0.2576
vn -0.9471 0.2471 0.2045
vn -0.9478 0.2012 0.2473
vn -0.9471 0.2824 0.1523
vn -0.1924 0.8640 0.4652
vn -0.1943 0.7563 0.6247
vn -0.1968 0.6198 0.7596
vn -0.9523 -0.2354 -0.1939
vn -0.9529 -0.2668 -0.1443
vn -0.2298 -0.8515 -0.4714
vn -0.2277 -0.7452 -0.6268
vn -0.9466 0.3082 0.0945
vn -0.9468 0.3201 0.0323
vn -0.1904 0.9767 0.0982
vn -0.1909 0.9386 0.2873
vn -0.9524 -0.2911 -0.0907
vn -0.9521 -0.3041 -0.0321
vn -0.2248 -0.9686 -0.1063
vn -0.2282 -0.9273 -0.2965
vn -0.9466 0.3210 -0.0310
vn -0.9470 0.3075 -0.0927
vn -0.1906 0.9771 -0.0944
vn -0.9514 -0.3065 0.0289
vn -0.9514 -0.2948 0.0884
vn -0.2205 -0.9341 0.2807
vn -0.2219 -0.9708 0.0907
vn -0.9465 0.2854 -0.1503
vn -0.9455 0.2551 -0.2023
vn -0.9510 -0.2733 0.1448
vn -0.9509 -0.2399 0.1953
vn -0.2172 -0.7560 0.6175
vn -0.2190 -0.8617 0.4577
vn -0.9435 0.2139 -0.2532
vn -0.9442 0.1538 -0.2914
vn -0.1735 0.4696 -0.8657
vn -0.1709 0.6491 -0.7412
vn -0.9496 -0.0923 0.2996
vn -0.9503 -0.1480 0.2740
vn -0.9494 -0.0321 0.3123
vn -0.2073 -0.0983 0.9733
vn -0.2100 -0.2861 0.9349
vn -0.2127 -0.4625 0.8607
vn -0.9503 -0.1983 0.2398
vn -0.2149 -0.6211 0.7536
vn -0.9462 0.0903 -0.3107
vn -0.9483 0.0301 -0.3159
vn -0.2000 0.0953 -0.9751
vn -0.1882 0.2779 -0.9420
vn -0.9487 0.0296 0.3146
vn -0.9486 0.0906 0.3032
vn -0.2018 0.2821 0.9379
vn -0.2044 0.0936 0.9744
vn -0.9488 -0.0306 -0.3144
vn -0.2047 -0.0916 -0.9745
vn -0.9479 0.1490 0.2815
vn -0.1992 0.4598 0.8654
vn -1.0000 0.0060 -0.0005
vn -0.8279 -0.3568 0.4328
vn -0.4739 -0.4165 0.7758
vn -0.8256 -0.1653 0.5395
vn -0.4693 -0.0890 0.8785
vn -0.8227 0.0540 0.5659
vn -0.4642 0.2548 0.8482
vn -0.8196 0.2683 0.5062
vn -0.4596 0.5605 0.6889
vn -0.8169 0.4439 0.3681
vn -0.4557 0.7830 0.4233
vn -0.8153 0.5535 0.1699
vn -0.4534 0.8868 0.0889
vn -0.8144 0.5775 -0.0565
vn -0.8253 0.3898 -0.4086
vn -0.4590 0.4418 -0.7708
vn -0.8137 0.1634 -0.5578
vn -0.4752 0.0803 -0.8762
vn -0.8209 -0.0514 -0.5687
vn -0.4601 -0.2495 -0.8520
vn -0.8296 -0.2580 -0.4952
vn -0.4692 -0.5444 -0.6953
vn -0.8245 -0.4261 -0.3722
vn -0.4856 -0.7512 -0.4471
vn -0.8227 -0.5362 -0.1887
vn -0.4868 -0.8664 -0.1111
vn -0.8273 -0.5600 0.0442
vn -0.4807 -0.8397 0.2524
vn -0.8289 -0.4942 0.2621
vn -0.4777 -0.6800 0.5562
vn -0.1884 -0.8673 0.4607
vn -0.1935 -0.9397 0.2821
vn -0.1904 -0.7606 0.6206
vn -0.1442 0.6778 -0.7210
vn -0.1531 0.4822 -0.8626
vn -0.1789 -0.2870 0.9411
vn -0.1856 -0.4661 0.8650
vn -0.1798 -0.1004 0.9785
vn -0.1843 -0.6243 0.7591
vn -0.1599 0.2705 -0.9493
vn -0.1718 0.0879 -0.9812
vn -0.1727 0.0952 0.9803
vn -0.1736 0.2821 0.9435
vn -0.1723 -0.0815 -0.9817
vn -0.1800 -0.2816 -0.9425
vn -0.1668 0.4633 0.8703
vn -0.1679 0.6217 0.7650
vn -0.1808 -0.4577 -0.8705
vn -0.1911 -0.6130 -0.7666
vn -0.1614 0.7606 0.6288
vn -0.1632 0.8679 0.4692
vn -0.1922 -0.7435 -0.6405
vn -0.1985 -0.8496 -0.4886
vn -0.1577 0.9442 0.2890
vn -0.1608 0.9820 0.0988
vn -0.1950 -0.9286 -0.3158
vn -0.1969 -0.9735 -0.1163
vn -0.1569 0.9829 -0.0957
vn -0.1915 -0.9778 0.0847
vn -0.0032 0.3401 -0.9404
vn 0.0358 0.3444 -0.9381
vn -0.2021 0.2155 -0.9553
vn -0.1027 0.0592 -0.9929
vn -0.0118 0.0349 -0.9993
vn 0.0016 0.3346 -0.9423
vn -0.0147 0.2379 -0.9712
vn -0.0043 0.2321 -0.9727
vn 0.0268 0.2080 -0.9778
vn 0.0059 0.3437 -0.9391
vn 0.0323 0.0462 -0.9984
vn -0.0145 0.2369 -0.9714
vn -0.0475 -0.0363 -0.9982
vn -0.0381 -0.0483 -0.9981
vn -0.0512 -0.0300 -0.9982
vn -0.0865 -0.2690 -0.9592
vn -0.0805 -0.2753 -0.9580
vn -0.0773 -0.2799 -0.9569
vn -0.0468 -0.0271 -0.9985
vn -0.0796 -0.2613 -0.9619
vn -0.1047 -0.4566 -0.8835
vn -0.0988 -0.4608 -0.8820
vn -0.1156 -0.4507 -0.8851
vn -0.1402 -0.6158 -0.7753
vn -0.1249 -0.6207 -0.7740
vn -0.1163 -0.6241 -0.7726
vn -0.1098 -0.4405 -0.8910
vn -0.1405 -0.6039 -0.7845
vn -0.1389 -0.7592 -0.6358
vn -0.1291 -0.7619 -0.6347
vn -0.1570 -0.7559 -0.6355
vn -0.1648 -0.8633 -0.4769
vn -0.1501 -0.8650 -0.4788
vn -0.1406 -0.8678 -0.4766
vn -0.1662 -0.7475 -0.6431
vn -0.1777 -0.8607 -0.4770
vn -0.2130 -0.9248 -0.3151
vn -0.1512 -0.9432 -0.2959
vn -0.2852 -0.8724 -0.3970
vn -0.6684 -0.5764 -0.4701
vn -0.3993 -0.9045 -0.1494
vn -0.1490 -0.9853 -0.0837
vn -0.2037 -0.8513 -0.4836
vn -0.2011 -0.6200 -0.7584
vn -0.5143 -0.8502 0.1123
vn -0.1292 -0.9838 0.1242
vn -0.9830 -0.1833 -0.0126
vn -0.6674 -0.3683 0.6472
vn -0.3625 -0.8559 0.3689
vn -0.1157 -0.9503 0.2891
vn -0.9683 0.1946 -0.1567
vn -0.7585 0.3797 0.5295
vn -0.7942 -0.0812 -0.6021
vn -0.7951 -0.2110 -0.5686
vn -0.9547 0.1426 -0.2612
vn -0.7327 0.5934 0.3331
vn -0.2141 -0.8731 0.4378
vn -0.1299 -0.9012 0.4134
vn -0.2656 -0.7798 0.5669
vn -0.1832 -0.8738 0.4504
vn -0.1862 -0.8748 0.4473
vn -0.1746 -0.8512 0.4949
vn -0.1747 -0.8195 0.5457
vn -0.1014 -0.2767 0.9556
vn -0.2084 -0.8521 0.4800
vn -0.1839 -0.7608 0.6224
vn -0.2138 -0.7353 0.6431
vn -0.1473 -0.7308 0.6664
vn -0.0674 -0.4653 0.8826
vn -0.1217 -0.4989 0.8580
vn -0.1702 -0.4916 0.8540
vn -0.1729 -0.6814 0.7111
vn -0.2980 -0.7620 0.5750
vn -0.2332 -0.3109 0.9214
vn -0.0617 -0.3972 0.9156
vn -0.0331 -0.2424 0.9696
vn -0.0642 -0.2527 0.9654
vn -0.0042 -0.2336 0.9723
vn -0.0010 -0.0921 0.9957
vn -0.0002 -0.0864 0.9962
vn -0.0041 -0.0871 0.9962
vn -0.0007 -0.2229 0.9748
vn 0.0214 -0.2271 0.9736
vn -0.0094 -0.1422 0.9898
vn -0.0037 -0.1086 0.9940
vn 0.0045 0.0859 0.9963
vn 0.0079 0.0887 0.9960
vn -0.0032 0.0838 0.9965
vn 0.0045 0.2765 0.9610
vn 0.0066 0.2750 0.9614
vn 0.0067 0.2783 0.9605
vn -0.0121 0.0791 0.9968
vn -0.0297 0.0569 0.9979
vn -0.0370 0.2759 0.9605
vn -0.0047 0.2828 0.9592
vn 0.0079 0.4500 0.8930
vn 0.0042 0.4562 0.8899
vn 0.0093 0.4483 0.8938
vn 0.0019 0.6043 0.7967
vn 0.0032 0.6110 0.7916
vn -0.0005 0.6191 0.7853
vn 0.0011 0.4559 0.8900
vn -0.0321 0.4655 0.8844
vn 0.0107 0.6273 0.7787
vn -0.0018 0.7796 0.6263
vn -0.0050 0.7826 0.6225
vn -0.0029 0.7793 0.6266
vn 0.0074 0.9239 0.3824
vn 0.0037 0.9226 0.3858
vn 0.0063 0.9197 0.3925
vn 0.0164 0.8031 0.5956
vn 0.0221 0.9281 0.3717
vn 0.0170 0.9904 0.1371
vn 0.0425 0.9868 0.1559
vn 0.0158 0.9905 0.1367
vn 0.0101 0.9948 -0.1007
vn 0.0247 0.9947 -0.0994
vn 0.0830 0.9944 -0.0659
vn 0.0302 0.9886 0.1475
vn 0.0249 0.9958 -0.0879
vn 0.0075 0.9754 -0.2201
vn 0.0728 0.9741 -0.2140
vn 0.0046 0.9767 -0.2148
vn 0.0086 0.9992 0.0387
vn -0.0456 0.9985 0.0280
vn -0.1149 0.9854 -0.1259
vn 0.0260 0.9743 -0.2236
vn 0.0540 0.9981 0.0294
vn 0.9311 0.2802 0.2335
vn 0.9998 -0.0067 0.0156
vn 0.9999 0.0002 0.0124
vn 0.9234 0.3676 0.1100
vn 0.6305 0.7501 0.1995
vn 0.6492 0.6057 0.4600
vn 0.6088 0.4395 0.6604
vn 0.9124 0.2072 0.3528
vn 0.9996 -0.0082 0.0248
vn -0.9341 0.2718 0.2312
vn -0.6748 0.5850 0.4498
vn -0.6569 0.7273 0.1986
vn -0.9273 0.3570 0.1124
vn -0.9998 0.0021 0.0170
vn -0.9998 -0.0056 0.0209
vn -0.9995 -0.0078 0.0315
vn -0.9156 0.2013 0.3481
vn -0.6315 0.4262 0.6478
vn 0.2790 -0.7846 -0.5537
vn -0.0037 -0.8173 -0.5763
vn -0.0053 -0.9737 -0.2279
vn 0.2410 -0.9451 -0.2205
vn 0.6665 -0.7251 -0.1730
vn 0.7036 -0.5813 -0.4087
vn 0.7153 -0.4104 -0.5656
vn 0.2971 -0.5582 -0.7747
vn -0.0015 -0.5871 -0.8095
vn -0.3125 -0.7784 -0.5443
vn -0.7342 -0.5583 -0.3863
vn -0.6972 -0.6984 -0.1615
vn -0.2745 -0.9377 -0.2130
vn -0.3296 -0.5546 -0.7641
vn -0.7476 -0.3946 -0.5342
vn 0.3141 -0.4493 0.8363
vn 0.0000 -0.4549 0.8905
vn 0.0000 0.2790 0.9603
vn 0.1122 0.2415 0.9639
vn 0.0577 0.1146 0.9917
vn 0.3382 -0.4262 0.8390
vn 0.4741 -0.8701 0.1346
vn 0.3283 -0.9373 0.1167
vn 0.0000 -0.9942 0.1074
vn 0.3684 -0.4604 0.8076
vn 0.0143 -0.0418 0.9990
vn 0.0064 -0.1339 0.9910
vn 0.4144 -0.4605 0.7850
vn 0.7466 -0.6425 0.1723
vn 0.6380 -0.7544 0.1542
vn 0.4388 -0.4277 0.7903
vn 0.0017 -0.1939 0.9810
vn -0.0180 -0.2679 0.9633
vn 0.4479 -0.4005 0.7994
vn 0.8875 -0.3974 0.2330
vn 0.8241 -0.5300 0.1997
vn 0.4588 -0.3797 0.8033
vn -0.0424 -0.3400 0.9395
vn -0.0742 -0.4136 0.9074
vn 0.4504 -0.3642 0.8151
vn 0.9427 -0.1404 0.3027
vn 0.9278 -0.2634 0.2642
vn -0.1325 -0.7626 0.6331
vn -0.1566 -0.7620 0.6283
vn 0.0000 -0.7809 0.6246
vn 0.0000 -0.5207 0.8537
vn -0.0296 -0.4870 0.8729
vn -0.0388 -0.4732 0.8801
vn 0.1561 0.8967 -0.4142
vn 0.0000 0.9237 -0.3829
vn 0.0000 0.4775 0.8786
vn 0.2424 0.7335 0.6349
vn 0.3878 0.6551 0.6484
vn 0.2617 0.8185 -0.5114
vn 0.2329 0.5885 -0.7742
vn 0.0710 0.6846 -0.7254
vn 0.0000 0.7362 -0.6767
vn 0.0413 -0.2929 0.9552
vn -0.0187 -0.1922 0.9812
vn -0.1785 0.4249 0.8874
vn 0.1939 0.7259 0.6599
vn 0.0056 -0.3452 0.9385
vn -0.0228 -0.2393 0.9706
vn -0.0481 -0.0041 0.9988
vn -0.0742 0.2129 0.9742
vn -0.0388 -0.0938 0.9948
vn -0.0640 0.0776 0.9949
vn -0.0769 0.4248 0.9020
vn -0.0169 0.6149 0.7884
vn -0.0681 0.2697 0.9605
vn -0.0168 0.4575 0.8890
vn 0.0392 0.7349 0.6771
vn 0.0000 0.7825 0.6226
vn 0.0430 0.5806 0.8130
vn 0.0000 0.6367 0.7711
vn -0.1078 -0.7997 0.5906
vn -0.0271 -0.4345 0.9002
vn 0.0000 -0.8634 0.5044
vn 0.0000 -0.8900 0.4559
vn -0.1549 -0.8480 0.5067
vn -0.1771 -0.7163 0.6749
vn -0.0121 -0.4570 0.8894
vn -0.0220 -0.4374 0.8990
vn 0.5366 0.5922 0.6011
vn -0.1332 -0.5349 0.8343
vn -0.0254 -0.3540 0.9349
vn -0.0189 -0.2654 0.9640
vn -0.0112 -0.1654 0.9861
vn -0.0165 -0.0652 0.9977
vn -0.0128 0.0704 0.9974
vn 0.0337 0.2415 0.9698
vn 0.0891 0.3601 0.9286
vn 0.0000 0.4120 0.9112
vn 0.5617 0.4439 -0.6982
vn 0.8043 0.4237 -0.4165
vn 0.8279 0.4592 -0.3221
vn 0.6045 0.5542 -0.5722
vn 0.4134 0.6205 -0.6663
vn 0.3248 0.4468 -0.8336
vn 0.2862 0.3974 -0.8719
vn 0.5173 0.4018 -0.7555
vn 0.7847 0.4062 -0.4683
vn 0.7495 -0.1136 0.6521
vn 0.5979 -0.2376 0.7656
vn 0.5973 -0.3642 0.7145
vn 0.7628 -0.2294 0.6045
vn 0.9252 0.0004 0.3794
vn 0.9163 0.0863 0.3911
vn 0.9427 0.1540 0.2957
vn 0.8185 -0.0373 0.5732
vn 0.6773 -0.1765 0.7141
vn 0.2085 0.5010 -0.8400
vn 0.3031 0.7252 -0.6182
vn 0.0000 0.8225 -0.5687
vn 0.0000 0.5604 -0.8282
vn 0.1512 0.4647 -0.8725
vn 0.1755 0.4332 -0.8840
vn 0.9530 0.3023 -0.0186
vn 0.9637 0.2647 0.0353
vn 0.9408 0.3274 -0.0878
vn 0.4219 -0.3255 0.8462
vn 0.2178 -0.3714 0.9025
vn 0.2712 -0.4884 0.8294
vn 0.4407 -0.4449 0.7796
vn 0.4848 -0.2867 0.8263
vn 0.2134 -0.3515 0.9115
vn 0.2592 0.9646 0.0474
vn 0.5352 0.8362 0.1198
vn 0.5223 0.8139 0.2546
vn 0.2193 0.9632 0.1552
vn 0.0000 0.9905 0.1375
vn 0.0000 0.9998 0.0203
vn 0.0000 0.9999 0.0152
vn 0.3071 0.9505 0.0475
vn 0.5387 0.8338 0.1206
vn 0.9809 -0.1668 0.0999
vn 0.9440 -0.3221 0.0719
vn 0.9907 0.0084 0.1355
vn 0.9837 0.1257 0.1283
vn 0.9920 -0.0933 0.0852
vn 0.9639 -0.2607 0.0538
vn 0.6613 -0.7498 0.0187
vn 0.4813 -0.8764 0.0154
vn 0.7875 -0.6156 0.0272
vn 0.8063 -0.5912 0.0173
vn 0.6674 -0.7446 0.0135
vn 0.4825 -0.8757 0.0145
vn 0.8970 0.4100 0.1648
vn 0.8971 0.2672 0.3517
vn 0.8555 0.4928 0.1589
vn 0.8792 -0.4741 0.0459
vn 0.9053 -0.4235 0.0307
vn 0.3205 -0.9471 0.0135
vn 0.0000 -0.9999 0.0129
vn 0.3206 -0.9471 0.0158
vn 0.0000 -0.9998 0.0169
vn 0.2577 -0.7794 0.5711
vn 0.4047 -0.7406 0.5363
vn 0.1454 -0.4900 0.8595
vn 0.0000 -0.4954 0.8686
vn 0.0000 -0.8209 0.5710
vn 0.0000 -0.9590 0.2833
vn 0.3096 -0.9114 0.2710
vn 0.4687 -0.8464 0.2527
vn 0.3136 -0.9249 0.2148
vn 0.4738 -0.8576 0.2002
vn 0.0000 -0.9744 0.2249
vn 0.0000 -0.9864 0.1645
vn 0.3167 -0.9354 0.1570
vn 0.4774 -0.8664 0.1461
vn 0.3193 -0.9445 0.0768
vn 0.4803 -0.8742 0.0713
vn 0.0000 -0.9967 0.0804
vn 0.5870 -0.6474 0.4861
vn 0.7426 -0.5193 0.4229
vn 0.6566 -0.7222 0.2176
vn 0.8071 -0.5646 0.1725
vn 0.6616 -0.7298 0.1722
vn 0.8108 -0.5692 0.1365
vn 0.6652 -0.7360 0.1255
vn 0.8133 -0.5732 0.0995
vn 0.6674 -0.7421 0.0616
vn 0.8131 -0.5798 0.0518
vn 0.8827 -0.3330 0.3314
vn 0.9807 -0.0608 0.1855
vn 0.9285 -0.3522 0.1175
vn 0.9949 -0.0718 0.0704
vn 0.9254 -0.3655 0.1005
vn 0.9878 -0.1201 0.0989
vn 0.9220 -0.3796 0.0764
vn 0.9809 -0.1730 0.0891
vn 0.9171 -0.3958 0.0477
vn 0.9742 -0.2165 0.0641
vn 0.9712 0.2380 -0.0034
vn 0.8583 0.4828 -0.1734
vn 0.9742 0.2188 0.0551
vn 0.8776 0.4770 0.0480
vn 0.9779 0.1378 0.1569
vn 0.8903 0.3953 0.2260
vn 0.9860 0.0451 0.1604
vn 0.9206 0.2993 0.2507
vn 0.9931 -0.0293 0.1132
vn 0.9593 0.2160 0.1821
vn 0.6881 0.6596 -0.3022
vn 0.5162 0.7850 -0.3425
vn 0.7244 0.6894 0.0021
vn 0.5541 0.8298 -0.0661
vn 0.7345 0.6430 0.2167
vn 0.5520 0.8279 0.0988
vn 0.7617 0.5880 0.2720
vn 0.5424 0.8229 0.1692
vn 0.8105 0.5442 0.2163
vn 0.5429 0.8248 0.1578
vn 0.3896 0.8876 -0.2457
vn 0.0000 0.9876 -0.1568
vn 0.4311 0.8988 -0.0787
vn 0.0000 0.9977 -0.0669
vn 0.4225 0.9051 -0.0486
vn 0.0000 0.9928 -0.1198
vn 0.3850 0.9229 0.0095
vn 0.0000 0.9972 -0.0742
vn 0.3486 0.9359 0.0497
vn 0.0000 1.0000 -0.0025
vn 0.0822 -0.3745 0.9236
vn 0.0000 -0.3702 0.9290
vn 0.0708 -0.3586 0.9308
vn 0.0286 -0.3537 0.9349
vn 0.3408 -0.3185 0.8845
vn 0.2793 -0.1487 0.9486
vn 0.0786 0.1149 0.9902
vn 0.0000 0.0591 0.9982
vn -0.0321 0.5589 -0.8285
vn -0.0835 0.7576 -0.6473
vn -0.6174 0.6028 -0.5053
vn -0.5553 0.3327 -0.7622
vn 0.0910 0.4150 -0.9052
vn 0.0071 0.9004 -0.4349
vn 0.1336 0.9481 -0.2886
vn -0.4837 0.8422 -0.2382
vn 0.2060 0.9629 -0.1745
vn 0.2156 0.9764 -0.0057
vn 0.1702 0.9676 0.1864
vn 0.1125 0.9105 0.3979
vn 0.0728 0.7854 0.6147
vn 0.0631 0.6250 0.7781
vn 0.0757 0.4567 0.8863
vn 0.0938 0.2760 0.9565
vn 0.1061 0.0881 0.9904
vn 0.0963 -0.0921 0.9911
vn 0.0296 -0.2662 0.9634
vn -0.0788 -0.4782 0.8747
vn -0.1159 -0.6941 0.7105
vn -0.0602 -0.8210 0.5677
vn -0.0162 -0.8938 0.4480
vn -0.0172 -0.9551 0.2958
vn -0.0414 -0.9927 0.1129
vn -0.0606 -0.9936 -0.0953
vn -0.0520 -0.9518 -0.3024
vn -0.0269 -0.8755 -0.4825
vn -0.0097 -0.7687 -0.6395
vn 0.0022 -0.6301 -0.7765
vn 0.0181 -0.4656 -0.8848
vn 0.0376 -0.2835 -0.9582
vn 0.0802 -0.0683 -0.9944
vn 0.1428 0.1557 -0.9774
vn 0.1584 0.3167 -0.9352
vn 0.8712 0.1079 0.4788
vn 0.9970 -0.0460 0.0617
vn 0.9999 -0.0097 0.0109
vn 0.8900 0.1334 0.4360
vn 0.5310 0.2595 0.8066
vn 0.5228 0.2364 0.8190
vn 0.4799 0.1780 0.8590
vn 0.7214 -0.0399 0.6914
vn 0.8819 -0.2849 0.3755
vn 0.9986 -0.0457 -0.0245
vn 0.9323 0.2875 -0.2195
vn 0.9609 0.0468 -0.2730
vn 0.9974 -0.0569 -0.0433
vn 0.9043 -0.4178 0.0876
vn 0.8757 -0.4751 0.0859
vn 0.8433 -0.5329 0.0692
vn 0.9703 -0.1764 -0.1652
vn 0.8840 0.3908 -0.2564
vn -0.9922 -0.0886 -0.0871
vn -0.9969 -0.0440 0.0654
vn -0.9998 -0.0103 0.0194
vn -0.9818 -0.0641 -0.1786
vn -0.9703 0.0391 -0.2385
vn -0.9982 -0.0512 -0.0299
vn -0.9261 -0.3675 0.0850
vn -0.9124 -0.3704 0.1741
vn -0.8938 -0.2694 0.3586
vn -0.1870 0.2801 0.9416
vn 0.0041 0.2856 0.9583
vn 0.0030 0.3101 0.9507
vn -0.1923 0.3034 0.9333
vn -0.5492 0.2545 0.7960
vn -0.5400 0.2319 0.8091
vn -0.5011 0.1765 0.8472
vn -0.1950 0.1192 0.9735
vn 0.0028 0.1387 0.9903
vn -0.2943 0.7684 0.5683
vn -0.0067 0.8063 0.5914
vn -0.0057 0.9698 0.2439
vn -0.2833 0.9285 0.2398
vn -0.2583 0.5472 0.7961
vn -0.0033 0.5674 0.8235
vn 0.9482 -0.2630 -0.1780
vn 0.9386 -0.3354 -0.0806
vn 0.9498 -0.1902 -0.2483
vn -0.9521 -0.2556 -0.1674
vn -0.9423 -0.3265 -0.0735
vn -0.9547 -0.1845 -0.2334
vn 0.2663 0.7759 0.5718
vn 0.2573 0.9363 0.2391
vn 0.2366 0.5509 0.8003
vn 0.1224 -0.3970 -0.9096
vn 0.3577 -0.2835 -0.8897
vn -0.0227 -0.4142 -0.9099
vn -0.0187 -0.4541 -0.8907
vn 0.2062 -0.4427 -0.8726
vn 0.5667 -0.3650 -0.7387
vn 0.2141 -0.1911 -0.9579
vn 0.5714 -0.1530 -0.8063
vn -0.0113 -0.1971 -0.9803
vn -0.0046 0.0983 -0.9951
vn 0.2190 0.0969 -0.9709
vn 0.5695 0.0888 -0.8172
vn 0.2311 0.3516 -0.9072
vn 0.5893 0.2975 -0.7511
vn -0.0031 0.3598 -0.9330
vn -0.0053 0.5234 -0.8520
vn 0.2479 0.5080 -0.8249
vn 0.6183 0.4146 -0.6676
vn 0.2415 0.6476 -0.7226
vn 0.6023 0.5327 -0.5945
vn -0.0042 0.6673 -0.7447
vn -0.0006 0.8445 -0.5354
vn 0.2212 0.8241 -0.5214
vn 0.5620 0.7006 -0.4395
vn 0.2268 0.9593 -0.1685
vn 0.5754 0.8066 -0.1355
vn -0.0013 0.9843 -0.1763
vn -0.8596 0.4818 0.1699
vn -0.9721 0.1854 -0.1438
vn -0.5123 0.7498 0.4187
vn -0.5547 0.4049 0.7269
vn -0.8898 0.2165 0.4017
vn -0.9998 0.0193 -0.0005
vn -0.8842 0.0983 0.4566
vn -0.9998 0.0166 0.0089
vn -0.5367 0.1902 0.8220
vn -0.5572 -0.0600 0.8282
vn -0.8969 -0.0403 0.4402
vn -0.9999 0.0115 0.0051
vn -0.9032 -0.1484 0.4027
vn -0.9999 0.0053 0.0146
vn -0.5824 -0.2747 0.7651
vn -0.5795 -0.3872 0.7170
vn -0.8976 -0.2106 0.3872
vn -0.9996 -0.0027 0.0285
vn -0.8914 -0.2684 0.3650
vn -0.9996 -0.0068 0.0273
vn -0.5634 -0.4778 0.6740
vn -0.5781 -0.6222 0.5279
vn -0.9030 -0.3393 0.2636
vn -0.9999 0.0046 0.0082
vn -0.9269 -0.3658 0.0837
vn -0.9998 0.0166 0.0064
vn -0.6426 -0.7407 0.1958
vn 0.7124 0.6931 0.1096
vn 0.3744 0.8212 0.4306
vn 0.8565 0.3991 -0.3273
vn 0.9998 0.0173 0.0026
vn 0.8891 0.2145 0.4042
vn 0.5440 0.4047 0.7350
vn 0.8852 0.0957 0.4552
vn 0.5248 0.1888 0.8300
vn 0.9998 0.0141 0.0092
vn 0.9999 0.0094 0.0038
vn 0.8980 -0.0428 0.4378
vn 0.5425 -0.0639 0.8376
vn 0.9025 -0.1522 0.4029
vn 0.5613 -0.2828 0.7778
vn 0.9999 0.0030 0.0132
vn 0.9996 -0.0054 0.0276
vn 0.8949 -0.2162 0.3903
vn 0.5531 -0.3984 0.7317
vn 0.8873 -0.2760 0.3694
vn 0.5337 -0.4910 0.6885
vn 0.9996 -0.0100 0.0269
vn 1.0000 0.0005 0.0074
vn 0.8983 -0.3496 0.2661
vn 0.5462 -0.6405 0.5398
vn 0.9229 -0.3764 0.0810
vn 0.6106 -0.7667 0.1982
vn 0.9999 0.0129 0.0032
vn -0.2214 -0.3913 -0.8932
vn -0.5813 -0.2716 -0.7670
vn -0.6086 -0.3469 -0.7136
vn -0.2555 -0.4358 -0.8630
vn -0.2520 -0.1877 -0.9493
vn -0.6106 -0.1426 -0.7790
vn -0.6067 0.0917 -0.7896
vn -0.2465 0.0983 -0.9641
vn -0.2554 0.3513 -0.9007
vn -0.6231 0.2918 -0.7257
vn -0.6470 0.4044 -0.6464
vn -0.2745 0.5056 -0.8179
vn -0.2646 0.6444 -0.7174
vn -0.6277 0.5211 -0.5783
vn -0.5854 0.6890 -0.4273
vn -0.2373 0.8220 -0.5177
vn -0.2446 0.9555 -0.1647
vn -0.6000 0.7898 -0.1274
vn -0.1305 0.8310 0.5408
vn 0.0146 0.8292 0.5587
vn 0.0094 0.4942 0.8693
vn -0.1715 0.4868 0.8565
vn -0.1609 0.2267 0.9606
vn 0.0009 0.2280 0.9737
vn -0.0054 -0.0756 0.9971
vn -0.1699 -0.0697 0.9830
vn -0.1890 -0.3291 0.9252
vn -0.0087 -0.3384 0.9409
vn -0.0098 -0.4736 0.8807
vn -0.1941 -0.4634 0.8646
vn -0.1846 -0.5617 0.8065
vn -0.0096 -0.5728 0.8196
vn -0.0086 -0.7546 0.6561
vn -0.1871 -0.7382 0.6480
vn -0.2258 -0.9378 0.2637
vn -0.0071 -0.9648 0.2629
vn 0.1310 0.8285 0.5444
vn 0.1733 0.4831 0.8582
vn 0.1505 0.2238 0.9629
vn 0.1488 -0.0735 0.9861
vn 0.1599 -0.3335 0.9291
vn 0.1610 -0.4679 0.8690
vn 0.1510 -0.5668 0.8099
vn 0.1542 -0.7455 0.6484
vn 0.1925 -0.9465 0.2590
vn -0.8756 -0.0659 -0.4784
vn -0.9043 -0.1703 -0.3915
vn -0.9057 -0.0595 -0.4197
vn -0.9047 0.0673 -0.4207
vn -0.9142 0.1617 -0.3714
vn -0.9236 0.2089 -0.3214
vn -0.9152 0.2724 -0.2968
vn -0.8955 0.3825 -0.2273
vn -0.9020 0.4275 -0.0599
vn 0.6979 0.0225 -0.7158
vn 0.8968 -0.1803 -0.4039
vn 0.8971 -0.0653 -0.4369
vn 0.8949 0.0673 -0.4412
vn 0.9068 0.1650 -0.3880
vn 0.9191 0.2121 -0.3319
vn 0.9116 0.2760 -0.3045
vn 0.8909 0.3883 -0.2353
vn 0.8970 0.4370 -0.0670
vn -0.4163 -0.7748 0.4757
vn -0.4487 -0.8607 0.2406
vn -0.0298 -0.9624 0.2699
vn -0.0227 -0.8389 0.5438
vn -0.0128 -0.5838 0.8118
vn -0.3840 -0.5627 0.7320
vn 0.3656 -0.7939 0.4859
vn 0.3795 -0.8921 0.2452
vn 0.8944 -0.4047 0.1901
vn 0.3488 -0.5688 0.7448
vn -0.2847 -0.2569 0.9236
vn -0.7320 -0.0348 0.6803
vn -0.0038 -0.2400 0.9707
vn 0.2615 -0.2577 0.9301
vn 0.1847 0.1208 0.9753
vn 0.9912 -0.0928 -0.0942
vn 0.9790 -0.0644 -0.1933
vn 0.1810 0.2807 0.9425
vn 0.1841 0.3043 0.9346
vn -0.8749 0.1055 0.4727
vn -0.8923 0.1295 0.4325
vn -0.9992 -0.0381 -0.0076
vn -0.9061 -0.4141 0.0869
vn -0.9468 0.2624 -0.1863
vn -0.9049 0.3628 -0.2224
vn -0.9810 -0.1449 -0.1289
vn -0.8822 -0.4650 0.0736
vn -0.4308 -0.2567 -0.8651
vn -0.8353 -0.1970 -0.5133
vn 0.0037 -0.2591 -0.9658
vn 0.0193 0.3585 -0.9333
vn -0.5887 0.2331 -0.7740
vn -0.8960 0.1457 0.4195
vn -0.5732 0.2971 0.7637
vn -0.9995 -0.0110 0.0280
vn 0.1975 0.3643 0.9101
vn 0.5531 0.3042 0.7755
vn 0.0005 0.3715 0.9284
vn 0.9572 -0.1199 -0.2634
vn 0.8088 -0.2033 -0.5519
vn 0.9997 -0.0106 0.0200
vn -0.2110 0.3631 0.9075
vn -0.9622 -0.1168 -0.2458
vn 0.3971 -0.2569 -0.8811
vn 0.5657 0.2396 -0.7891
vn 0.8931 0.1499 0.4240
vn 0.5155 -0.3820 -0.7670
vn -0.0035 -0.4074 -0.9132
vn 0.0269 0.7544 -0.6558
vn 0.5205 0.6375 -0.5680
vn 0.3999 -0.9154 0.0461
vn -0.0297 -0.9975 0.0638
vn -0.5364 -0.3545 -0.7659
vn -0.5234 0.6415 -0.5608
vn -0.4717 -0.8802 0.0518
vn 0.4725 0.7007 -0.5345
vn 0.0283 0.7943 -0.6069
vn -0.4234 -0.8882 0.1782
vn -0.0315 -0.9817 0.1876
vn -0.4770 0.7020 -0.5287
vn 0.3424 -0.9222 0.1794
vn -0.0326 -0.1298 0.9910
vn -0.0878 -0.4460 0.8907
vn 0.0152 -0.1639 0.9864
vn -0.1518 0.1560 0.9760
vn -0.1946 0.1816 0.9639
vn -0.2697 0.1814 0.9457
vn -0.2058 -0.0175 0.9784
vn -0.1995 -0.3303 0.9225
vn -0.0569 0.2847 -0.9569
vn 0.0000 0.3304 -0.9438
vn 0.1424 0.2122 -0.9668
vn 0.0697 -0.0396 -0.9968
vn -0.1219 0.0359 -0.9919
vn 0.0000 0.0557 -0.9984
vn 0.2914 0.6619 -0.6906
vn 0.0728 0.6914 -0.7188
vn 0.0788 0.4584 -0.8853
vn 0.3414 0.3963 -0.8523
vn -0.4808 0.5186 0.7070
vn -0.4873 0.5016 0.7147
vn -0.6288 0.6707 0.3933
vn -0.5386 0.5980 0.5935
vn -0.4944 0.4791 0.7252
vn -0.4840 0.4366 0.7584
vn -0.2690 0.9139 -0.3038
vn -0.6532 0.6091 0.4498
vn -0.5353 0.8206 0.2002
vn -0.3611 0.8206 -0.4428
vn -0.5135 0.5167 0.6851
vn -0.6636 0.6385 0.3898
vn -0.1974 0.3187 0.9271
vn -0.2282 0.6484 0.7263
vn -0.5265 0.6920 0.4938
vn -0.6534 0.6862 0.3196
vn 0.3097 0.0735 -0.9480
vn 0.0425 0.2636 -0.9637
vn -0.0708 0.1865 -0.9799
vn 0.2595 -0.1435 -0.9550
vn -0.4600 0.7664 -0.4483
vn -0.5566 0.7778 0.2920
vn -0.6367 0.7253 -0.2615
vn 0.0120 -0.1975 0.9802
vn 0.0000 -0.2283 0.9736
vn 0.0000 0.0066 1.0000
vn 0.0072 0.0129 0.9999
vn -0.1397 -0.0082 -0.9901
vn 0.0000 -0.0029 -1.0000
vn 0.0580 -0.0951 -0.9938
vn -0.0595 0.2203 -0.9736
vn -0.2166 0.1918 -0.9572
vn 0.0000 0.1574 -0.9875
vn -0.3820 0.8352 -0.3957
vn -0.5653 0.7631 -0.3132
vn -0.2993 0.9288 -0.2185
vn -0.0024 0.2325 -0.9726
vn -0.1998 0.2992 -0.9330
vn -0.1899 0.9663 -0.1737
vn 0.0400 0.5985 0.8001
vn 0.0000 0.5940 0.8045
vn 0.0000 0.9278 -0.3730
vn 0.2385 -0.1963 -0.9511
vn -0.2165 0.2302 -0.9487
vn -0.7095 0.6952 -0.1150
vn 0.0474 0.2274 0.9726
vn 0.0000 0.2636 0.9646
vn -0.3811 0.2213 0.8976
vn -0.4303 0.4002 0.8091
vn -0.3479 0.2354 0.9075
vn -0.2926 -0.0533 0.9547
vn -0.2834 -0.3697 0.8849
vn -0.3912 -0.0246 0.9200
vn -0.4282 -0.4639 0.7755
vn -0.3417 -0.6479 0.6807
vn -0.2863 -0.7418 0.6063
vn -0.2498 -0.6016 0.7587
vn -0.6030 0.2693 0.7509
vn -0.4716 0.5312 0.7038
vn -0.5908 -0.4230 0.6870
vn -0.3649 -0.7812 0.5065
vn -0.2806 -0.8109 0.5134
vn -0.2046 -0.7227 0.6601
vn -0.4607 0.5487 0.6976
vn -0.8007 -0.1760 -0.5726
vn -0.9265 -0.3714 -0.0605
vn 0.0000 -0.1266 -0.9919
vn 0.0000 -0.0933 -0.9956
vn -0.8633 -0.0738 -0.4993
vn -0.9925 -0.1188 -0.0290
vn -0.8213 -0.3464 0.4533
vn 0.0000 -0.4743 0.8803
vn -0.8907 -0.1484 0.4296
vn 0.0000 -0.2817 0.9595
vn -0.8459 -0.0529 -0.5306
vn -0.9992 -0.0356 -0.0193
vn -0.9965 -0.0817 -0.0156
vn -0.8579 -0.0934 -0.5051
vn 0.0000 -0.1638 -0.9865
vn 0.0000 -0.1041 -0.9946
vn 0.0000 0.1039 -0.9946
vn -0.7933 0.1196 -0.5970
vn -0.9839 0.1783 -0.0153
vn -0.8846 -0.0365 0.4648
vn 0.0000 -0.0764 0.9971
vn 0.0000 -0.1556 0.9878
vn -0.8879 -0.0809 0.4528
vn -0.8357 0.0894 0.5418
vn 0.0000 0.0515 0.9987
vn -0.8931 -0.0982 0.4389
vn 0.0000 -0.2118 0.9773
vn -0.9968 -0.0779 -0.0185
vn -0.8661 -0.0815 -0.4932
vn 0.0000 -0.1463 -0.9892
vn -0.6826 0.3343 -0.6498
vn -0.8983 0.4391 0.0169
vn 0.0000 0.3469 -0.9379
vn 0.0000 0.5618 -0.8273
vn -0.6124 0.4708 -0.6350
vn -0.8248 0.5631 0.0509
vn -0.6963 0.2168 0.6842
vn 0.0000 0.1274 0.9918
vn -0.5526 0.2939 0.7799
vn 0.0000 0.1742 0.9847
vn -0.6284 0.5067 -0.5902
vn -0.8720 0.4522 -0.1874
vn 0.0000 0.6946 -0.7194
vn 0.0000 0.6984 -0.7157
vn -0.6715 0.5090 -0.5385
vn -0.9827 0.1069 0.1512
vn 0.9040 -0.2577 0.3410
vn 0.5901 -0.7100 -0.3842
vn 0.2351 -0.6385 0.7328
vn 0.2246 0.1279 0.9660
vn -0.0608 0.4720 0.8795
vn 0.4930 0.4537 0.7423
vn 0.7356 0.3078 0.6035
vn 0.9580 -0.2779 0.0703
vn 0.5861 -0.6303 -0.5090
vn -0.6454 0.5718 -0.5064
vn -0.9674 0.2034 0.1509
vn 0.0000 0.6697 -0.7426
vn 0.0000 0.6814 -0.7319
vn -0.5706 0.6428 -0.5111
vn -0.9521 0.2710 0.1417
vn -0.6298 -0.2601 0.7319
vn 0.0000 -0.2930 0.9561
vn 0.0000 -0.1171 0.9931
vn -0.5602 -0.2605 0.7863
vn -0.6589 -0.3045 0.6878
vn 0.0000 -0.4240 0.9057
vn -0.3856 0.9064 -0.1724
vn -0.6681 0.7191 -0.1910
vn -0.0881 0.9401 -0.3292
vn 0.5433 0.7462 0.3847
vn 0.0385 0.8625 0.5044
vn -0.5153 0.7879 0.3370
vn -0.6510 -0.4333 0.6232
vn 0.0000 -0.5520 0.8338
vn -0.9630 -0.0324 0.2676
vn -0.9338 -0.2279 0.2758
vn -0.6308 -0.5434 0.5539
vn 0.0000 -0.6652 0.7466
vn 0.2234 0.8767 -0.4260
vn 0.2550 0.8249 -0.5045
vn 0.0000 0.9338 -0.3578
vn 0.0000 0.9884 -0.1519
vn 0.0000 0.9951 -0.0989
vn -0.2637 0.7641 -0.5887
vn 0.1312 -0.2938 -0.9468
vn 0.8161 0.0990 -0.5693
vn 0.9326 0.3092 -0.1859
vn -0.5840 -0.6566 0.4773
vn 0.0000 -0.7757 0.6311
vn -0.8860 -0.4094 0.2176
vn -0.9487 -0.2980 -0.1056
vn -0.4735 -0.8105 0.3447
vn 0.0000 -0.8761 0.4822
vn -0.4698 0.8741 -0.1236
vn -0.9250 0.0834 -0.3706
vn -0.5091 0.8314 -0.2226
vn 0.0000 0.9988 -0.0494
vn 0.0000 0.9992 -0.0390
vn -0.4140 0.9099 -0.0272
vn -0.9340 0.0898 -0.3457
vn -0.3605 0.9315 -0.0477
vn -0.8939 0.3891 -0.2225
vn 0.0000 0.9931 -0.1171
vn 0.0000 0.2804 -0.9599
vn -0.6289 0.3466 -0.6959
vn -0.8244 0.4309 -0.3670
vn -0.5586 -0.7970 -0.2295
vn -0.4527 -0.8915 0.0139
vn -0.5498 -0.7744 -0.3130
vn -0.3068 -0.9184 -0.2496
vn -0.3378 -0.9244 -0.1772
vn -0.3533 -0.9353 0.0187
vn -0.3916 -0.8873 0.2435
vn 0.0000 -0.9286 0.3710
vn -0.3963 -0.8971 0.1951
vn 0.0000 -0.9543 0.2987
vn -0.2698 -0.9545 -0.1270
vn -0.3563 -0.9338 0.0328
vn -0.2225 -0.9501 -0.2184
vn 0.0000 -0.9821 -0.1882
vn 0.0000 -0.9965 -0.0830
vn 0.0000 -0.9977 0.0678
vn -0.4299 -0.8866 0.1703
vn 0.0000 -0.9672 0.2541
vn 0.0000 -0.9859 0.1671
vn 0.0000 -0.9747 0.2233
vn -0.4475 -0.8539 -0.2658
vn -0.2762 -0.9265 -0.2554
vn -0.7022 -0.6418 -0.3080
vn -0.4712 -0.8139 -0.3399
vn -0.2992 -0.8877 -0.3500
vn -0.2326 -0.9350 -0.2677
vn -0.7546 -0.5100 -0.4129
vn -0.5514 -0.6048 -0.5746
vn -0.3146 -0.8215 -0.4755
vn -0.3852 -0.8054 -0.4504
vn -0.3301 -0.7270 -0.6021
vn 0.0000 -0.8036 -0.5951
vn 0.0000 -0.8869 -0.4619
vn -0.2055 -0.8598 -0.4674
vn -0.2254 -0.9412 -0.2517
vn 0.0000 -0.9708 -0.2399
vn -0.1979 -0.9371 -0.2875
vn 0.0000 -0.9613 -0.2756
vn -0.1939 -0.8844 -0.4245
vn 0.0000 -0.9308 -0.3656
vn -0.4268 0.4085 0.8068
vn -0.6398 0.4760 0.6034
vn -0.5212 0.5870 0.6195
vn -0.2769 0.6192 0.7347
vn -0.3305 0.2624 0.9066
vn -0.4903 -0.3324 0.8057
vn -0.2924 -0.0710 0.9536
vn -0.3660 -0.8954 0.2535
vn -0.8331 -0.1423 0.5344
vn -0.7884 -0.0412 0.6138
vn -0.8152 0.3481 0.4628
vn -0.7381 0.3801 0.5573
vn -0.2502 0.1563 0.9555
vn 0.0000 0.1291 0.9916
vn -0.8738 0.4371 0.2127
vn -0.4485 0.5823 0.6780
vn -0.4973 0.7267 0.4738
vn -0.8902 0.4494 0.0744
vn -0.8166 -0.2459 -0.5222
vn -0.8761 -0.0359 -0.4807
vn -0.9013 0.1330 -0.4122
vn -0.8805 0.2888 0.3758
vn -0.4378 0.2803 0.8542
vn -0.8838 0.4297 0.1849
vn -0.5317 0.7286 0.4317
vn -0.8422 -0.4077 -0.3526
vn -0.0789 0.7671 0.6367
vn 0.0711 0.7076 0.7030
vn -0.0181 -0.7936 -0.6082
vn -0.0998 -0.6580 -0.7464
vn -0.2951 0.0200 -0.9553
vn -0.8791 0.2006 -0.4324
vn -0.9218 0.0498 -0.3845
vn -0.3694 -0.1600 -0.9153
vn 0.4172 -0.3307 -0.8465
vn 0.4556 -0.1818 -0.8714
vn 0.3881 -0.3386 -0.8571
vn -0.3208 -0.1162 -0.9400
vn -0.8524 0.1790 -0.4913
vn 0.1473 0.4857 0.8616
vn 0.7614 0.1358 0.6339
vn 0.1872 0.1638 0.9686
vn 0.8011 -0.0356 0.5974
vn -0.2438 -0.4319 -0.8683
vn 0.5447 -0.5028 -0.6711
vn 0.5025 -0.1733 -0.8470
vn -0.3123 -0.0621 -0.9479
vn 0.9579 -0.2868 0.0168
vn 0.9739 -0.1905 -0.1234
vn 0.7292 -0.6703 -0.1374
vn 0.1783 -0.7488 -0.6383
vn 0.8897 -0.3884 -0.2397
vn 0.8808 -0.1636 0.4443
vn 0.9478 0.0071 0.3186
vn 0.9352 0.3211 0.1491
vn 0.8308 -0.5539 0.0535
vn 0.0211 -0.9777 -0.2090
vn 0.9326 -0.2805 -0.2270
vn 0.9197 -0.3328 -0.2081
vn 0.8048 -0.2678 0.5296
vn 0.8232 -0.2208 0.5230
vn -0.8744 0.2323 0.4260
vn -0.4468 0.1268 0.8856
vn -0.4813 0.0662 0.8740
vn -0.8940 0.1631 0.4173
vn -0.8421 0.4115 0.3486
vn -0.3242 0.4078 0.8536
vn 0.1860 -0.0350 0.9819
vn 0.1567 -0.1007 0.9825
vn 0.3870 0.1922 0.9018
vn -0.8101 0.5799 -0.0853
vn -0.1042 0.9899 -0.0964
vn 0.0374 0.9920 0.1207
vn -0.7369 0.6755 0.0254
vn -0.9550 -0.2323 -0.1840
vn -0.9285 -0.3637 -0.0741
vn -0.8913 -0.4445 0.0892
vn -0.8889 0.3726 -0.2665
vn -0.1717 0.8320 -0.5274
vn -0.7874 0.5944 0.1631
vn -0.0310 0.8600 0.5094
vn -0.9073 -0.1086 -0.4061
vn 0.6433 0.5603 0.5217
vn 0.6132 0.7768 0.1431
vn -0.4617 -0.5374 -0.7057
vn -0.5135 -0.8157 -0.2661
vn -0.4769 -0.6471 0.5948
vn -0.8956 -0.3850 0.2228
vn -0.4508 -0.8439 0.2907
vn 0.2639 -0.8732 0.4096
vn 0.3326 -0.6068 0.7219
vn 0.4795 -0.5963 0.6438
vn -0.4702 -0.6642 0.5812
vn -0.9275 -0.3097 0.2093
vn 0.4795 0.8759 -0.0530
vn 0.9004 0.4330 0.0425
vn 0.4764 0.7796 -0.4065
vn 0.8997 0.4237 -0.1042
vn -0.4645 -0.8847 -0.0402
vn 0.1863 -0.9818 0.0356
vn 0.9255 -0.3592 0.1199
vn 0.9305 -0.2465 0.2708
vn -0.4581 -0.8436 0.2802
vn -0.9423 -0.3110 0.1240
vn 0.5340 -0.7975 0.2807
vn 0.5275 -0.8400 -0.1270
vn -0.4504 -0.8813 -0.1428
vn -0.9494 -0.3133 -0.0199
vn 0.9606 -0.0750 0.2675
vn 0.9093 0.3366 -0.2445
vn 0.9153 0.3113 -0.2554
vn 0.9864 -0.0087 0.1643
vn -0.9219 0.1081 -0.3720
vn -0.2305 0.5201 -0.8224
vn -0.9592 0.0924 -0.2671
vn -0.3312 0.4883 -0.8074
vn 0.5411 0.5288 -0.6539
vn 0.5715 0.5100 -0.6429
vn -0.4526 -0.6598 -0.5998
vn -0.9573 -0.2010 -0.2076
vn 0.5510 -0.6751 -0.4905
vn 0.5001 -0.3542 -0.7902
vn -0.3984 -0.1995 -0.8952
vn -0.9376 0.0302 -0.3463
vn 0.9931 -0.0825 0.0830
vn 0.9258 0.3386 -0.1679
vn 0.9342 0.3567 -0.0079
vn 0.9896 -0.1438 0.0067
vn -0.9649 0.2126 -0.1542
vn -0.3584 0.7585 -0.5442
vn -0.9593 0.2821 -0.0110
vn -0.3388 0.9356 -0.0988
vn 0.5815 0.6847 -0.4393
vn 0.5894 0.8050 -0.0676
vn -0.9392 -0.3030 -0.1612
vn -0.3477 -0.9326 0.0963
vn -0.2608 -0.2074 0.9428
vn -0.8453 0.0040 0.5342
vn -0.9294 0.2599 -0.2620
vn -0.8896 0.0651 -0.4520
vn -0.2649 -0.1555 -0.9516
vn -0.2119 -0.2515 -0.9443
vn -0.0971 -0.3280 -0.9397
vn 0.9869 -0.1590 -0.0250
vn 0.9348 0.2704 0.2303
vn 0.9103 0.0017 0.4140
vn 0.9732 -0.2043 -0.1052
vn -0.9532 0.2678 0.1405
vn -0.3232 0.8177 0.4763
vn -0.9398 0.1746 0.2937
vn -0.3182 0.3205 0.8922
vn 0.5887 0.6798 0.4373
vn 0.5456 0.2073 0.8119
vn 0.0016 -0.2345 -0.9721
vn 0.3000 -0.1944 -0.9339
vn 0.2938 -0.2894 -0.9109
vn 0.1574 -0.3360 -0.9286
vn -0.1314 -0.0506 -0.9900
vn 0.1512 -0.0378 -0.9878
vn 0.5740 -0.8186 0.0207
vn 0.8994 -0.3873 -0.2027
vn 0.9401 -0.2259 0.2552
vn 0.4972 -0.2915 0.8172
vn -0.3327 0.2340 -0.9135
vn -0.3448 0.2569 -0.9028
vn 0.3267 0.0855 -0.9412
vn 0.2945 0.1453 -0.9445
vn 0.7637 -0.0960 -0.6383
vn 0.8884 -0.0689 -0.4538
vn 0.9295 -0.1693 -0.3276
vn 0.3941 -0.0784 -0.9157
vn 0.9130 -0.2043 0.3531
vn -0.3449 0.1066 -0.9326
vn -0.9063 0.2092 -0.3670
vn 0.4988 -0.2153 0.8395
vn -0.3101 -0.1231 0.9427
vn -0.9041 0.0857 0.4185
vn -0.1569 -0.6620 -0.7329
vn 0.3512 -0.5965 -0.7217
vn -0.4613 -0.3939 -0.7950
vn -0.7412 -0.2661 -0.6162
vn -0.6092 -0.5481 -0.5731
vn -0.5895 -0.5470 -0.5943
vn -0.1080 -0.6563 -0.7467
vn 0.3633 -0.5889 -0.7219
vn -0.9257 -0.2700 -0.2650
vn -0.9194 -0.0765 -0.3857
vn -0.9815 0.1451 -0.1250
vn -0.9994 0.0149 0.0318
vn -0.9989 0.0450 0.0143
vn -0.9220 -0.2615 -0.2856
vn -0.9069 0.4136 -0.0805
vn -0.9745 0.1761 -0.1390
vn -0.8860 0.4557 0.0861
vn -0.9243 0.1930 -0.3293
vn -0.7989 0.3972 -0.4516
vn -0.6840 0.4365 -0.5845
vn 0.1705 0.8227 -0.5423
vn 0.0000 0.7163 -0.6978
vn 0.8654 0.4953 0.0765
vn -0.8550 0.5111 0.0875
vn -0.9815 0.1387 -0.1315
vn -0.8878 0.3509 0.2975
vn -0.4918 0.6597 0.5683
vn -0.4679 0.8361 0.2863
vn -0.4239 0.8978 -0.1191
vn -0.8162 0.5571 -0.1527
vn -0.9765 0.1382 -0.1653
vn 0.7473 -0.3250 -0.5795
vn 0.9498 0.1322 -0.2834
vn 0.9898 0.0453 -0.1348
vn 0.7841 -0.3490 -0.5131
vn 0.3309 -0.5671 -0.7542
vn 0.4210 -0.8408 -0.3402
vn 0.8086 -0.4790 -0.3416
vn 0.9392 0.0895 -0.3313
vn 0.8891 0.3650 0.2761
vn 0.5742 0.6059 0.5505
vn 0.9951 0.0390 -0.0903
vn 0.8748 0.4191 0.2432
vn 0.5475 0.6686 0.5032
vn 0.1048 0.7168 0.6893
vn -0.4809 0.6267 0.6131
vn 0.0744 0.7698 0.6339
vn 0.8057 -0.3343 -0.4888
vn -0.8974 0.3088 0.3151
vn 0.7785 0.4047 -0.4797
vn 0.4469 0.6802 -0.5810
vn 0.4582 0.8713 -0.1755
vn 0.7793 0.5730 -0.2535
vn 0.9819 -0.0180 -0.1884
vn 0.9990 -0.0454 0.0012
vn 0.7919 0.1615 -0.5889
vn 0.4482 0.3106 -0.8382
vn -0.0385 -0.7106 0.7025
vn 0.4393 -0.6421 0.6282
vn -0.1091 -0.9341 -0.3399
vn -0.6368 -0.7028 -0.3170
vn -0.6297 -0.5686 0.5293
vn -0.5569 -0.2075 0.8042
vn -0.0647 -0.2318 0.9706
vn 0.3326 -0.2102 0.9193
vn -0.8969 -0.2289 -0.3784
vn -0.5678 -0.5107 -0.6456
vn -0.9367 -0.2836 -0.2051
vn -0.1201 -0.6177 -0.7772
vn 0.8305 0.5569 0.0142
vn 0.5051 0.8337 0.2230
vn 0.0554 0.9436 0.3263
vn 0.0489 0.9909 -0.1249
vn -0.9119 -0.0316 0.4092
vn -0.6398 -0.0712 0.7652
vn -0.6460 -0.0920 0.7578
vn -0.9165 -0.0413 0.3978
vn -0.9974 0.0190 -0.0691
vn -0.9975 0.0273 -0.0656
vn -0.9967 0.0732 -0.0357
vn -0.9193 -0.0258 0.3926
vn -0.6637 -0.0014 0.7480
vn -0.7060 0.1040 -0.7005
vn -0.7420 0.0835 -0.6652
vn -0.1551 0.1122 -0.9815
vn -0.0645 0.1186 -0.9908
vn -0.0249 0.3962 -0.9178
vn -0.7075 0.2760 -0.6506
vn 0.0498 0.8010 -0.5965
vn -0.4143 0.7362 -0.5351
vn 0.0891 0.3880 -0.9173
vn -0.3480 0.3806 -0.8567
vn 0.8357 -0.4398 0.3288
vn 0.7373 -0.1708 0.6536
vn -0.8148 0.4334 -0.3851
vn -0.9907 0.0871 -0.1041
vn -0.7964 0.2257 -0.5611
vn -0.9962 0.0423 -0.0758
vn -0.9515 -0.2297 0.2047
vn -0.9165 -0.0995 0.3874
vn -0.0794 -0.9956 0.0498
vn -0.6575 -0.7498 0.0743
vn -0.6824 -0.7308 -0.0118
vn -0.0555 -0.9981 -0.0259
vn 0.6625 -0.7490 -0.0043
vn 0.6144 -0.7835 0.0927
vn 0.5253 -0.8072 0.2692
vn -0.1278 -0.9127 0.3881
vn -0.6272 -0.7483 0.2159
vn -0.9376 -0.1345 0.3207
vn -0.9164 -0.1332 0.3773
vn -0.9923 -0.0934 0.0805
vn -0.6696 -0.7427 -0.0051
vn -0.7039 -0.6954 0.1445
vn -0.7183 -0.6939 0.0511
vn -0.2792 -0.1013 0.9549
vn 0.0915 -0.1156 0.9890
vn 0.1103 -0.1182 0.9868
vn -0.2798 -0.1173 0.9528
vn -0.2367 -0.0409 0.9707
vn 0.2262 -0.0343 0.9734
vn 0.8348 0.0749 -0.5454
vn 0.5878 0.0969 -0.8032
vn 0.5935 0.0656 -0.8021
vn 0.8471 0.0363 -0.5301
vn 0.9958 -0.0210 0.0888
vn 0.9941 -0.0065 0.1078
vn 0.9806 0.0769 0.1802
vn 0.8342 0.2585 -0.4871
vn 0.5546 0.3587 -0.7508
vn 0.3496 0.1061 -0.9308
vn 0.3109 0.0912 -0.9460
vn 0.3388 0.3830 -0.8594
vn 0.6102 -0.1001 0.7859
vn 0.6320 -0.0903 0.7696
vn 0.6430 -0.0912 0.7604
vn 0.6924 -0.0914 0.7157
vn 0.9974 -0.0260 0.0668
vn 0.2215 -0.1242 0.9672
vn 0.2016 0.1629 -0.9658
vn -0.2573 0.1803 -0.9493
vn 0.5302 0.1165 -0.8398
vn 0.8316 0.0548 -0.5526
vn -0.1873 -0.1383 0.9725
vn -0.6133 -0.1190 0.7808
vn -0.7782 0.1192 -0.6166
vn -0.9972 0.0234 -0.0712
vn -0.9200 -0.0560 0.3878
vn 0.0588 -0.9758 -0.2105
vn 0.0144 -0.9956 -0.0923
vn 0.1718 -0.9851 -0.0067
vn 0.0307 -0.9962 -0.0808
vn -0.1479 -0.9882 -0.0405
vn -0.0086 -0.9959 -0.0894
vn 0.6274 -0.7544 0.1926
vn 0.0057 -0.9930 -0.1174
vn -0.0112 -0.9984 -0.0547
vn 0.6064 -0.7267 0.3228
vn 0.6516 -0.7418 0.1584
vn -0.0266 -0.9954 -0.0921
vn 0.7278 0.6180 -0.2973
vn 0.4216 0.7802 -0.4621
vn 0.9572 0.2888 -0.0180
vn 0.8749 0.4843 0.0010
vn 0.5182 0.8480 -0.1106
vn 0.2500 0.9537 -0.1671
vn -0.0410 -0.9980 0.0485
vn -0.1638 -0.9863 0.0213
vn 0.1272 -0.9902 0.0573
vn 0.0574 -0.9972 0.0484
vn -0.0432 -0.9984 0.0370
vn -0.1350 -0.9906 0.0198
vn 0.7298 -0.1885 0.6571
vn 0.9323 -0.1452 0.3312
vn 0.7146 -0.1517 0.6829
vn -0.0101 -0.9993 0.0358
vn 0.6786 -0.7209 0.1405
vn 0.0096 -0.9995 0.0304
vn 0.7091 -0.6979 0.1005
vn -0.3068 -0.9381 -0.1606
vn 0.0128 -0.9933 -0.1151
vn 0.0199 -0.9997 0.0134
vn -0.2220 -0.9743 -0.0368
vn -0.8024 -0.5714 -0.1722
vn -0.8113 -0.5478 -0.2041
vn -0.8474 -0.3880 -0.3623
vn -0.4523 -0.6383 -0.6228
vn -0.0192 -0.6717 -0.7405
vn -0.9734 -0.0364 -0.2261
vn -0.9748 -0.0146 -0.2226
vn -0.9541 0.2835 -0.0964
vn -0.9748 0.0839 -0.2068
vn -0.9165 0.0643 -0.3948
vn -0.9118 -0.0379 -0.4089
vn 0.0740 0.5326 0.8431
vn -0.2380 0.5454 0.8037
vn -0.0208 0.9271 0.3741
vn 0.3730 0.8657 0.3337
vn 0.9254 0.2955 0.2373
vn 0.8295 0.2177 0.5143
vn 0.7118 0.2994 0.6353
vn 0.1913 0.6309 0.7519
vn -0.1762 0.6746 0.7168
vn 0.9882 -0.0578 0.1415
vn 0.9958 0.0128 0.0899
vn 0.2429 0.8147 -0.5265
vn -0.0153 0.8311 -0.5558
vn 0.1297 0.9723 -0.1945
vn -0.0153 0.9762 -0.2162
vn -0.1145 -0.9934 0.0004
vn -0.7813 -0.6210 -0.0624
vn -0.8137 -0.5641 -0.1406
vn -0.1680 -0.9857 -0.0076
vn -0.6272 0.6147 -0.4782
vn -0.9544 0.2202 -0.2013
vn -0.4657 0.8417 -0.2732
vn -0.8980 0.3698 -0.2381
vn -0.9947 -0.0355 -0.0964
vn -0.9819 -0.0003 -0.1892
vn 0.6384 -0.0953 -0.7637
vn 0.3782 -0.0748 -0.9227
vn 0.3740 0.0026 -0.9274
vn 0.6479 -0.0222 -0.7614
vn 0.9271 -0.0461 -0.3720
vn 0.9198 -0.1057 -0.3779
vn 0.7767 -0.5431 -0.3191
vn 0.4631 -0.6951 -0.5499
vn 0.2345 -0.7024 -0.6720
vn 0.2246 -0.0602 -0.9726
vn -0.0425 -0.0474 -0.9980
vn -0.0515 0.0405 -0.9978
vn 0.2196 0.0217 -0.9753
vn 0.1497 -0.6968 -0.7014
vn -0.5593 -0.0427 -0.8278
vn -0.5878 0.0647 -0.8064
vn -0.0055 -0.9942 -0.1074
vn -0.0490 -0.9930 -0.1076
vn -0.1010 -0.9949 -0.0020
vn -0.0338 -0.9994 0.0050
vn -0.2994 0.5453 0.7829
vn -0.9370 0.2984 0.1816
vn -0.4883 0.8607 0.1438
vn 0.0140 0.9137 0.4061
vn 0.0380 0.5091 0.8598
vn 0.0251 0.6727 0.7395
vn -0.3562 0.6316 0.6886
vn -0.8614 0.3366 0.3803
vn -0.5742 0.0778 -0.8149
vn -0.0511 0.0446 -0.9977
vn -0.9122 0.0982 -0.3978
vn -0.9061 0.1986 -0.3736
vn -0.5471 0.4516 -0.7048
vn -0.0453 0.5090 -0.8596
vn 0.9933 -0.1116 -0.0309
vn 0.9993 -0.0334 -0.0150
vn 0.9953 -0.0554 0.0792
vn 0.6962 -0.7160 0.0505
vn 0.7185 -0.6919 -0.0705
vn 0.1405 -0.9834 -0.1147
vn 0.0259 -0.9996 0.0048
vn 0.1999 -0.0440 0.9788
vn 0.8375 -0.1043 0.5364
vn -0.4616 0.0446 0.8860
vn -0.4931 0.0151 0.8698
vn 0.2033 -0.0573 0.9774
vn 0.8542 -0.0940 0.5113
vn 0.1999 -0.0226 0.9795
vn 0.8590 -0.0843 0.5049
vn -0.5235 0.0518 0.8504
vn -0.5429 0.0682 0.8370
vn 0.1957 -0.0320 0.9801
vn 0.8585 -0.1427 0.4926
vn -0.9023 0.1316 0.4104
vn -0.8941 0.1861 -0.4073
vn -0.8859 0.2046 -0.4162
vn -0.9149 0.0986 0.3915
vn -0.9262 0.1096 0.3606
vn -0.8815 0.1911 -0.4318
vn -0.8860 0.0563 -0.4602
vn -0.9432 0.0932 0.3188
vn 0.9799 -0.0832 -0.1814
vn 0.5127 0.0395 -0.8576
vn 0.9826 -0.0524 -0.1781
vn 0.5485 0.0884 -0.8314
vn 0.9835 -0.0677 -0.1676
vn 0.5691 0.0532 -0.8205
vn 0.9620 -0.1898 -0.1960
vn 0.4962 -0.1740 -0.8506
vn -0.3014 0.1481 -0.9419
vn -0.2693 0.2011 -0.9418
vn -0.2507 0.1745 -0.9522
vn -0.2998 -0.0408 -0.9531
vn 0.1849 -0.0794 0.9795
vn 0.8319 -0.2459 0.4975
vn -0.5160 0.0736 0.8534
vn -0.9336 0.1054 0.3425
vn -0.9047 -0.0777 -0.4190
vn 0.9135 -0.3452 -0.2154
vn 0.4029 -0.4030 -0.8217
vn -0.3774 -0.2729 -0.8849
vn 0.9577 -0.1625 0.2375
vn 0.5986 -0.7703 -0.2197
vn 0.6556 -0.6131 -0.4407
vn 0.9413 -0.2865 0.1787
vn 0.7982 0.0119 0.6023
vn 0.8615 0.2576 0.4375
vn 0.8680 0.4964 0.0111
vn 0.9646 -0.0409 0.2605
vn 0.6187 -0.7729 0.1411
vn 0.0613 0.2064 0.9765
vn 0.6842 -0.2146 0.6970
vn 0.2383 0.4741 0.8476
vn -0.1559 -0.4316 -0.8885
vn 0.5810 -0.5945 -0.5558
vn -0.2096 -0.5781 -0.7885
vn 0.8643 -0.4951 0.0877
vn -0.9639 -0.2269 -0.1394
vn -0.9586 0.0467 -0.2810
vn -0.7947 0.2975 -0.5290
vn -0.9459 -0.0940 -0.3105
vn -0.8072 -0.5548 -0.2011
vn -0.7620 -0.6389 0.1053
vn -0.6276 -0.6141 0.4785
vn -0.7802 -0.4119 0.4707
vn -0.8465 -0.2155 0.4868
vn 0.3091 0.8927 0.3279
vn -0.7142 0.6844 -0.1466
vn -0.0768 0.8544 -0.5138
vn -0.9634 -0.0215 -0.2672
vn -0.8189 -0.4405 -0.3678
vn -0.3135 -0.8381 -0.4464
vn -0.2658 -0.9637 -0.0226
vn -0.0621 -0.4878 0.8707
vn -0.0789 -0.6948 0.7149
vn 0.4689 -0.5210 0.7132
vn 0.5808 -0.3674 0.7263
vn 0.5951 -0.3143 0.7396
vn -0.0885 -0.3628 0.9276
vn -0.2048 -0.9208 0.3318
vn 0.6109 -0.6223 0.4893
vn 0.9078 -0.1370 0.3963
vn 0.9545 -0.0740 0.2887
vn 0.9900 -0.0122 0.1403
vn 0.7319 -0.1856 0.6556
vn 0.7142 -0.2227 0.6635
vn 0.9921 0.0470 0.1159
vn 0.6316 0.3696 -0.6815
vn 0.6936 0.1858 -0.6960
vn 0.7565 -0.2883 -0.5869
vn 0.9858 -0.0125 0.1671
vn 0.7664 -0.0913 0.6358
vn -0.4345 -0.6316 -0.6420
vn 0.4028 -0.7215 -0.5632
vn -0.4104 -0.3240 -0.8524
vn -0.8963 0.0250 -0.4426
vn -0.8678 -0.1687 -0.4674
vn -0.8416 -0.1990 -0.5020
vn -0.6275 -0.4512 -0.6345
vn -0.1034 -0.7513 -0.6518
vn -0.9997 -0.0037 0.0252
vn -0.8213 0.1194 -0.5578
vn -0.7633 0.1943 -0.6161
vn -0.9971 -0.0729 -0.0194
vn -0.6615 -0.3367 0.6701
vn -0.6734 -0.1955 0.7129
vn -0.6953 -0.0856 0.7136
vn -0.9958 0.0914 0.0085
vn 0.1185 -0.2888 0.9500
vn 0.0909 -0.3876 0.9173
vn 0.1536 -0.1812 0.9713
vn -0.3031 0.1839 -0.9350
vn -0.2709 0.3641 -0.8910
vn 0.2418 0.9005 0.3612
vn 0.7304 0.6075 0.3121
vn 0.7880 0.5502 0.2763
vn 0.3313 0.8890 0.3162
vn -0.4171 0.8955 0.1552
vn -0.5066 0.8254 0.2489
vn -0.4182 0.6879 0.5932
vn 0.1917 0.6696 0.7176
vn 0.6487 0.5640 0.5109
vn 0.9565 0.1908 0.2205
vn 0.7518 0.1695 0.6372
vn 0.9957 0.0711 0.0592
vn 0.1516 0.1225 0.9808
vn -0.6732 0.2091 0.7093
vn -0.9377 0.3390 0.0752
vn -0.9118 0.3913 -0.1243
vn -0.4424 0.4605 -0.7695
vn 0.5149 0.0700 -0.8544
vn -0.8316 0.4714 -0.2936
vn -0.2872 0.9514 0.1112
vn 0.1588 0.9867 0.0350
vn 0.7252 0.6853 0.0664
vn -0.8706 0.4749 -0.1282
vn -0.2860 0.9388 0.1921
vn 0.3710 0.8739 0.3141
vn 0.8130 0.5173 0.2670
vn 0.9338 -0.2789 -0.2239
vn -0.3198 0.3587 -0.8769
vn 0.6268 0.3747 -0.6831
vn 0.6387 0.3325 -0.6938
vn -0.3694 0.3390 -0.8652
vn -0.7017 0.2280 -0.6749
vn -0.7284 0.2109 -0.6519
vn 0.0277 -0.4035 0.9145
vn -0.6963 -0.3463 0.6286
vn -0.7708 -0.2955 0.5643
vn -0.0411 -0.3916 0.9192
vn 0.6603 -0.2444 0.7101
vn 0.6833 -0.2366 0.6907
vn -0.9924 -0.0478 -0.1133
vn -0.9673 0.0399 -0.2506
vn 0.9897 0.0419 0.1372
vn 0.9853 0.0023 0.1709
vn 0.9729 -0.0714 0.2197
vn 0.6436 -0.2615 0.7193
vn 0.6987 0.3736 -0.6100
vn -0.9356 0.1170 -0.3331
vn -0.7038 0.2757 -0.6547
vn -0.8393 -0.1979 0.5064
vn -0.0752 -0.3507 0.9335
vn -0.3664 0.4396 -0.8200
vn -0.1069 -0.1231 0.9866
vn 0.7465 -0.1174 0.6549
vn 0.5871 0.7077 0.3930
vn -0.0720 0.7947 0.6027
vn -0.6301 0.6809 0.3732
vn -0.8499 -0.0985 0.5175
vn 0.0237 0.9656 0.2589
vn 0.6476 0.7237 0.2386
vn 0.6746 0.6583 0.3337
vn -0.0153 0.8884 0.4589
vn -0.7242 0.6000 0.3398
vn -0.6650 0.7040 0.2491
vn -0.9857 -0.0744 0.1512
vn -0.9927 -0.0855 0.0850
vn 0.9839 -0.0107 0.1782
vn 0.9941 -0.0056 0.1080
vn 0.9525 -0.0580 0.2987
vn 0.6711 -0.7412 0.0123
vn 0.5254 0.3332 0.7829
vn -0.9773 -0.1029 0.1851
vn -0.7291 0.2696 0.6290
vn -0.7045 -0.7091 -0.0269
vn -0.1549 0.3928 0.9065
vn -0.0422 -0.9964 -0.0728
vn 0.0235 -0.9997 0.0107
vn 0.7028 -0.7079 0.0702
vn -0.1086 -0.9941 0.0010
vn 0.9963 0.0001 0.0859
vn 0.8505 0.5233 0.0530
vn 0.0741 0.9967 -0.0315
vn -0.0156 0.9989 -0.0432
vn 0.1592 0.9871 -0.0166
vn -0.0271 0.9270 0.3741
vn 0.4387 0.8986 0.0098
vn -0.0356 -0.9993 0.0112
vn 0.0252 -0.9995 0.0204
vn -0.4381 0.8865 -0.1487
vn -0.8789 0.4173 -0.2310
vn -0.9740 -0.0050 -0.2264
vn -0.7965 -0.5794 -0.1726
vn -0.2045 -0.9783 -0.0329
vn -0.4835 0.8731 -0.0627
vn -0.9305 0.3530 -0.0978
vn -0.0314 0.9911 -0.1290
vn 0.5400 0.8416 0.0109
vn 0.1782 0.9807 -0.0796
vn 0.9405 0.3324 0.0699
vn 0.9263 0.1020 -0.3627
vn 0.6659 0.3770 -0.6437
vn 0.3676 0.4759 -0.7990
vn 0.0840 0.9923 -0.0905
vn -0.1151 0.6664 0.7366
vn 0.2076 0.5024 -0.8393
vn -0.9777 0.1267 -0.1674
vn 0.6382 -0.0299 -0.7692
vn 0.9208 -0.0543 -0.3862
vn 0.3625 0.0018 -0.9320
vn 0.9995 -0.0274 0.0137
vn 0.2118 0.0195 -0.9771
vn -0.1462 0.5412 0.8281
vn -0.6014 0.7933 -0.0947
vn -0.4500 0.8853 -0.1174
vn -0.4863 0.8728 0.0410
vn -0.6380 0.7683 0.0514
vn -0.5700 0.7873 -0.2352
vn -0.3906 0.8808 -0.2675
vn -0.3605 0.9261 -0.1111
vn -0.3451 0.8972 -0.2754
vn -0.3756 0.9239 0.0722
vn -0.0672 0.5789 -0.8126
vn -0.0962 0.7443 -0.6608
vn -0.2933 0.7176 -0.6317
vn -0.2174 0.4602 -0.8608
vn -0.0230 0.4517 -0.8919
vn -0.1096 0.2272 -0.9677
vn -0.0857 0.8704 -0.4848
vn -0.0569 0.9362 -0.3467
vn -0.1405 0.9807 -0.1354
vn -0.2301 0.9016 -0.3663
vn -0.0405 0.9708 -0.2364
vn -0.0422 0.9975 -0.0562
vn -0.0380 0.9964 -0.0757
vn -0.0424 0.9693 -0.2423
vn -0.0531 0.9888 0.1395
vn -0.0644 0.9578 0.2800
vn -0.0513 0.9436 0.3271
vn -0.0464 0.9878 0.1489
vn -0.0709 0.9052 0.4189
vn -0.0627 0.8282 0.5568
vn -0.0198 0.7049 0.7090
vn -0.0503 0.8545 0.5170
vn 0.2370 -0.8500 0.4704
vn 0.2261 -0.9015 0.3689
vn -0.1622 -0.7985 0.5798
vn 0.1814 -0.8821 0.4346
vn 0.2021 -0.8607 0.4671
vn 0.2283 -0.8589 0.4584
vn 0.1880 -0.9743 0.1238
vn 0.2157 -0.9550 -0.2033
vn -0.1051 -0.8747 -0.4730
vn -0.4057 -0.9131 0.0406
vn 0.5548 -0.7719 0.3104
vn 0.5965 -0.7948 -0.1116
vn 0.2713 -0.8654 -0.4212
vn 0.2535 -0.7067 -0.6605
vn 0.1892 -0.8386 -0.5108
vn 0.1591 -0.8851 -0.4373
vn 0.5568 -0.6162 -0.5569
vn 0.1750 -0.5153 -0.8389
vn 0.1104 -0.4519 -0.8852
vn 0.1257 -0.5602 -0.8187
vn 0.1651 -0.7069 -0.6878
vn 0.0734 -0.3683 -0.9268
vn 0.0517 -0.2462 -0.9678
vn 0.0618 -0.2528 -0.9655
vn 0.0886 -0.4154 -0.9053
vn 0.0370 -0.0564 -0.9977
vn 0.0222 0.1864 -0.9822
vn 0.0170 0.2228 -0.9747
vn 0.0390 -0.0331 -0.9987
vn 0.0045 0.3644 -0.9312
vn -0.0033 0.3623 -0.9320
vn 0.1693 0.2849 -0.9435
vn -0.3402 0.2701 -0.9007
vn -0.3320 0.4295 -0.8398
vn 0.1833 0.4538 -0.8720
vn 0.1660 0.0990 -0.9811
vn -0.3418 0.0944 -0.9350
vn 0.5389 0.2452 -0.8059
vn 0.5372 0.0847 -0.8392
vn 0.5460 0.3924 -0.7401
vn -0.6088 -0.3718 -0.7008
vn -0.3917 -0.4296 -0.8136
vn -0.4020 -0.2611 -0.8776
vn -0.6106 -0.2275 -0.7586
vn -0.6074 -0.5022 -0.6155
vn -0.3836 -0.5827 -0.7164
vn -0.3419 -0.4410 -0.8298
vn -0.3418 -0.5944 -0.7279
vn -0.3418 -0.2706 -0.9000
vn -0.5806 -0.7184 0.3832
vn -0.3311 -0.8344 0.4406
vn -0.3196 -0.9053 0.2798
vn -0.5749 -0.7829 0.2376
vn -0.5827 -0.6292 0.5143
vn -0.3167 -0.7463 0.5853
vn -0.3419 -0.8298 0.4410
vn -0.3418 -0.7279 0.5944
vn -0.3418 -0.9000 0.2706
vn -0.5881 0.3767 0.7157
vn -0.3733 0.4257 0.8242
vn -0.4020 0.2535 0.8798
vn -0.6003 0.2272 0.7668
vn -0.5831 0.5142 0.6289
vn -0.3590 0.5896 0.7235
vn -0.3419 0.4410 0.8298
vn -0.3418 0.5944 0.7279
vn -0.3418 0.2706 0.9000
vn -0.5536 0.7404 -0.3811
vn -0.3290 0.8404 -0.4306
vn -0.5465 0.6421 -0.5376
vn -0.2912 0.7318 -0.6161
vn -0.3276 0.8359 -0.4404
vn -0.3150 0.7274 -0.6097
vn -0.6047 -0.6138 -0.5075
vn -0.3745 -0.7130 -0.5927
vn -0.5964 -0.7055 -0.3828
vn -0.3529 -0.8190 -0.4523
vn -0.3419 -0.7250 -0.5979
vn -0.3418 -0.8277 -0.4450
vn -0.5848 -0.5147 0.6269
vn -0.2958 -0.6198 0.7269
vn -0.5948 -0.3764 0.7103
vn -0.3309 -0.4362 0.8368
vn -0.3419 -0.5979 0.7250
vn -0.3418 -0.4450 0.8277
vn -0.5968 0.6258 0.5022
vn -0.3830 0.7288 0.5676
vn -0.6276 0.6966 0.3476
vn -0.4365 0.8177 0.3752
vn -0.3462 0.7254 0.5949
vn -0.3611 0.8248 0.4350
vn -0.5965 0.2231 -0.7710
vn -0.4256 0.2567 -0.8677
vn -0.3738 0.4011 -0.8363
vn -0.5733 0.3616 -0.7352
vn -0.6094 0.0779 -0.7890
vn -0.4395 0.1001 -0.8926
vn -0.5520 0.5047 -0.6638
vn -0.3123 0.5652 -0.7635
vn -0.3189 0.5824 -0.7476
vn -0.5814 -0.7767 -0.2421
vn -0.3162 -0.9032 -0.2903
vn -0.5697 -0.8175 -0.0842
vn -0.2919 -0.9513 -0.0991
vn -0.3419 -0.8986 -0.2750
vn -0.3418 -0.9350 -0.0944
vn -0.6075 -0.2289 0.7606
vn -0.3933 -0.2533 0.8838
vn -0.6132 -0.0790 0.7859
vn -0.4261 -0.0880 0.9004
vn -0.3419 -0.2750 0.8986
vn -0.3418 -0.0944 0.9350
vn -0.6500 0.7342 0.1957
vn -0.4802 0.8544 0.1983
vn -0.3767 0.8894 0.2590
vn -0.6120 -0.0751 -0.7873
vn -0.4209 -0.0788 -0.9037
vn -0.3419 -0.0898 -0.9354
vn -0.5687 -0.8187 0.0801
vn -0.2982 -0.9494 0.0987
vn -0.3419 -0.9354 0.0898
vn -0.6099 0.0741 0.7889
vn -0.4238 0.0806 0.9021
vn -0.3419 0.0898 0.9354
vn 0.7514 -0.6568 0.0631
vn 0.5372 -0.8396 0.0806
vn 0.5372 -0.8392 -0.0847
vn 0.7514 -0.6565 -0.0663
vn 0.7514 -0.6319 0.1900
vn 0.5372 -0.8077 0.2429
vn 0.8561 -0.5145 0.0494
vn 0.8561 -0.4949 0.1488
vn 0.8561 -0.5142 -0.0519
vn 0.2048 0.6096 -0.7658
vn 0.2099 0.7542 -0.6221
vn 0.5571 0.5241 -0.6441
vn 0.5597 0.6421 -0.5238
vn 0.1660 -0.2885 0.9429
vn 0.1660 -0.4669 0.8685
vn 0.1660 -0.0990 0.9811
vn 0.5372 -0.2468 0.8065
vn 0.5372 -0.0847 0.8392
vn 0.5372 -0.3994 0.7429
vn 0.1660 -0.0943 -0.9816
vn 0.1660 -0.2839 -0.9443
vn 0.5372 -0.0806 -0.8396
vn 0.5372 -0.2429 -0.8077
vn 0.1660 0.0943 0.9816
vn 0.1660 0.2839 0.9443
vn 0.5372 0.0806 0.8396
vn 0.5372 0.2429 0.8077
vn 0.1660 -0.4627 -0.8708
vn 0.1660 -0.6237 -0.7638
vn 0.5372 -0.3958 -0.7448
vn 0.5372 -0.5335 -0.6533
vn 0.1660 0.4627 0.8708
vn 0.1660 0.6237 0.7638
vn 0.5372 0.3958 0.7448
vn 0.5372 0.5335 0.6533
vn 0.1660 -0.7607 -0.6274
vn 0.1660 -0.8685 -0.4669
vn 0.5372 -0.6507 -0.5366
vn 0.5372 -0.7429 -0.3994
vn 0.1646 0.7613 0.6272
vn 0.1593 0.8701 0.4664
vn 0.5372 0.6507 0.5366
vn 0.5372 0.7429 0.3994
vn 0.1660 -0.9429 -0.2885
vn 0.1660 -0.9811 -0.0990
vn 0.5372 -0.8065 -0.2468
vn 0.1502 0.9467 0.2850
vn 0.1378 0.9866 0.0871
vn 0.5349 0.8085 0.2454
vn 0.5261 0.8466 0.0798
vn 0.1660 -0.9816 0.0943
vn 0.1660 -0.9443 0.2839
vn 0.1298 0.9857 -0.1077
vn 0.1453 0.9478 -0.2837
vn 0.5176 0.8513 -0.0852
vn 0.5238 0.8171 -0.2408
vn 0.1660 -0.8708 0.4627
vn 0.1660 -0.7638 0.6237
vn 0.5372 -0.7448 0.3958
vn 0.5372 -0.6533 0.5335
vn 0.1830 0.8718 -0.4543
vn 0.5448 0.7438 -0.3873
vn 0.1660 -0.6274 0.7607
vn 0.5372 -0.5366 0.6507
vn 0.9503 -0.1476 -0.2742
vn 0.8561 0.2425 0.4564
vn 0.8561 0.1488 0.4949
vn 0.9496 -0.0911 -0.2999
vn 0.9517 -0.1953 -0.2368
vn 0.8561 0.3269 0.4003
vn 0.2144 -0.4577 -0.8628
vn 0.2221 -0.6138 -0.7575
vn 0.2083 -0.2800 -0.9371
vn 0.7482 0.6604 -0.0635
vn 0.7496 0.6586 0.0656
vn 0.7494 0.6345 -0.1892
vn 0.8560 0.5145 -0.0494
vn 0.8561 0.4949 -0.1488
vn 0.8561 0.5142 0.0519
vn 0.7514 -0.5826 0.3096
vn 0.7514 -0.5110 0.4173
vn 0.8561 -0.4564 0.2425
vn 0.8561 -0.4003 0.3269
vn 0.7529 0.5820 -0.3072
vn 0.7552 0.5079 -0.4142
vn 0.8561 0.4563 -0.2424
vn 0.8562 0.4002 -0.3268
vn 0.7514 -0.4198 0.5090
vn 0.7514 -0.3124 0.5811
vn 0.8561 -0.3288 0.3987
vn 0.8561 -0.2447 0.4552
vn 0.7517 0.1927 -0.6307
vn 0.7529 0.3110 -0.5800
vn 0.7514 0.0663 -0.6565
vn 0.8561 0.1512 -0.4942
vn 0.8561 0.0519 -0.5142
vn 0.8561 0.2447 -0.4552
vn 0.7548 0.4168 -0.5065
vn 0.8561 0.3287 -0.3986
vn 0.7514 -0.1931 0.6309
vn 0.7514 -0.0663 0.6565
vn 0.8561 -0.1512 0.4942
vn 0.8561 -0.0519 0.5142
vn 0.7514 -0.0631 -0.6568
vn 0.7514 -0.1900 -0.6319
vn 0.8561 -0.0494 -0.5145
vn 0.8561 -0.1488 -0.4949
vn 0.7514 0.0631 0.6568
vn 0.7514 0.1900 0.6319
vn 0.8561 0.0494 0.5145
vn 0.7514 -0.3096 -0.5826
vn 0.7514 -0.4173 -0.5110
vn 0.8561 -0.2425 -0.4564
vn 0.8561 -0.3269 -0.4003
vn 0.7514 0.3096 0.5826
vn 0.7514 0.4173 0.5110
vn 0.7514 -0.5090 -0.4198
vn 0.7514 -0.5811 -0.3124
vn 0.8561 -0.3987 -0.3288
vn 0.8561 -0.4552 -0.2447
vn 0.7514 0.5090 0.4198
vn 0.7514 0.5811 0.3124
vn 0.8561 0.3987 0.3288
vn 0.8561 0.4552 0.2447
vn 0.7514 -0.6309 -0.1931
vn 0.8561 -0.4942 -0.1512
vn 0.7510 0.6314 0.1929
vn 0.8561 0.4942 0.1512
vn 0.1547 0.8844 -0.4403
vn 0.1903 0.8702 -0.4544
vn 0.1916 0.9398 -0.2830
vn 0.1615 0.9447 -0.2853
vn 0.1526 0.8014 -0.5784
vn 0.1818 0.7781 -0.6012
vn 0.8170 0.5226 -0.2436
vn 0.4372 0.7431 -0.5066
vn 0.4534 0.8532 -0.2576
vn 0.9471 0.2471 0.2045
vn 0.9478 0.2012 0.2473
vn 0.9471 0.2824 0.1523
vn 0.1943 0.7563 0.6247
vn 0.1924 0.8640 0.4652
vn 0.1968 0.6198 0.7596
vn 0.9523 -0.2354 -0.1939
vn 0.9529 -0.2668 -0.1443
vn 0.2277 -0.7452 -0.6268
vn 0.2298 -0.8515 -0.4714
vn 0.9466 0.3082 0.0945
vn 0.9468 0.3201 0.0323
vn 0.1909 0.9386 0.2873
vn 0.1904 0.9767 0.0982
vn 0.9524 -0.2911 -0.0907
vn 0.9521 -0.3041 -0.0321
vn 0.2282 -0.9273 -0.2965
vn 0.2248 -0.9686 -0.1063
vn 0.9466 0.3210 -0.0310
vn 0.9470 0.3075 -0.0927
vn 0.1906 0.9771 -0.0944
vn 0.9514 -0.3065 0.0289
vn 0.9514 -0.2948 0.0884
vn 0.2219 -0.9708 0.0907
vn 0.2205 -0.9341 0.2807
vn 0.9465 0.2854 -0.1503
vn 0.9455 0.2551 -0.2023
vn 0.9510 -0.2733 0.1448
vn 0.9509 -0.2399 0.1953
vn 0.2190 -0.8617 0.4577
vn 0.2172 -0.7560 0.6175
vn 0.9435 0.2139 -0.2532
vn 0.9442 0.1538 -0.2914
vn 0.1709 0.6491 -0.7412
vn 0.1735 0.4696 -0.8657
vn 0.9496 -0.0923 0.2996
vn 0.9503 -0.1480 0.2740
vn 0.9494 -0.0321 0.3123
vn 0.2100 -0.2861 0.9349
vn 0.2073 -0.0983 0.9733
vn 0.2127 -0.4625 0.8607
vn 0.9503 -0.1983 0.2398
vn 0.2149 -0.6211 0.7536
vn 0.9462 0.0903 -0.3107
vn 0.9483 0.0301 -0.3159
vn 0.1882 0.2779 -0.9420
vn 0.2000 0.0953 -0.9751
vn 0.9487 0.0296 0.3146
vn 0.9486 0.0906 0.3032
vn 0.2044 0.0936 0.9744
vn 0.2018 0.2821 0.9379
vn 0.9488 -0.0306 -0.3144
vn 0.2047 -0.0916 -0.9745
vn 0.9479 0.1490 0.2815
vn 0.1992 0.4598 0.8654
vn 1.0000 0.0060 -0.0005
vn 0.8256 -0.1653 0.5395
vn 0.4739 -0.4165 0.7758
vn 0.8279 -0.3568 0.4328
vn 0.8227 0.0540 0.5659
vn 0.4693 -0.0890 0.8785
vn 0.8196 0.2683 0.5062
vn 0.4642 0.2548 0.8482
vn 0.8169 0.4439 0.3681
vn 0.4596 0.5605 0.6889
vn 0.8153 0.5535 0.1699
vn 0.4557 0.7830 0.4233
vn 0.8144 0.5775 -0.0565
vn 0.4534 0.8868 0.0889
vn 0.8253 0.3898 -0.4086
vn 0.8137 0.1634 -0.5578
vn 0.4590 0.4418 -0.7708
vn 0.8209 -0.0514 -0.5687
vn 0.4752 0.0803 -0.8762
vn 0.8296 -0.2580 -0.4952
vn 0.4601 -0.2495 -0.8520
vn 0.8245 -0.4261 -0.3722
vn 0.4692 -0.5444 -0.6953
vn 0.8227 -0.5362 -0.1887
vn 0.4856 -0.7512 -0.4471
vn 0.8273 -0.5600 0.0442
vn 0.4868 -0.8664 -0.1111
vn 0.8289 -0.4942 0.2621
vn 0.4807 -0.8397 0.2524
vn 0.4777 -0.6800 0.5562
vn 0.1884 -0.8673 0.4607
vn 0.1935 -0.9397 0.2821
vn 0.1904 -0.7606 0.6206
vn 0.1442 0.6778 -0.7210
vn 0.1531 0.4822 -0.8626
vn 0.1789 -0.2870 0.9411
vn 0.1856 -0.4661 0.8650
vn 0.1798 -0.1004 0.9785
vn 0.1843 -0.6243 0.7591
vn 0.1599 0.2705 -0.9493
vn 0.1718 0.0879 -0.9812
vn 0.1727 0.0952 0.9803
vn 0.1736 0.2821 0.9435
vn 0.1723 -0.0815 -0.9817
vn 0.1800 -0.2816 -0.9425
vn 0.1668 0.4633 0.8703
vn 0.1679 0.6217 0.7650
vn 0.1808 -0.4577 -0.8705
vn 0.1911 -0.6130 -0.7666
vn 0.1614 0.7606 0.6288
vn 0.1632 0.8679 0.4692
vn 0.1922 -0.7435 -0.6405
vn 0.1985 -0.8496 -0.4886
vn 0.1577 0.9442 0.2890
vn 0.1608 0.9820 0.0988
vn 0.1950 -0.9286 -0.3158
vn 0.1969 -0.9735 -0.1163
vn 0.1569 0.9829 -0.0957
vn 0.1915 -0.9778 0.0847
vn 0.0032 0.3401 -0.9404
vn 0.1027 0.0592 -0.9929
vn 0.2021 0.2155 -0.9553
vn -0.0358 0.3444 -0.9381
vn -0.0016 0.3346 -0.9423
vn 0.0118 0.0349 -0.9993
vn 0.0043 0.2321 -0.9727
vn 0.0147 0.2379 -0.9712
vn -0.0268 0.2080 -0.9778
vn -0.0059 0.3437 -0.9391
vn -0.0323 0.0462 -0.9984
vn 0.0145 0.2369 -0.9714
vn 0.0475 -0.0363 -0.9982
vn 0.0381 -0.0483 -0.9981
vn 0.0512 -0.0300 -0.9982
vn 0.0805 -0.2753 -0.9580
vn 0.0865 -0.2690 -0.9592
vn 0.0773 -0.2799 -0.9569
vn 0.0468 -0.0271 -0.9985
vn 0.0796 -0.2613 -0.9619
vn 0.1047 -0.4566 -0.8835
vn 0.0988 -0.4608 -0.8820
vn 0.1156 -0.4507 -0.8851
vn 0.1249 -0.6207 -0.7740
vn 0.1402 -0.6158 -0.7753
vn 0.1163 -0.6241 -0.7726
vn 0.1098 -0.4405 -0.8910
vn 0.1406 -0.6039 -0.7845
vn 0.1389 -0.7592 -0.6358
vn 0.1291 -0.7619 -0.6347
vn 0.1570 -0.7559 -0.6355
vn 0.1501 -0.8650 -0.4788
vn 0.1648 -0.8633 -0.4769
vn 0.1406 -0.8678 -0.4766
vn 0.1662 -0.7475 -0.6431
vn 0.1777 -0.8607 -0.4770
vn 0.2130 -0.9248 -0.3151
vn 0.1512 -0.9432 -0.2959
vn 0.2852 -0.8724 -0.3970
vn 0.3993 -0.9045 -0.1494
vn 0.6684 -0.5764 -0.4701
vn 0.1490 -0.9853 -0.0837
vn 0.2037 -0.8513 -0.4836
vn 0.2011 -0.6200 -0.7584
vn 0.5143 -0.8502 0.1123
vn 0.1292 -0.9838 0.1242
vn 0.9830 -0.1833 -0.0126
vn 0.3625 -0.8559 0.3689
vn 0.6674 -0.3683 0.6472
vn 0.1157 -0.9503 0.2891
vn 0.9683 0.1946 -0.1567
vn 0.7585 0.3797 0.5295
vn 0.7942 -0.0812 -0.6021
vn 0.9547 0.1426 -0.2612
vn 0.7951 -0.2110 -0.5686
vn 0.7327 0.5934 0.3331
vn 0.2141 -0.8731 0.4378
vn 0.1299 -0.9012 0.4134
vn 0.2656 -0.7798 0.5669
vn 0.1862 -0.8748 0.4473
vn 0.1832 -0.8738 0.4504
vn 0.1746 -0.8512 0.4949
vn 0.1747 -0.8195 0.5457
vn 0.1014 -0.2767 0.9556
vn 0.2084 -0.8521 0.4800
vn 0.1839 -0.7608 0.6224
vn 0.2138 -0.7353 0.6431
vn 0.1473 -0.7308 0.6664
vn 0.1217 -0.4989 0.8580
vn 0.0674 -0.4653 0.8826
vn 0.1702 -0.4916 0.8540
vn 0.1729 -0.6814 0.7111
vn 0.2980 -0.7620 0.5750
vn 0.0617 -0.3972 0.9156
vn 0.2332 -0.3109 0.9214
vn 0.0331 -0.2424 0.9696
vn 0.0642 -0.2527 0.9654
vn 0.0042 -0.2336 0.9723
vn 0.0002 -0.0864 0.9962
vn 0.0010 -0.0921 0.9957
vn 0.0041 -0.0871 0.9962
vn 0.0007 -0.2229 0.9748
vn -0.0214 -0.2271 0.9736
vn 0.0037 -0.1086 0.9940
vn 0.0094 -0.1422 0.9898
vn -0.0045 0.0859 0.9963
vn -0.0079 0.0887 0.9960
vn 0.0032 0.0838 0.9965
vn -0.0066 0.2750 0.9614
vn -0.0045 0.2765 0.9610
vn -0.0067 0.2783 0.9605
vn 0.0121 0.0791 0.9968
vn 0.0297 0.0569 0.9979
vn 0.0047 0.2828 0.9592
vn 0.0370 0.2759 0.9605
vn -0.0079 0.4500 0.8930
vn -0.0042 0.4562 0.8899
vn -0.0093 0.4483 0.8938
vn -0.0032 0.6110 0.7916
vn -0.0019 0.6043 0.7967
vn 0.0005 0.6191 0.7853
vn -0.0011 0.4559 0.8900
vn 0.0321 0.4655 0.8844
vn -0.0107 0.6273 0.7787
vn 0.0018 0.7796 0.6263
vn 0.0050 0.7826 0.6225
vn 0.0029 0.7793 0.6266
vn -0.0037 0.9226 0.3858
vn -0.0074 0.9239 0.3824
vn -0.0063 0.9197 0.3925
vn -0.0164 0.8031 0.5956
vn -0.0221 0.9281 0.3717
vn -0.0170 0.9904 0.1371
vn -0.0425 0.9868 0.1559
vn -0.0158 0.9905 0.1367
vn -0.0247 0.9947 -0.0994
vn -0.0101 0.9948 -0.1007
vn -0.0830 0.9944 -0.0659
vn -0.0302 0.9886 0.1475
vn -0.0249 0.9958 -0.0879
vn -0.0075 0.9754 -0.2201
vn -0.0728 0.9741 -0.2140
vn -0.0046 0.9767 -0.2148
vn 0.0456 0.9985 0.0280
vn -0.0086 0.9992 0.0387
vn 0.1149 0.9854 -0.1259
vn -0.0260 0.9743 -0.2236
vn -0.0540 0.9981 0.0294
vn -0.9311 0.2802 0.2335
vn -0.9234 0.3676 0.1100
vn -0.9999 0.0002 0.0124
vn -0.9998 -0.0067 0.0156
vn -0.6492 0.6057 0.4600
vn -0.6305 0.7501 0.1995
vn -0.9124 0.2072 0.3528
vn -0.6088 0.4395 0.6604
vn -0.9996 -0.0082 0.0248
vn 0.9341 0.2718 0.2312
vn 0.9273 0.3570 0.1124
vn 0.6569 0.7273 0.1986
vn 0.6748 0.5850 0.4498
vn 0.9998 -0.0056 0.0209
vn 0.9998 0.0021 0.0170
vn 0.9156 0.2013 0.3481
vn 0.9995 -0.0078 0.0315
vn 0.6315 0.4262 0.6478
vn -0.2790 -0.7846 -0.5537
vn -0.2410 -0.9451 -0.2205
vn 0.0053 -0.9737 -0.2279
vn 0.0037 -0.8173 -0.5763
vn -0.7036 -0.5813 -0.4087
vn -0.6665 -0.7251 -0.1730
vn -0.2971 -0.5582 -0.7747
vn -0.7153 -0.4104 -0.5656
vn 0.0015 -0.5871 -0.8095
vn 0.3125 -0.7784 -0.5443
vn 0.2745 -0.9377 -0.2130
vn 0.6972 -0.6984 -0.1615
vn 0.7342 -0.5583 -0.3863
vn 0.3296 -0.5546 -0.7641
vn 0.7476 -0.3946 -0.5342
vn -0.3141 -0.4493 0.8363
vn -0.1122 0.2415 0.9639
vn -0.3382 -0.4262 0.8390
vn -0.0577 0.1146 0.9917
vn -0.3283 -0.9373 0.1167
vn -0.4741 -0.8701 0.1346
vn -0.3684 -0.4604 0.8076
vn -0.0143 -0.0418 0.9990
vn -0.4144 -0.4605 0.7850
vn -0.0064 -0.1339 0.9910
vn -0.6380 -0.7544 0.1542
vn -0.7466 -0.6425 0.1723
vn -0.4388 -0.4277 0.7903
vn -0.0017 -0.1939 0.9810
vn -0.4479 -0.4005 0.7994
vn 0.0180 -0.2679 0.9633
vn -0.8241 -0.5300 0.1997
vn -0.8875 -0.3974 0.2330
vn -0.4588 -0.3797 0.8033
vn 0.0424 -0.3400 0.9395
vn -0.4504 -0.3642 0.8151
vn 0.0742 -0.4136 0.9074
vn -0.9278 -0.2634 0.2642
vn -0.9427 -0.1404 0.3027
vn 0.1325 -0.7626 0.6331
vn 0.1566 -0.7620 0.6283
vn 0.0296 -0.4870 0.8729
vn 0.0388 -0.4732 0.8801
vn -0.1561 0.8967 -0.4142
vn -0.2424 0.7335 0.6349
vn -0.2617 0.8185 -0.5114
vn -0.3878 0.6551 0.6484
vn -0.0710 0.6846 -0.7254
vn -0.2329 0.5885 -0.7742
vn -0.0413 -0.2929 0.9552
vn 0.0187 -0.1922 0.9812
vn 0.1785 0.4249 0.8874
vn -0.0056 -0.3452 0.9385
vn -0.1939 0.7259 0.6599
vn 0.0228 -0.2393 0.9706
vn 0.0481 -0.0041 0.9988
vn 0.0742 0.2129 0.9742
vn 0.0388 -0.0938 0.9948
vn 0.0640 0.0776 0.9949
vn 0.0769 0.4248 0.9020
vn 0.0169 0.6149 0.7884
vn 0.0681 0.2697 0.9605
vn 0.0168 0.4575 0.8890
vn -0.0392 0.7349 0.6771
vn -0.0430 0.5806 0.8130
vn 0.1078 -0.7997 0.5906
vn 0.0271 -0.4345 0.9002
vn 0.1549 -0.8480 0.5067
vn 0.1771 -0.7163 0.6749
vn 0.0121 -0.4570 0.8894
vn -0.5366 0.5922 0.6011
vn 0.0220 -0.4374 0.8990
vn 0.1332 -0.5349 0.8343
vn 0.0254 -0.3540 0.9349
vn 0.0189 -0.2654 0.9640
vn 0.0112 -0.1654 0.9861
vn 0.0165 -0.0652 0.9977
vn 0.0128 0.0704 0.9974
vn -0.0337 0.2415 0.9698
vn -0.0891 0.3601 0.9286
vn -0.5617 0.4439 -0.6982
vn -0.6045 0.5542 -0.5722
vn -0.8279 0.4592 -0.3221
vn -0.8043 0.4237 -0.4165
vn -0.3248 0.4468 -0.8336
vn -0.4134 0.6205 -0.6663
vn -0.5173 0.4018 -0.7555
vn -0.2862 0.3974 -0.8719
vn -0.7847 0.4062 -0.4683
vn -0.7495 -0.1136 0.6521
vn -0.7628 -0.2294 0.6045
vn -0.5973 -0.3642 0.7145
vn -0.5979 -0.2376 0.7656
vn -0.9163 0.0863 0.3911
vn -0.9252 0.0004 0.3794
vn -0.8185 -0.0373 0.5732
vn -0.9427 0.1540 0.2957
vn -0.6773 -0.1765 0.7141
vn -0.2085 0.5010 -0.8400
vn -0.3031 0.7252 -0.6182
vn -0.1755 0.4332 -0.8840
vn -0.1512 0.4647 -0.8725
vn -0.9530 0.3023 -0.0186
vn -0.9637 0.2647 0.0353
vn -0.9408 0.3274 -0.0878
vn -0.4219 -0.3255 0.8462
vn -0.4407 -0.4449 0.7796
vn -0.2712 -0.4884 0.8294
vn -0.2178 -0.3714 0.9025
vn -0.4848 -0.2867 0.8263
vn -0.2134 -0.3515 0.9115
vn -0.2592 0.9646 0.0474
vn -0.2193 0.9632 0.1552
vn -0.5223 0.8139 0.2546
vn -0.5352 0.8362 0.1198
vn -0.3071 0.9505 0.0475
vn -0.5387 0.8338 0.1206
vn -0.9809 -0.1668 0.0999
vn -0.9440 -0.3221 0.0719
vn -0.9907 0.0084 0.1355
vn -0.9920 -0.0933 0.0852
vn -0.9837 0.1257 0.1283
vn -0.9639 -0.2607 0.0538
vn -0.6613 -0.7498 0.0187
vn -0.4813 -0.8764 0.0154
vn -0.7875 -0.6156 0.0272
vn -0.6674 -0.7446 0.0135
vn -0.8063 -0.5912 0.0173
vn -0.4825 -0.8757 0.0145
vn -0.8970 0.4100 0.1648
vn -0.8971 0.2672 0.3517
vn -0.8555 0.4928 0.1589
vn -0.8792 -0.4741 0.0459
vn -0.9053 -0.4235 0.0307
vn -0.3205 -0.9471 0.0135
vn -0.3206 -0.9471 0.0158
vn -0.2577 -0.7794 0.5711
vn -0.1454 -0.4900 0.8595
vn -0.4047 -0.7406 0.5363
vn -0.3096 -0.9114 0.2710
vn -0.4687 -0.8464 0.2527
vn -0.3136 -0.9249 0.2148
vn -0.4738 -0.8576 0.2002
vn -0.3167 -0.9354 0.1570
vn -0.4774 -0.8664 0.1461
vn -0.3193 -0.9445 0.0768
vn -0.4803 -0.8742 0.0713
vn -0.5870 -0.6474 0.4861
vn -0.7426 -0.5193 0.4229
vn -0.6566 -0.7222 0.2176
vn -0.8071 -0.5646 0.1725
vn -0.6616 -0.7298 0.1722
vn -0.8108 -0.5692 0.1365
vn -0.6652 -0.7360 0.1255
vn -0.8133 -0.5732 0.0995
vn -0.6674 -0.7421 0.0616
vn -0.8131 -0.5798 0.0518
vn -0.8827 -0.3330 0.3314
vn -0.9807 -0.0608 0.1855
vn -0.9285 -0.3522 0.1175
vn -0.9949 -0.0718 0.0704
vn -0.9254 -0.3655 0.1005
vn -0.9878 -0.1201 0.0989
vn -0.9220 -0.3796 0.0764
vn -0.9809 -0.1730 0.0891
vn -0.9171 -0.3958 0.0477
vn -0.9742 -0.2165 0.0641
vn -0.9712 0.2380 -0.0034
vn -0.8583 0.4828 -0.1734
vn -0.9742 0.2188 0.0551
vn -0.8776 0.4770 0.0480
vn -0.9779 0.1378 0.1569
vn -0.8903 0.3953 0.2260
vn -0.9860 0.0451 0.1604
vn -0.9206 0.2993 0.2507
vn -0.9931 -0.0293 0.1132
vn -0.9593 0.2160 0.1821
vn -0.6881 0.6596 -0.3022
vn -0.5162 0.7850 -0.3425
vn -0.7244 0.6894 0.0021
vn -0.5541 0.8298 -0.0661
vn -0.7345 0.6430 0.2167
vn -0.5520 0.8279 0.0988
vn -0.7617 0.5880 0.2720
vn -0.5424 0.8229 0.1692
vn -0.8105 0.5442 0.2163
vn -0.5429 0.8248 0.1578
vn -0.3896 0.8876 -0.2457
vn -0.4311 0.8988 -0.0787
vn -0.4225 0.9051 -0.0486
vn -0.3850 0.9229 0.0095
vn -0.3486 0.9359 0.0497
vn -0.0822 -0.3745 0.9236
vn -0.0708 -0.3586 0.9308
vn -0.0286 -0.3537 0.9349
vn -0.3408 -0.3185 0.8845
vn -0.2793 -0.1487 0.9486
vn -0.0786 0.1149 0.9902
vn 0.0321 0.5589 -0.8285
vn 0.0835 0.7576 -0.6473
vn 0.5553 0.3327 -0.7622
vn 0.6174 0.6028 -0.5053
vn -0.0910 0.4150 -0.9052
vn -0.0071 0.9004 -0.4349
vn -0.1336 0.9481 -0.2886
vn 0.4837 0.8422 -0.2382
vn -0.2060 0.9629 -0.1745
vn -0.2156 0.9764 -0.0057
vn -0.1702 0.9676 0.1864
vn -0.1125 0.9105 0.3979
vn -0.0728 0.7854 0.6147
vn -0.0631 0.6250 0.7781
vn -0.0757 0.4567 0.8863
vn -0.0938 0.2760 0.9565
vn -0.1061 0.0881 0.9904
vn -0.0963 -0.0921 0.9911
vn -0.0296 -0.2662 0.9634
vn 0.0788 -0.4782 0.8747
vn 0.1159 -0.6941 0.7105
vn 0.0602 -0.8210 0.5677
vn 0.0162 -0.8938 0.4480
vn 0.0172 -0.9551 0.2958
vn 0.0414 -0.9927 0.1129
vn 0.0606 -0.9936 -0.0953
vn 0.0520 -0.9518 -0.3024
vn 0.0269 -0.8755 -0.4825
vn 0.0097 -0.7687 -0.6395
vn -0.0022 -0.6301 -0.7765
vn -0.0181 -0.4656 -0.8848
vn -0.0376 -0.2835 -0.9582
vn -0.0802 -0.0683 -0.9944
vn -0.1428 0.1557 -0.9774
vn -0.1584 0.3167 -0.9352
vn -0.8712 0.1079 0.4788
vn -0.8900 0.1334 0.4360
vn -0.9999 -0.0097 0.0109
vn -0.9970 -0.0460 0.0617
vn -0.5228 0.2364 0.8190
vn -0.5310 0.2595 0.8066
vn -0.7214 -0.0399 0.6914
vn -0.4799 0.1780 0.8590
vn -0.8819 -0.2849 0.3755
vn -0.9986 -0.0457 -0.0245
vn -0.9974 -0.0569 -0.0433
vn -0.9609 0.0468 -0.2730
vn -0.9323 0.2875 -0.2195
vn -0.8757 -0.4751 0.0859
vn -0.9043 -0.4178 0.0876
vn -0.9703 -0.1764 -0.1652
vn -0.8433 -0.5329 0.0692
vn -0.8840 0.3908 -0.2564
vn 0.9922 -0.0886 -0.0871
vn 0.9818 -0.0641 -0.1786
vn 0.9998 -0.0103 0.0194
vn 0.9969 -0.0439 0.0654
vn 0.9982 -0.0512 -0.0299
vn 0.9703 0.0391 -0.2385
vn 0.9124 -0.3704 0.1741
vn 0.9261 -0.3675 0.0850
vn 0.8938 -0.2694 0.3586
vn 0.1870 0.2801 0.9416
vn 0.1923 0.3034 0.9333
vn -0.0030 0.3101 0.9507
vn -0.0041 0.2856 0.9583
vn 0.5400 0.2319 0.8091
vn 0.5492 0.2545 0.7960
vn 0.1950 0.1192 0.9735
vn 0.5011 0.1765 0.8472
vn -0.0028 0.1387 0.9903
vn 0.2943 0.7684 0.5683
vn 0.2833 0.9285 0.2398
vn 0.0057 0.9698 0.2439
vn 0.0067 0.8063 0.5914
vn 0.2583 0.5472 0.7961
vn 0.0033 0.5674 0.8235
vn -0.9482 -0.2630 -0.1780
vn -0.9386 -0.3354 -0.0806
vn -0.9498 -0.1902 -0.2483
vn 0.9521 -0.2556 -0.1674
vn 0.9423 -0.3265 -0.0735
vn 0.9547 -0.1845 -0.2334
vn -0.2663 0.7759 0.5718
vn -0.2573 0.9363 0.2391
vn -0.2366 0.5509 0.8003
vn -0.1224 -0.3970 -0.9096
vn -0.3577 -0.2835 -0.8897
vn 0.0227 -0.4142 -0.9099
vn -0.2062 -0.4427 -0.8726
vn 0.0187 -0.4541 -0.8907
vn -0.5667 -0.3650 -0.7387
vn -0.2141 -0.1911 -0.9579
vn -0.5714 -0.1530 -0.8063
vn 0.0113 -0.1971 -0.9803
vn -0.2190 0.0969 -0.9709
vn 0.0046 0.0983 -0.9951
vn -0.5695 0.0888 -0.8172
vn -0.2311 0.3516 -0.9072
vn -0.5893 0.2975 -0.7511
vn 0.0031 0.3598 -0.9330
vn -0.2479 0.5080 -0.8249
vn 0.0053 0.5234 -0.8520
vn -0.6183 0.4146 -0.6676
vn -0.2415 0.6476 -0.7226
vn -0.6023 0.5327 -0.5945
vn 0.0042 0.6673 -0.7447
vn -0.2212 0.8241 -0.5214
vn 0.0006 0.8445 -0.5354
vn -0.5620 0.7006 -0.4395
vn -0.2268 0.9593 -0.1685
vn -0.5754 0.8066 -0.1355
vn 0.0013 0.9843 -0.1763
vn 0.8596 0.4818 0.1699
vn 0.9721 0.1854 -0.1438
vn 0.5123 0.7498 0.4187
vn 0.8898 0.2165 0.4017
vn 0.5547 0.4049 0.7269
vn 0.9998 0.0193 -0.0005
vn 0.8842 0.0983 0.4566
vn 0.9998 0.0166 0.0089
vn 0.5367 0.1902 0.8220
vn 0.8969 -0.0403 0.4402
vn 0.5572 -0.0600 0.8282
vn 0.9999 0.0115 0.0051
vn 0.9032 -0.1484 0.4027
vn 0.9999 0.0053 0.0146
vn 0.5824 -0.2747 0.7651
vn 0.8976 -0.2106 0.3872
vn 0.5795 -0.3872 0.7170
vn 0.9996 -0.0027 0.0285
vn 0.8914 -0.2684 0.3650
vn 0.9996 -0.0068 0.0273
vn 0.5634 -0.4778 0.6740
vn 0.9030 -0.3393 0.2636
vn 0.5781 -0.6222 0.5279
vn 0.9999 0.0046 0.0082
vn 0.9269 -0.3658 0.0837
vn 0.9998 0.0166 0.0064
vn 0.6426 -0.7407 0.1958
vn -0.7124 0.6931 0.1096
vn -0.3744 0.8212 0.4306
vn -0.8565 0.3991 -0.3273
vn -0.8891 0.2145 0.4042
vn -0.9998 0.0173 0.0026
vn -0.5440 0.4047 0.7350
vn -0.8852 0.0957 0.4552
vn -0.5248 0.1888 0.8300
vn -0.9998 0.0141 0.0092
vn -0.8980 -0.0428 0.4378
vn -0.9999 0.0094 0.0038
vn -0.5425 -0.0639 0.8376
vn -0.9025 -0.1522 0.4029
vn -0.5613 -0.2828 0.7778
vn -0.9999 0.0030 0.0132
vn -0.8949 -0.2162 0.3903
vn -0.9996 -0.0054 0.0276
vn -0.5531 -0.3984 0.7317
vn -0.8873 -0.2760 0.3694
vn -0.5337 -0.4910 0.6885
vn -0.9996 -0.0100 0.0269
vn -0.8983 -0.3496 0.2661
vn -1.0000 0.0005 0.0074
vn -0.5462 -0.6405 0.5398
vn -0.9229 -0.3764 0.0810
vn -0.6106 -0.7667 0.1982
vn -0.9999 0.0129 0.0032
vn 0.2214 -0.3913 -0.8932
vn 0.5813 -0.2716 -0.7670
vn 0.2555 -0.4358 -0.8630
vn 0.6086 -0.3469 -0.7136
vn 0.2520 -0.1877 -0.9493
vn 0.6106 -0.1426 -0.7790
vn 0.2465 0.0983 -0.9641
vn 0.6067 0.0917 -0.7896
vn 0.2554 0.3513 -0.9007
vn 0.6231 0.2918 -0.7257
vn 0.2745 0.5056 -0.8179
vn 0.6470 0.4044 -0.6464
vn 0.2646 0.6444 -0.7174
vn 0.6277 0.5211 -0.5783
vn 0.2373 0.8220 -0.5177
vn 0.5854 0.6890 -0.4273
vn 0.2446 0.9555 -0.1647
vn 0.6000 0.7898 -0.1274
vn 0.1305 0.8310 0.5408
vn -0.0146 0.8292 0.5587
vn 0.1715 0.4868 0.8565
vn -0.0094 0.4942 0.8693
vn 0.1609 0.2267 0.9606
vn -0.0009 0.2280 0.9737
vn 0.1699 -0.0697 0.9830
vn 0.0054 -0.0756 0.9971
vn 0.1890 -0.3291 0.9252
vn 0.0087 -0.3384 0.9409
vn 0.1941 -0.4634 0.8646
vn 0.0098 -0.4736 0.8807
vn 0.1846 -0.5617 0.8065
vn 0.0096 -0.5728 0.8196
vn 0.1871 -0.7382 0.6480
vn 0.0086 -0.7546 0.6561
vn 0.2258 -0.9378 0.2637
vn 0.0071 -0.9648 0.2629
vn -0.1310 0.8285 0.5444
vn -0.1733 0.4831 0.8582
vn -0.1505 0.2238 0.9629
vn -0.1488 -0.0735 0.9861
vn -0.1599 -0.3335 0.9291
vn -0.1610 -0.4679 0.8690
vn -0.1510 -0.5668 0.8099
vn -0.1542 -0.7455 0.6484
vn -0.1925 -0.9465 0.2590
vn 0.8756 -0.0659 -0.4784
vn 0.9043 -0.1703 -0.3915
vn 0.9057 -0.0595 -0.4197
vn 0.9047 0.0673 -0.4207
vn 0.9142 0.1617 -0.3714
vn 0.9236 0.2089 -0.3214
vn 0.9153 0.2724 -0.2968
vn 0.8955 0.3825 -0.2273
vn 0.9020 0.4275 -0.0599
vn -0.6979 0.0225 -0.7158
vn -0.8968 -0.1803 -0.4039
vn -0.8971 -0.0653 -0.4369
vn -0.8949 0.0673 -0.4412
vn -0.9068 0.1650 -0.3880
vn -0.9191 0.2121 -0.3319
vn -0.9116 0.2760 -0.3045
vn -0.8909 0.3883 -0.2353
vn -0.8970 0.4370 -0.0670
vn 0.4163 -0.7748 0.4757
vn 0.4487 -0.8607 0.2406
vn 0.0227 -0.8389 0.5438
vn 0.0298 -0.9624 0.2699
vn 0.3840 -0.5627 0.7320
vn 0.0128 -0.5838 0.8118
vn -0.3656 -0.7939 0.4859
vn -0.3795 -0.8921 0.2452
vn -0.8944 -0.4047 0.1901
vn -0.3488 -0.5688 0.7448
vn 0.2847 -0.2569 0.9236
vn 0.7320 -0.0348 0.6803
vn 0.0038 -0.2400 0.9707
vn -0.2615 -0.2577 0.9301
vn -0.1847 0.1208 0.9753
vn -0.9912 -0.0928 -0.0942
vn -0.9790 -0.0644 -0.1933
vn -0.1810 0.2807 0.9425
vn -0.1841 0.3043 0.9346
vn 0.8749 0.1055 0.4727
vn 0.8923 0.1295 0.4325
vn 0.9992 -0.0381 -0.0076
vn 0.9061 -0.4141 0.0869
vn 0.9468 0.2624 -0.1863
vn 0.9810 -0.1449 -0.1289
vn 0.9049 0.3628 -0.2224
vn 0.8822 -0.4650 0.0736
vn 0.4308 -0.2567 -0.8651
vn 0.8353 -0.1970 -0.5133
vn -0.0037 -0.2591 -0.9658
vn 0.5887 0.2331 -0.7740
vn -0.0193 0.3585 -0.9333
vn 0.8960 0.1457 0.4195
vn 0.5732 0.2971 0.7637
vn 0.9995 -0.0110 0.0280
vn -0.1975 0.3643 0.9101
vn -0.5531 0.3042 0.7755
vn -0.0005 0.3715 0.9284
vn -0.9572 -0.1199 -0.2634
vn -0.8088 -0.2033 -0.5519
vn -0.9997 -0.0106 0.0200
vn 0.2110 0.3631 0.9075
vn 0.9622 -0.1168 -0.2458
vn -0.3971 -0.2569 -0.8811
vn -0.5657 0.2396 -0.7891
vn -0.8931 0.1499 0.4240
vn -0.5155 -0.3820 -0.7670
vn -0.5205 0.6375 -0.5680
vn -0.0269 0.7544 -0.6558
vn 0.0035 -0.4074 -0.9132
vn -0.3999 -0.9154 0.0461
vn 0.0297 -0.9975 0.0638
vn 0.5364 -0.3545 -0.7659
vn 0.5234 0.6415 -0.5608
vn 0.4717 -0.8802 0.0518
vn -0.4725 0.7007 -0.5345
vn -0.0283 0.7943 -0.6069
vn 0.4234 -0.8882 0.1782
vn 0.0315 -0.9817 0.1876
vn 0.4770 0.7020 -0.5287
vn -0.3424 -0.9222 0.1794
vn 0.0326 -0.1298 0.9910
vn -0.0152 -0.1639 0.9864
vn 0.0878 -0.4460 0.8907
vn 0.1946 0.1816 0.9639
vn 0.1518 0.1560 0.9760
vn 0.2058 -0.0175 0.9784
vn 0.2697 0.1814 0.9457
vn 0.1995 -0.3303 0.9225
vn 0.0569 0.2847 -0.9569
vn -0.1424 0.2122 -0.9668
vn 0.1219 0.0359 -0.9919
vn -0.0697 -0.0396 -0.9968
vn -0.2914 0.6619 -0.6906
vn -0.0728 0.6914 -0.7188
vn -0.3414 0.3963 -0.8523
vn -0.0788 0.4584 -0.8853
vn 0.4808 0.5186 0.7070
vn 0.4873 0.5016 0.7147
vn 0.5386 0.5980 0.5935
vn 0.6288 0.6707 0.3933
vn 0.4840 0.4366 0.7584
vn 0.4944 0.4791 0.7252
vn 0.2690 0.9139 -0.3038
vn 0.6532 0.6091 0.4498
vn 0.3611 0.8206 -0.4428
vn 0.5353 0.8206 0.2002
vn 0.5135 0.5167 0.6851
vn 0.6636 0.6385 0.3898
vn 0.1974 0.3187 0.9271
vn 0.5265 0.6920 0.4938
vn 0.2282 0.6484 0.7263
vn 0.6534 0.6862 0.3196
vn -0.3097 0.0735 -0.9480
vn -0.0425 0.2636 -0.9637
vn -0.2595 -0.1435 -0.9550
vn 0.0708 0.1865 -0.9799
vn 0.4600 0.7664 -0.4483
vn 0.5566 0.7778 0.2920
vn 0.6367 0.7253 -0.2615
vn -0.0120 -0.1975 0.9802
vn -0.0072 0.0129 0.9999
vn 0.1397 -0.0082 -0.9901
vn -0.0580 -0.0951 -0.9938
vn 0.2166 0.1918 -0.9572
vn 0.0595 0.2203 -0.9736
vn 0.3820 0.8352 -0.3957
vn 0.5653 0.7631 -0.3132
vn 0.2993 0.9288 -0.2185
vn 0.0024 0.2325 -0.9726
vn 0.1998 0.2992 -0.9330
vn 0.1899 0.9663 -0.1737
vn -0.0400 0.5985 0.8001
vn -0.2385 -0.1963 -0.9511
vn 0.2165 0.2302 -0.9487
vn 0.7095 0.6952 -0.1150
vn -0.0474 0.2274 0.9726
vn 0.3811 0.2213 0.8976
vn 0.2926 -0.0533 0.9547
vn 0.3479 0.2354 0.9075
vn 0.4303 0.4002 0.8091
vn 0.2834 -0.3697 0.8849
vn 0.3417 -0.6479 0.6807
vn 0.4282 -0.4639 0.7755
vn 0.3912 -0.0246 0.9200
vn 0.2498 -0.6016 0.7587
vn 0.2863 -0.7418 0.6063
vn 0.6030 0.2693 0.7509
vn 0.4716 0.5312 0.7038
vn 0.5908 -0.4230 0.6870
vn 0.3649 -0.7812 0.5065
vn 0.2806 -0.8109 0.5134
vn 0.2046 -0.7227 0.6601
vn 0.4607 0.5487 0.6976
vn 0.8007 -0.1760 -0.5726
vn 0.9265 -0.3714 -0.0605
vn 0.8633 -0.0738 -0.4993
vn 0.9925 -0.1188 -0.0290
vn 0.8213 -0.3464 0.4533
vn 0.8907 -0.1484 0.4296
vn 0.8459 -0.0529 -0.5306
vn 0.8579 -0.0934 -0.5051
vn 0.9965 -0.0817 -0.0156
vn 0.9992 -0.0356 -0.0193
vn 0.7933 0.1196 -0.5970
vn 0.9839 0.1783 -0.0153
vn 0.8846 -0.0365 0.4648
vn 0.8879 -0.0809 0.4528
vn 0.8357 0.0894 0.5418
vn 0.8931 -0.0982 0.4389
vn 0.9968 -0.0779 -0.0185
vn 0.8661 -0.0815 -0.4932
vn 0.6826 0.3343 -0.6498
vn 0.8983 0.4391 0.0169
vn 0.6124 0.4708 -0.6350
vn 0.8248 0.5631 0.0509
vn 0.6963 0.2168 0.6842
vn 0.5526 0.2939 0.7799
vn 0.6284 0.5067 -0.5902
vn 0.8720 0.4522 -0.1874
vn 0.6715 0.5090 -0.5385
vn 0.9827 0.1069 0.1512
vn -0.9040 -0.2577 0.3410
vn -0.2246 0.1279 0.9660
vn -0.2351 -0.6385 0.7328
vn -0.5901 -0.7100 -0.3842
vn -0.4930 0.4537 0.7423
vn 0.0608 0.4720 0.8795
vn -0.9580 -0.2779 0.0703
vn -0.7356 0.3078 0.6035
vn -0.5861 -0.6303 -0.5090
vn 0.6454 0.5718 -0.5064
vn 0.9674 0.2034 0.1509
vn 0.5706 0.6428 -0.5111
vn 0.9521 0.2710 0.1417
vn 0.6298 -0.2601 0.7319
vn 0.5602 -0.2605 0.7863
vn 0.6589 -0.3045 0.6878
vn 0.3856 0.9064 -0.1724
vn 0.6681 0.7191 -0.1910
vn 0.0881 0.9401 -0.3292
vn -0.0385 0.8625 0.5044
vn -0.5433 0.7462 0.3847
vn 0.5153 0.7879 0.3370
vn 0.6510 -0.4333 0.6232
vn 0.9630 -0.0324 0.2676
vn 0.6308 -0.5434 0.5539
vn 0.9338 -0.2279 0.2758
vn -0.2234 0.8767 -0.4260
vn -0.2550 0.8249 -0.5045
vn 0.2637 0.7641 -0.5887
vn -0.8161 0.0990 -0.5693
vn -0.1312 -0.2938 -0.9468
vn -0.9326 0.3092 -0.1859
vn 0.5840 -0.6566 0.4773
vn 0.8860 -0.4094 0.2176
vn 0.4735 -0.8105 0.3447
vn 0.9487 -0.2980 -0.1056
vn 0.4698 0.8741 -0.1236
vn 0.5091 0.8314 -0.2226
vn 0.9250 0.0834 -0.3706
vn 0.4140 0.9099 -0.0272
vn 0.9340 0.0898 -0.3457
vn 0.3605 0.9315 -0.0477
vn 0.8939 0.3891 -0.2225
vn 0.6289 0.3466 -0.6959
vn 0.8244 0.4309 -0.3670
vn 0.5586 -0.7970 -0.2295
vn 0.4527 -0.8915 0.0139
vn 0.5498 -0.7744 -0.3130
vn 0.3378 -0.9244 -0.1772
vn 0.3068 -0.9184 -0.2496
vn 0.3533 -0.9353 0.0187
vn 0.3916 -0.8873 0.2435
vn 0.3963 -0.8971 0.1951
vn 0.2698 -0.9545 -0.1270
vn 0.3563 -0.9338 0.0328
vn 0.2225 -0.9501 -0.2184
vn 0.4299 -0.8866 0.1703
vn 0.4475 -0.8539 -0.2658
vn 0.2762 -0.9265 -0.2554
vn 0.7022 -0.6418 -0.3080
vn 0.2992 -0.8877 -0.3500
vn 0.4712 -0.8139 -0.3399
vn 0.2326 -0.9350 -0.2677
vn 0.7546 -0.5100 -0.4129
vn 0.5514 -0.6048 -0.5746
vn 0.3852 -0.8054 -0.4504
vn 0.3146 -0.8215 -0.4755
vn 0.3301 -0.7270 -0.6021
vn 0.2055 -0.8598 -0.4674
vn 0.2254 -0.9412 -0.2517
vn 0.1979 -0.9371 -0.2875
vn 0.1939 -0.8844 -0.4245
vn 0.4268 0.4085 0.8068
vn 0.2769 0.6192 0.7347
vn 0.5212 0.5870 0.6195
vn 0.6398 0.4760 0.6034
vn 0.3305 0.2624 0.9066
vn 0.4903 -0.3324 0.8057
vn 0.3660 -0.8954 0.2535
vn 0.2924 -0.0710 0.9536
vn 0.7884 -0.0412 0.6138
vn 0.8331 -0.1423 0.5344
vn 0.8152 0.3481 0.4628
vn 0.7381 0.3801 0.5573
vn 0.2502 0.1563 0.9555
vn 0.8738 0.4371 0.2127
vn 0.8902 0.4494 0.0744
vn 0.4973 0.7267 0.4738
vn 0.4485 0.5823 0.6780
vn 0.8761 -0.0359 -0.4807
vn 0.8166 -0.2459 -0.5222
vn 0.8805 0.2888 0.3758
vn 0.9013 0.1330 -0.4122
vn 0.4378 0.2803 0.8542
vn 0.8838 0.4297 0.1849
vn 0.5317 0.7286 0.4317
vn 0.8422 -0.4077 -0.3526
vn 0.0789 0.7671 0.6367
vn -0.0711 0.7076 0.7030
vn 0.0181 -0.7936 -0.6082
vn 0.0998 -0.6580 -0.7464
vn 0.2951 0.0200 -0.9553
vn 0.3694 -0.1600 -0.9153
vn 0.9218 0.0498 -0.3845
vn 0.8791 0.2006 -0.4324
vn -0.4556 -0.1818 -0.8714
vn -0.4172 -0.3307 -0.8465
vn 0.3208 -0.1162 -0.9400
vn -0.3881 -0.3386 -0.8571
vn 0.8524 0.1790 -0.4913
vn -0.1473 0.4857 0.8616
vn -0.7614 0.1358 0.6339
vn -0.1872 0.1638 0.9686
vn -0.8011 -0.0356 0.5974
vn 0.2438 -0.4319 -0.8683
vn -0.5447 -0.5028 -0.6711
vn 0.3123 -0.0621 -0.9479
vn -0.5025 -0.1733 -0.8470
vn -0.9579 -0.2868 0.0168
vn -0.9739 -0.1905 -0.1234
vn -0.7292 -0.6703 -0.1374
vn -0.8897 -0.3884 -0.2397
vn -0.1783 -0.7488 -0.6383
vn -0.9479 0.0071 0.3186
vn -0.8808 -0.1636 0.4443
vn -0.8308 -0.5539 0.0535
vn -0.9352 0.3211 0.1491
vn -0.0211 -0.9777 -0.2090
vn -0.9326 -0.2805 -0.2270
vn -0.9197 -0.3328 -0.2081
vn -0.8232 -0.2208 0.5230
vn -0.8048 -0.2678 0.5296
vn 0.8744 0.2323 0.4260
vn 0.8940 0.1631 0.4173
vn 0.4813 0.0662 0.8740
vn 0.4468 0.1268 0.8856
vn 0.8421 0.4115 0.3486
vn 0.3242 0.4078 0.8536
vn -0.1860 -0.0350 0.9819
vn -0.1567 -0.1007 0.9825
vn -0.3870 0.1922 0.9018
vn 0.8101 0.5799 -0.0853
vn 0.7369 0.6755 0.0254
vn -0.0374 0.9920 0.1207
vn 0.1042 0.9899 -0.0964
vn 0.9285 -0.3637 -0.0741
vn 0.9550 -0.2323 -0.1840
vn 0.8889 0.3726 -0.2665
vn 0.8913 -0.4445 0.0892
vn 0.1717 0.8320 -0.5274
vn 0.7874 0.5944 0.1631
vn 0.0310 0.8600 0.5094
vn 0.9073 -0.1086 -0.4061
vn -0.6433 0.5603 0.5217
vn -0.6132 0.7768 0.1431
vn 0.4617 -0.5374 -0.7057
vn 0.5135 -0.8157 -0.2661
vn 0.4769 -0.6471 0.5948
vn 0.4508 -0.8439 0.2907
vn 0.8956 -0.3850 0.2228
vn -0.3326 -0.6068 0.7219
vn -0.2639 -0.8732 0.4096
vn 0.4702 -0.6642 0.5812
vn -0.4795 -0.5963 0.6438
vn 0.9275 -0.3097 0.2093
vn -0.4795 0.8759 -0.0530
vn -0.9004 0.4330 0.0425
vn -0.4764 0.7796 -0.4065
vn -0.8997 0.4237 -0.1042
vn 0.4645 -0.8847 -0.0402
vn -0.1863 -0.9818 0.0356
vn -0.9255 -0.3592 0.1199
vn -0.9305 -0.2465 0.2708
vn 0.4581 -0.8436 0.2802
vn 0.9423 -0.3110 0.1240
vn -0.5340 -0.7975 0.2807
vn 0.4504 -0.8813 -0.1428
vn -0.5275 -0.8400 -0.1270
vn 0.9494 -0.3133 -0.0199
vn -0.9606 -0.0750 0.2675
vn -0.9093 0.3366 -0.2445
vn -0.9864 -0.0087 0.1643
vn -0.9153 0.3113 -0.2554
vn 0.9219 0.1081 -0.3720
vn 0.2305 0.5201 -0.8224
vn 0.9592 0.0924 -0.2671
vn 0.3312 0.4883 -0.8074
vn -0.5411 0.5288 -0.6539
vn -0.5715 0.5100 -0.6429
vn 0.4526 -0.6598 -0.5998
vn 0.9573 -0.2010 -0.2076
vn -0.5510 -0.6751 -0.4905
vn 0.3984 -0.1995 -0.8952
vn -0.5001 -0.3542 -0.7902
vn 0.9376 0.0302 -0.3463
vn -0.9931 -0.0825 0.0830
vn -0.9258 0.3386 -0.1679
vn -0.9896 -0.1438 0.0067
vn -0.9342 0.3567 -0.0079
vn 0.9649 0.2126 -0.1542
vn 0.3584 0.7585 -0.5442
vn 0.9593 0.2821 -0.0110
vn 0.3388 0.9356 -0.0988
vn -0.5815 0.6847 -0.4393
vn -0.5894 0.8050 -0.0676
vn 0.9392 -0.3030 -0.1612
vn 0.8453 0.0040 0.5342
vn 0.2608 -0.2074 0.9428
vn 0.3477 -0.9326 0.0963
vn 0.8896 0.0651 -0.4520
vn 0.9294 0.2599 -0.2620
vn 0.2119 -0.2515 -0.9443
vn 0.2649 -0.1555 -0.9516
vn 0.0971 -0.3280 -0.9397
vn -0.9869 -0.1590 -0.0250
vn -0.9348 0.2704 0.2303
vn -0.9732 -0.2043 -0.1052
vn -0.9103 0.0017 0.4140
vn 0.9532 0.2678 0.1405
vn 0.3232 0.8177 0.4763
vn 0.9398 0.1746 0.2937
vn 0.3182 0.3205 0.8922
vn -0.5887 0.6798 0.4373
vn -0.5456 0.2073 0.8119
vn -0.0016 -0.2345 -0.9721
vn -0.1574 -0.3360 -0.9286
vn -0.2938 -0.2894 -0.9109
vn -0.3000 -0.1944 -0.9339
vn 0.1314 -0.0506 -0.9900
vn -0.1512 -0.0378 -0.9878
vn -0.5740 -0.8186 0.0207
vn -0.4972 -0.2915 0.8172
vn -0.9401 -0.2259 0.2552
vn -0.8994 -0.3873 -0.2027
vn 0.3327 0.2340 -0.9135
vn 0.3448 0.2569 -0.9028
vn -0.2945 0.1453 -0.9445
vn -0.3267 0.0855 -0.9412
vn -0.7637 -0.0960 -0.6383
vn -0.8884 -0.0689 -0.4538
vn -0.9295 -0.1693 -0.3276
vn -0.3941 -0.0784 -0.9157
vn -0.9130 -0.2043 0.3531
vn 0.3449 0.1066 -0.9326
vn 0.9063 0.2092 -0.3670
vn -0.4988 -0.2153 0.8395
vn 0.3101 -0.1231 0.9427
vn 0.9041 0.0857 0.4185
vn 0.1569 -0.6620 -0.7329
vn 0.4613 -0.3939 -0.7950
vn -0.3512 -0.5965 -0.7217
vn 0.6092 -0.5481 -0.5731
vn 0.7412 -0.2661 -0.6162
vn 0.1080 -0.6563 -0.7467
vn 0.5895 -0.5470 -0.5943
vn -0.3633 -0.5889 -0.7219
vn 0.9257 -0.2700 -0.2650
vn 0.9194 -0.0765 -0.3857
vn 0.9994 0.0149 0.0318
vn 0.9815 0.1451 -0.1250
vn 0.9220 -0.2615 -0.2856
vn 0.9989 0.0450 0.0143
vn 0.9069 0.4136 -0.0805
vn 0.9745 0.1761 -0.1390
vn 0.8860 0.4557 0.0861
vn 0.9243 0.1930 -0.3293
vn 0.7989 0.3972 -0.4516
vn 0.6840 0.4365 -0.5845
vn -0.1705 0.8227 -0.5423
vn -0.8654 0.4953 0.0765
vn 0.8550 0.5111 0.0875
vn 0.8878 0.3509 0.2975
vn 0.9815 0.1387 -0.1315
vn 0.4679 0.8361 0.2863
vn 0.4918 0.6597 0.5683
vn 0.8162 0.5571 -0.1527
vn 0.4239 0.8978 -0.1191
vn 0.9765 0.1382 -0.1653
vn -0.7473 -0.3250 -0.5795
vn -0.7841 -0.3490 -0.5131
vn -0.9898 0.0453 -0.1348
vn -0.9498 0.1322 -0.2834
vn -0.3309 -0.5671 -0.7542
vn -0.8086 -0.4790 -0.3416
vn -0.4210 -0.8408 -0.3402
vn -0.9392 0.0895 -0.3313
vn -0.8891 0.3650 0.2761
vn -0.5742 0.6059 0.5505
vn -0.9951 0.0390 -0.0903
vn -0.8747 0.4191 0.2432
vn -0.5475 0.6686 0.5032
vn -0.1048 0.7168 0.6893
vn 0.4809 0.6267 0.6131
vn -0.0744 0.7698 0.6339
vn -0.8057 -0.3343 -0.4888
vn 0.8974 0.3088 0.3151
vn -0.7785 0.4047 -0.4797
vn -0.7793 0.5730 -0.2535
vn -0.4582 0.8713 -0.1755
vn -0.4469 0.6802 -0.5810
vn -0.9819 -0.0180 -0.1884
vn -0.7919 0.1615 -0.5889
vn -0.9990 -0.0454 0.0012
vn -0.4482 0.3106 -0.8382
vn 0.0385 -0.7106 0.7025
vn 0.1091 -0.9341 -0.3399
vn -0.4393 -0.6421 0.6282
vn 0.6297 -0.5686 0.5293
vn 0.6368 -0.7028 -0.3170
vn 0.0647 -0.2318 0.9706
vn 0.5569 -0.2075 0.8042
vn -0.3326 -0.2102 0.9193
vn 0.8969 -0.2289 -0.3784
vn 0.5678 -0.5107 -0.6456
vn 0.9367 -0.2836 -0.2051
vn 0.1201 -0.6177 -0.7772
vn -0.8305 0.5569 0.0142
vn -0.5051 0.8337 0.2230
vn -0.0554 0.9436 0.3263
vn -0.0489 0.9909 -0.1249
vn 0.9119 -0.0316 0.4092
vn 0.9165 -0.0413 0.3978
vn 0.6460 -0.0920 0.7578
vn 0.6398 -0.0712 0.7652
vn 0.9975 0.0273 -0.0656
vn 0.9974 0.0190 -0.0691
vn 0.9193 -0.0258 0.3926
vn 0.9967 0.0732 -0.0357
vn 0.6637 -0.0014 0.7480
vn 0.7060 0.1040 -0.7005
vn 0.7420 0.0835 -0.6652
vn 0.0645 0.1186 -0.9908
vn 0.1551 0.1122 -0.9815
vn 0.7075 0.2760 -0.6506
vn 0.0249 0.3962 -0.9178
vn -0.0498 0.8010 -0.5965
vn 0.4143 0.7362 -0.5351
vn -0.0891 0.3880 -0.9173
vn 0.3480 0.3806 -0.8567
vn -0.8357 -0.4398 0.3288
vn -0.7373 -0.1708 0.6536
vn 0.8148 0.4334 -0.3851
vn 0.9907 0.0871 -0.1041
vn 0.7964 0.2257 -0.5611
vn 0.9962 0.0423 -0.0758
vn 0.9515 -0.2297 0.2047
vn 0.9165 -0.0995 0.3874
vn 0.0794 -0.9956 0.0498
vn 0.0555 -0.9981 -0.0259
vn 0.6824 -0.7308 -0.0118
vn 0.6575 -0.7498 0.0743
vn -0.6144 -0.7835 0.0927
vn -0.6625 -0.7490 -0.0043
vn 0.1278 -0.9127 0.3881
vn -0.5253 -0.8072 0.2692
vn 0.6272 -0.7483 0.2159
vn 0.9376 -0.1345 0.3207
vn 0.9164 -0.1332 0.3773
vn 0.9923 -0.0934 0.0805
vn 0.7039 -0.6954 0.1445
vn 0.6696 -0.7427 -0.0051
vn 0.7183 -0.6939 0.0511
vn 0.2792 -0.1013 0.9549
vn 0.2798 -0.1173 0.9528
vn -0.1103 -0.1182 0.9868
vn -0.0915 -0.1156 0.9890
vn 0.2367 -0.0409 0.9707
vn -0.2262 -0.0343 0.9734
vn -0.8348 0.0749 -0.5454
vn -0.8471 0.0363 -0.5301
vn -0.5935 0.0656 -0.8021
vn -0.5878 0.0969 -0.8032
vn -0.9941 -0.0065 0.1078
vn -0.9958 -0.0210 0.0888
vn -0.8342 0.2585 -0.4871
vn -0.9806 0.0769 0.1802
vn -0.5546 0.3587 -0.7508
vn -0.3496 0.1061 -0.9308
vn -0.3109 0.0912 -0.9460
vn -0.3388 0.3830 -0.8594
vn -0.6102 -0.1001 0.7858
vn -0.6320 -0.0903 0.7696
vn -0.6430 -0.0912 0.7604
vn -0.6924 -0.0914 0.7157
vn -0.9974 -0.0260 0.0668
vn -0.2215 -0.1242 0.9672
vn -0.2016 0.1629 -0.9658
vn 0.2573 0.1803 -0.9493
vn -0.5302 0.1165 -0.8398
vn -0.8316 0.0548 -0.5526
vn 0.1873 -0.1383 0.9725
vn 0.6133 -0.1190 0.7808
vn 0.7782 0.1192 -0.6166
vn 0.9972 0.0234 -0.0712
vn 0.9200 -0.0560 0.3878
vn -0.0588 -0.9758 -0.2105
vn -0.0307 -0.9962 -0.0808
vn -0.1718 -0.9851 -0.0067
vn -0.0144 -0.9956 -0.0923
vn 0.0086 -0.9959 -0.0894
vn 0.1479 -0.9882 -0.0405
vn -0.0057 -0.9930 -0.1174
vn -0.6274 -0.7544 0.1926
vn 0.0112 -0.9984 -0.0547
vn -0.6064 -0.7267 0.3228
vn 0.0266 -0.9954 -0.0921
vn -0.6516 -0.7418 0.1584
vn -0.7278 0.6180 -0.2973
vn -0.4216 0.7802 -0.4621
vn -0.9572 0.2888 -0.0180
vn -0.5182 0.8480 -0.1106
vn -0.8749 0.4843 0.0010
vn -0.2500 0.9537 -0.1671
vn 0.0410 -0.9980 0.0485
vn 0.1638 -0.9863 0.0213
vn -0.1272 -0.9902 0.0573
vn 0.0432 -0.9984 0.0370
vn -0.0574 -0.9972 0.0484
vn 0.1350 -0.9906 0.0198
vn -0.7298 -0.1885 0.6571
vn -0.9323 -0.1452 0.3312
vn -0.7146 -0.1517 0.6829
vn 0.0101 -0.9993 0.0358
vn -0.6786 -0.7209 0.1405
vn -0.0096 -0.9995 0.0304
vn -0.7091 -0.6979 0.1005
vn 0.3068 -0.9381 -0.1606
vn 0.2220 -0.9743 -0.0368
vn -0.0199 -0.9997 0.0134
vn -0.0128 -0.9933 -0.1151
vn 0.8113 -0.5478 -0.2041
vn 0.8024 -0.5714 -0.1722
vn 0.4523 -0.6383 -0.6228
vn 0.8474 -0.3880 -0.3623
vn 0.0192 -0.6717 -0.7405
vn 0.9734 -0.0364 -0.2261
vn 0.9748 -0.0146 -0.2226
vn 0.9748 0.0839 -0.2068
vn 0.9541 0.2835 -0.0964
vn 0.9118 -0.0379 -0.4089
vn 0.9165 0.0643 -0.3948
vn -0.0740 0.5326 0.8431
vn -0.3730 0.8657 0.3337
vn 0.0208 0.9271 0.3741
vn 0.2380 0.5454 0.8037
vn -0.8295 0.2177 0.5143
vn -0.9254 0.2955 0.2373
vn -0.1913 0.6309 0.7519
vn -0.7118 0.2994 0.6353
vn 0.1762 0.6746 0.7168
vn -0.9882 -0.0578 0.1415
vn -0.9958 0.0128 0.0899
vn -0.2429 0.8147 -0.5265
vn 0.0153 0.8311 -0.5558
vn -0.1297 0.9723 -0.1945
vn 0.0153 0.9762 -0.2162
vn 0.1145 -0.9934 0.0004
vn 0.7813 -0.6210 -0.0624
vn 0.1680 -0.9857 -0.0076
vn 0.8137 -0.5641 -0.1406
vn 0.6272 0.6147 -0.4782
vn 0.9544 0.2202 -0.2013
vn 0.4657 0.8417 -0.2732
vn 0.8980 0.3698 -0.2381
vn 0.9947 -0.0355 -0.0964
vn 0.9819 -0.0003 -0.1892
vn -0.6384 -0.0953 -0.7637
vn -0.6479 -0.0222 -0.7614
vn -0.3740 0.0026 -0.9274
vn -0.3782 -0.0748 -0.9227
vn -0.9198 -0.1057 -0.3779
vn -0.9271 -0.0461 -0.3720
vn -0.4631 -0.6951 -0.5499
vn -0.7767 -0.5431 -0.3191
vn -0.2345 -0.7024 -0.6720
vn -0.2246 -0.0602 -0.9726
vn -0.2196 0.0217 -0.9753
vn 0.0515 0.0405 -0.9978
vn 0.0425 -0.0474 -0.9980
vn -0.1497 -0.6968 -0.7014
vn 0.5593 -0.0427 -0.8278
vn 0.5878 0.0647 -0.8064
vn 0.0055 -0.9942 -0.1074
vn 0.0338 -0.9994 0.0050
vn 0.1010 -0.9949 -0.0020
vn 0.0490 -0.9930 -0.1076
vn 0.2994 0.5453 0.7829
vn 0.4883 0.8607 0.1438
vn 0.9370 0.2984 0.1816
vn -0.0380 0.5091 0.8598
vn -0.0140 0.9137 0.4061
vn 0.3562 0.6316 0.6886
vn -0.0251 0.6727 0.7395
vn 0.8614 0.3366 0.3803
vn 0.5742 0.0778 -0.8149
vn 0.0511 0.0446 -0.9977
vn 0.9122 0.0982 -0.3978
vn 0.5471 0.4516 -0.7048
vn 0.9061 0.1986 -0.3736
vn 0.0453 0.5090 -0.8596
vn -0.9933 -0.1116 -0.0309
vn -0.9953 -0.0554 0.0792
vn -0.9993 -0.0334 -0.0150
vn -0.7185 -0.6919 -0.0705
vn -0.6962 -0.7160 0.0505
vn -0.1405 -0.9834 -0.1147
vn -0.0259 -0.9996 0.0048
vn -0.1999 -0.0440 0.9788
vn -0.8375 -0.1043 0.5364
vn 0.4616 0.0446 0.8860
vn -0.2033 -0.0573 0.9774
vn 0.4931 0.0151 0.8698
vn -0.8542 -0.0940 0.5113
vn -0.1999 -0.0226 0.9795
vn -0.8590 -0.0843 0.5049
vn 0.5235 0.0518 0.8504
vn -0.1957 -0.0320 0.9801
vn 0.5429 0.0682 0.8370
vn -0.8585 -0.1427 0.4926
vn 0.9023 0.1316 0.4104
vn 0.8941 0.1861 -0.4073
vn 0.9149 0.0986 0.3915
vn 0.8859 0.2046 -0.4162
vn 0.9262 0.1096 0.3606
vn 0.8815 0.1911 -0.4318
vn 0.9432 0.0932 0.3188
vn 0.8860 0.0563 -0.4602
vn -0.9799 -0.0832 -0.1814
vn -0.5127 0.0395 -0.8576
vn -0.9826 -0.0524 -0.1781
vn -0.5485 0.0884 -0.8314
vn -0.9835 -0.0677 -0.1676
vn -0.5691 0.0532 -0.8205
vn -0.9620 -0.1898 -0.1960
vn -0.4962 -0.1740 -0.8506
vn 0.3014 0.1481 -0.9419
vn 0.2693 0.2011 -0.9418
vn 0.2507 0.1745 -0.9522
vn 0.2998 -0.0408 -0.9531
vn -0.1849 -0.0794 0.9795
vn -0.8319 -0.2459 0.4975
vn 0.5160 0.0736 0.8534
vn 0.9336 0.1054 0.3425
vn 0.9047 -0.0777 -0.4190
vn -0.9135 -0.3452 -0.2154
vn -0.4029 -0.4030 -0.8217
vn 0.3774 -0.2729 -0.8849
vn -0.9577 -0.1625 0.2375
vn -0.9413 -0.2865 0.1787
vn -0.6556 -0.6131 -0.4407
vn -0.5986 -0.7703 -0.2197
vn -0.8615 0.2576 0.4375
vn -0.7982 0.0119 0.6023
vn -0.9646 -0.0409 0.2605
vn -0.8680 0.4964 0.0111
vn -0.6187 -0.7729 0.1411
vn -0.0613 0.2064 0.9765
vn -0.6842 -0.2146 0.6970
vn -0.2383 0.4741 0.8476
vn 0.1559 -0.4316 -0.8885
vn -0.5810 -0.5945 -0.5558
vn 0.2096 -0.5781 -0.7885
vn -0.8643 -0.4951 0.0877
vn 0.9639 -0.2269 -0.1394
vn 0.9459 -0.0940 -0.3105
vn 0.7947 0.2975 -0.5290
vn 0.9586 0.0467 -0.2810
vn 0.7620 -0.6389 0.1053
vn 0.8072 -0.5548 -0.2011
vn 0.7802 -0.4119 0.4707
vn 0.6276 -0.6141 0.4785
vn 0.8465 -0.2155 0.4868
vn -0.3091 0.8927 0.3279
vn 0.7142 0.6844 -0.1466
vn 0.0768 0.8544 -0.5138
vn 0.9634 -0.0215 -0.2672
vn 0.8189 -0.4405 -0.3678
vn 0.3135 -0.8381 -0.4464
vn 0.2658 -0.9637 -0.0226
vn 0.0621 -0.4878 0.8707
vn 0.0789 -0.6948 0.7149
vn -0.5808 -0.3674 0.7263
vn -0.4689 -0.5210 0.7132
vn 0.0885 -0.3628 0.9276
vn -0.5951 -0.3143 0.7396
vn 0.2048 -0.9208 0.3318
vn -0.6109 -0.6223 0.4893
vn -0.9078 -0.1370 0.3963
vn -0.9545 -0.0740 0.2887
vn -0.9900 -0.0122 0.1403
vn -0.9921 0.0470 0.1159
vn -0.7142 -0.2227 0.6635
vn -0.7319 -0.1856 0.6556
vn -0.6936 0.1858 -0.6960
vn -0.6316 0.3696 -0.6815
vn -0.9858 -0.0125 0.1671
vn -0.7565 -0.2883 -0.5869
vn -0.7664 -0.0913 0.6358
vn 0.4345 -0.6316 -0.6420
vn 0.4104 -0.3240 -0.8524
vn -0.4028 -0.7215 -0.5632
vn 0.8678 -0.1687 -0.4674
vn 0.8963 0.0250 -0.4426
vn 0.6275 -0.4512 -0.6345
vn 0.8416 -0.1990 -0.5020
vn 0.1034 -0.7513 -0.6518
vn 0.9997 -0.0037 0.0252
vn 0.9971 -0.0729 -0.0194
vn 0.7633 0.1943 -0.6161
vn 0.8213 0.1194 -0.5578
vn 0.6734 -0.1955 0.7129
vn 0.6615 -0.3367 0.6701
vn 0.9958 0.0914 0.0085
vn 0.6953 -0.0856 0.7136
vn -0.1185 -0.2888 0.9500
vn -0.0909 -0.3876 0.9173
vn -0.1536 -0.1812 0.9713
vn 0.3031 0.1839 -0.9350
vn 0.2709 0.3641 -0.8910
vn -0.2418 0.9005 0.3612
vn -0.3313 0.8890 0.3162
vn -0.7880 0.5502 0.2763
vn -0.7304 0.6075 0.3121
vn 0.5066 0.8254 0.2489
vn 0.4171 0.8955 0.1552
vn -0.1917 0.6696 0.7176
vn 0.4182 0.6879 0.5932
vn -0.6487 0.5640 0.5109
vn -0.9565 0.1908 0.2205
vn -0.7518 0.1695 0.6372
vn -0.9957 0.0711 0.0592
vn -0.1516 0.1225 0.9808
vn 0.6732 0.2091 0.7093
vn 0.9377 0.3390 0.0752
vn 0.9118 0.3913 -0.1243
vn 0.4424 0.4605 -0.7695
vn -0.5149 0.0700 -0.8544
vn 0.8316 0.4714 -0.2936
vn -0.1588 0.9867 0.0350
vn 0.2872 0.9514 0.1112
vn -0.7252 0.6853 0.0664
vn 0.8706 0.4749 -0.1282
vn 0.2860 0.9388 0.1921
vn -0.3710 0.8739 0.3141
vn -0.8130 0.5173 0.2670
vn -0.9338 -0.2789 -0.2239
vn 0.3198 0.3587 -0.8769
vn 0.3694 0.3390 -0.8652
vn -0.6387 0.3325 -0.6938
vn -0.6268 0.3747 -0.6831
vn 0.7284 0.2109 -0.6519
vn 0.7017 0.2280 -0.6749
vn -0.0277 -0.4035 0.9145
vn 0.0411 -0.3916 0.9192
vn 0.7708 -0.2955 0.5643
vn 0.6963 -0.3463 0.6286
vn -0.6833 -0.2366 0.6907
vn -0.6603 -0.2444 0.7101
vn 0.9924 -0.0478 -0.1133
vn 0.9673 0.0399 -0.2506
vn -0.9897 0.0419 0.1372
vn -0.9853 0.0023 0.1709
vn -0.9729 -0.0714 0.2197
vn -0.6436 -0.2615 0.7193
vn -0.6987 0.3736 -0.6100
vn 0.9356 0.1170 -0.3331
vn 0.7038 0.2757 -0.6547
vn 0.8393 -0.1979 0.5064
vn 0.0752 -0.3507 0.9335
vn 0.3664 0.4396 -0.8200
vn 0.1069 -0.1231 0.9866
vn 0.0720 0.7947 0.6027
vn -0.5871 0.7077 0.3930
vn -0.7465 -0.1174 0.6549
vn 0.8499 -0.0985 0.5175
vn 0.6301 0.6809 0.3732
vn -0.0237 0.9656 0.2589
vn 0.0153 0.8884 0.4589
vn -0.6746 0.6583 0.3337
vn -0.6476 0.7237 0.2386
vn 0.6650 0.7040 0.2491
vn 0.7242 0.6000 0.3398
vn 0.9857 -0.0744 0.1512
vn 0.9927 -0.0855 0.0850
vn -0.9839 -0.0107 0.1782
vn -0.9941 -0.0056 0.1080
vn -0.9525 -0.0580 0.2987
vn -0.6711 -0.7412 0.0123
vn -0.5254 0.3332 0.7829
vn 0.9773 -0.1029 0.1851
vn 0.7291 0.2696 0.6290
vn 0.7045 -0.7091 -0.0269
vn 0.1549 0.3928 0.9065
vn 0.0422 -0.9964 -0.0728
vn -0.0235 -0.9997 0.0107
vn -0.7028 -0.7079 0.0702
vn 0.1086 -0.9941 0.0010
vn -0.9963 0.0001 0.0859
vn -0.8505 0.5233 0.0530
vn -0.0741 0.9967 -0.0315
vn 0.0156 0.9989 -0.0432
vn -0.1592 0.9871 -0.0166
vn 0.0271 0.9270 0.3741
vn -0.4387 0.8986 0.0098
vn 0.0356 -0.9993 0.0112
vn -0.0252 -0.9995 0.0204
vn 0.4381 0.8865 -0.1487
vn 0.8789 0.4173 -0.2310
vn 0.9740 -0.0050 -0.2264
vn 0.7965 -0.5794 -0.1726
vn 0.2045 -0.9783 -0.0329
vn 0.4835 0.8731 -0.0627
vn 0.9305 0.3530 -0.0978
vn 0.0314 0.9911 -0.1290
vn -0.5400 0.8416 0.0109
vn -0.1782 0.9807 -0.0796
vn -0.9405 0.3324 0.0699
vn -0.6659 0.3770 -0.6437
vn -0.9263 0.1020 -0.3627
vn -0.3676 0.4759 -0.7990
vn -0.0840 0.9923 -0.0905
vn 0.1151 0.6664 0.7366
vn -0.2076 0.5024 -0.8393
vn 0.9777 0.1267 -0.1674
vn -0.6382 -0.0299 -0.7692
vn -0.9208 -0.0543 -0.3862
vn -0.3625 0.0018 -0.9320
vn -0.9995 -0.0274 0.0137
vn -0.2118 0.0195 -0.9771
vn 0.1462 0.5412 0.8281
usemtl Material.003
s 1
f 885/1357/971 1413/1358/972 2310/1359/973 1388/1360/974
f 885/1357/971 1388/1360/974 2311/1361/975 1412/1362/976
f 885/1357/971 1412/1362/976 2328/1363/977 1409/1364/978
f 885/1357/971 1409/1364/978 2327/1365/979 1413/1358/972
f 886/1366/980 1616/1367/981 2422/1368/982 1581/1369/983
f 886/1366/980 1581/1369/983 4254/1370/984 3266/1371/985
f 886/1366/980 3266/1371/985 4242/1372/986 1393/1373/987
f 886/1366/980 1393/1373/987 2424/1374/988 1616/1367/981
f 887/1375/989 1614/1376/990 2420/1377/991 1579/1378/992
f 887/1375/989 1579/1378/992 4253/1379/993 3267/1380/994
f 887/1375/989 3267/1380/994 4254/1381/984 1581/1382/983
f 887/1375/989 1581/1382/983 2422/1383/982 1614/1376/990
f 888/1384/995 1612/1385/996 2418/1386/997 1577/1387/998
f 888/1384/995 1577/1387/998 4252/1388/999 3268/1389/1000
f 888/1384/995 3268/1389/1000 4253/1379/993 1579/1378/992
f 888/1384/995 1579/1378/992 2420/1377/991 1612/1385/996
f 889/1390/1001 1610/1391/1002 2416/1392/1003 1575/1393/1004
f 889/1390/1001 1575/1393/1004 4251/1394/1005 3269/1395/1006
f 889/1390/1001 3269/1395/1006 4252/1388/999 1577/1387/998
f 889/1390/1001 1577/1387/998 2418/1386/997 1610/1391/1002
f 890/1396/1007 1608/1397/1008 2414/1398/1009 1573/1399/1010
f 890/1396/1007 1573/1399/1010 4250/1400/1011 3270/1401/1012
f 890/1396/1007 3270/1401/1012 4251/1394/1005 1575/1393/1004
f 890/1396/1007 1575/1393/1004 2416/1392/1003 1608/1397/1008
f 891/1402/1013 1598/1403/1014 2404/1404/1015 1566/1405/1016
f 891/1402/1013 1566/1405/1016 4248/1406/1017 3271/1407/1018
f 891/1402/1013 3271/1407/1018 4249/1408/1019 1568/1409/1020
f 891/1402/1013 1568/1409/1020 2406/1410/1021 1598/1403/1014
f 892/1411/1022 1596/1412/1023 2402/1413/1024 1564/1414/1025
f 892/1411/1022 1564/1414/1025 2313/1415/1026 1394/1416/1027
f 892/1411/1022 1394/1416/1027 4248/1406/1017 1566/1405/1016
f 892/1411/1022 1566/1405/1016 2404/1404/1015 1596/1412/1023
f 893/1417/1028 1594/1418/1029 2400/1419/1030 1562/1420/1031
f 893/1417/1028 1562/1420/1031 4246/1421/1032 1395/1422/1033
f 893/1417/1028 1395/1422/1033 2313/1415/1026 1564/1414/1025
f 893/1417/1028 1564/1414/1025 2402/1413/1024 1594/1418/1029
f 894/1423/1034 1592/1424/1035 2398/1425/1036 1560/1426/1037
f 894/1423/1034 1560/1426/1037 4245/1427/1038 3274/1428/1039
f 894/1423/1034 3274/1428/1039 4246/1429/1032 1562/1430/1031
f 894/1423/1034 1562/1430/1031 2400/1431/1030 1592/1424/1035
f 895/1432/1040 1590/1433/1041 2396/1434/1042 1558/1435/1043
f 895/1432/1040 1558/1435/1043 4244/1436/1044 3275/1437/1045
f 895/1432/1040 3275/1437/1045 4245/1427/1038 1560/1426/1037
f 895/1432/1040 1560/1426/1037 2398/1425/1036 1590/1433/1041
f 896/1438/1046 1588/1439/1047 2394/1440/1048 1556/1441/1049
f 896/1438/1046 1556/1441/1049 4243/1442/1050 3276/1443/1051
f 896/1438/1046 3276/1443/1051 4244/1436/1044 1558/1435/1043
f 896/1438/1046 1558/1435/1043 2396/1434/1042 1588/1439/1047
f 897/1444/1052 1586/1445/1053 2424/1374/988 1393/1373/987
f 897/1444/1052 1393/1373/987 4242/1372/986 3277/1446/1054
f 897/1444/1052 3277/1446/1054 4243/1442/1050 1556/1441/1049
f 897/1444/1052 1556/1441/1049 2394/1440/1048 1586/1445/1053
f 898/1447/1055 1445/1448/1056 2314/1449/1057 1396/1450/1058
f 898/1447/1055 1396/1450/1058 2315/1451/1059 1444/1452/1060
f 898/1447/1055 1444/1452/1060 2331/1453/1061 1428/1454/1062
f 898/1447/1055 1428/1454/1062 2330/1455/1063 1445/1448/1056
f 899/1456/1064 1415/1457/1065 2299/1458/1066 1366/1459/1067
f 899/1456/1064 1366/1459/1067 2300/1460/1068 1414/1461/1069
f 899/1456/1064 1414/1461/1069 2317/1462/1070 1398/1463/1071
f 899/1456/1064 1398/1463/1071 2316/1464/1072 1415/1457/1065
f 900/1465/1073 1417/1466/1074 2303/1467/1075 1374/1468/1076
f 900/1465/1073 1374/1468/1076 2304/1469/1077 1416/1470/1078
f 900/1465/1073 1416/1470/1078 2321/1471/1079 1402/1472/1080
f 900/1465/1073 1402/1472/1080 2320/1473/1081 1417/1466/1074
f 901/1474/1082 1419/1475/1083 2307/1476/1084 1382/1477/1085
f 901/1474/1082 1382/1477/1085 2308/1478/1086 1418/1479/1087
f 901/1474/1082 1418/1479/1087 2325/1480/1088 1406/1481/1089
f 901/1474/1082 1406/1481/1089 2324/1482/1090 1419/1475/1083
f 902/1483/1091 1412/1362/976 2311/1361/975 1390/1484/1092
f 902/1483/1091 1390/1484/1092 2312/1485/1093 1420/1486/1094
f 902/1483/1091 1420/1486/1094 2329/1487/1095 1410/1488/1096
f 902/1483/1091 1410/1488/1096 2328/1363/977 1412/1362/976
f 903/1489/1097 1414/1461/1069 2300/1460/1068 1368/1490/1098
f 903/1489/1097 1368/1490/1098 2301/1491/1099 1421/1492/1100
f 903/1489/1097 1421/1492/1100 2318/1493/1101 1399/1494/1102
f 903/1489/1097 1399/1494/1102 2317/1462/1070 1414/1461/1069
f 904/1495/1103 1416/1470/1078 2304/1469/1077 1376/1496/1104
f 904/1495/1103 1376/1496/1104 2305/1497/1105 1422/1498/1106
f 904/1495/1103 1422/1498/1106 2322/1499/1107 1403/1500/1108
f 904/1495/1103 1403/1500/1108 2321/1471/1079 1416/1470/1078
f 905/1501/1109 1418/1479/1087 2308/1478/1086 1384/1502/1110
f 905/1501/1109 1384/1502/1110 2309/1503/1111 1423/1504/1112
f 905/1501/1109 1423/1504/1112 2326/1505/1113 1407/1506/1114
f 905/1501/1109 1407/1506/1114 2325/1480/1088 1418/1479/1087
f 906/1507/1115 1425/1508/1116 2297/1509/1117 1362/1510/1118
f 906/1507/1115 1362/1510/1118 2298/1511/1119 1424/1512/1120
f 906/1507/1115 1424/1512/1120 2315/1513/1059 1396/1514/1058
f 906/1507/1115 1396/1514/1058 2314/1515/1057 1425/1508/1116
f 907/1516/1121 1420/1486/1094 2312/1485/1093 1392/1517/1122
f 907/1516/1121 1392/1517/1122 2297/1509/1117 1425/1508/1116
f 907/1516/1121 1425/1508/1116 2314/1515/1057 1411/1518/1123
f 907/1516/1121 1411/1518/1123 2329/1487/1095 1420/1486/1094
f 908/1519/1124 1421/1492/1100 2301/1491/1099 1370/1520/1125
f 908/1519/1124 1370/1520/1125 2302/1521/1126 1426/1522/1127
f 908/1519/1124 1426/1522/1127 2319/1523/1128 1400/1524/1129
f 908/1519/1124 1400/1524/1129 2318/1493/1101 1421/1492/1100
f 909/1525/1130 1422/1498/1106 2305/1497/1105 1378/1526/1131
f 909/1525/1130 1378/1526/1131 2306/1527/1132 1427/1528/1133
f 909/1525/1130 1427/1528/1133 2323/1529/1134 1404/1530/1135
f 909/1525/1130 1404/1530/1135 2322/1499/1107 1422/1498/1106
f 910/1531/1136 1423/1504/1112 2309/1503/1111 1386/1532/1137
f 910/1531/1136 1386/1532/1137 2310/1359/973 1413/1358/972
f 910/1531/1136 1413/1358/972 2327/1365/979 1408/1533/1138
f 910/1531/1136 1408/1533/1138 2326/1505/1113 1423/1504/1112
f 911/1534/1139 1424/1512/1120 2298/1511/1119 1364/1535/1140
f 911/1534/1139 1364/1535/1140 2299/1458/1066 1415/1457/1065
f 911/1534/1139 1415/1457/1065 2316/1464/1072 1397/1536/1141
f 911/1534/1139 1397/1536/1141 2315/1513/1059 1424/1512/1120
f 912/1537/1142 1426/1522/1127 2302/1521/1126 1372/1538/1143
f 912/1537/1142 1372/1538/1143 2303/1467/1075 1417/1466/1074
f 912/1537/1142 1417/1466/1074 2320/1473/1081 1401/1539/1144
f 912/1537/1142 1401/1539/1144 2319/1523/1128 1426/1522/1127
f 913/1540/1145 1427/1528/1133 2306/1527/1132 1380/1541/1146
f 913/1540/1145 1380/1541/1146 2307/1476/1084 1419/1475/1083
f 913/1540/1145 1419/1475/1083 2324/1482/1090 1405/1542/1147
f 913/1540/1145 1405/1542/1147 2323/1529/1134 1427/1528/1133
f 914/1543/1148 1477/1544/1149 2335/1545/1150 1433/1546/1151
f 914/1543/1148 1433/1546/1151 2336/1547/1152 1476/1548/1153
f 914/1543/1148 1476/1548/1153 2352/1549/1154 1465/1550/1155
f 914/1543/1148 1465/1550/1155 2351/1551/1156 1477/1544/1149
f 915/1552/1157 1446/1553/1158 2329/1554/1095 1411/1555/1123
f 915/1552/1157 1411/1555/1123 2314/1449/1057 1445/1448/1056
f 915/1552/1157 1445/1448/1056 2330/1455/1063 1443/1556/1159
f 915/1552/1157 1443/1556/1159 2345/1557/1160 1446/1553/1158
f 916/1558/1161 1448/1559/1162 2322/1560/1107 1404/1561/1135
f 916/1558/1161 1404/1561/1135 2323/1562/1134 1447/1563/1163
f 916/1558/1161 1447/1563/1163 2339/1564/1164 1436/1565/1165
f 916/1558/1161 1436/1565/1165 2338/1566/1166 1448/1559/1162
f 917/1567/1167 1444/1452/1060 2315/1451/1059 1397/1568/1141
f 917/1567/1167 1397/1568/1141 2316/1569/1072 1449/1570/1168
f 917/1567/1167 1449/1570/1168 2332/1571/1169 1429/1572/1170
f 917/1567/1167 1429/1572/1170 2331/1453/1061 1444/1452/1060
f 918/1573/1171 1447/1563/1163 2323/1562/1134 1405/1574/1147
f 918/1573/1171 1405/1574/1147 2324/1575/1090 1450/1576/1172
f 918/1573/1171 1450/1576/1172 2340/1577/1173 1437/1578/1174
f 918/1573/1171 1437/1578/1174 2339/1564/1164 1447/1563/1163
f 919/1579/1175 1449/1570/1168 2316/1569/1072 1398/1580/1071
f 919/1579/1175 1398/1580/1071 2317/1581/1070 1451/1582/1176
f 919/1579/1175 1451/1582/1176 2333/1583/1177 1430/1584/1178
f 919/1579/1175 1430/1584/1178 2332/1571/1169 1449/1570/1168
f 920/1585/1179 1450/1576/1172 2324/1575/1090 1406/1586/1089
f 920/1585/1179 1406/1586/1089 2325/1587/1088 1452/1588/1180
f 920/1585/1179 1452/1588/1180 2341/1589/1181 1438/1590/1182
f 920/1585/1179 1438/1590/1182 2340/1577/1173 1450/1576/1172
f 921/1591/1183 1451/1582/1176 2317/1581/1070 1399/1592/1102
f 921/1591/1183 1399/1592/1102 2318/1593/1101 1453/1594/1184
f 921/1591/1183 1453/1594/1184 2334/1595/1185 1431/1596/1186
f 921/1591/1183 1431/1596/1186 2333/1583/1177 1451/1582/1176
f 922/1597/1187 1452/1598/1180 2325/1599/1088 1407/1600/1114
f 922/1597/1187 1407/1600/1114 2326/1601/1113 1454/1602/1188
f 922/1597/1187 1454/1602/1188 2342/1603/1189 1439/1604/1190
f 922/1597/1187 1439/1604/1190 2341/1605/1181 1452/1598/1180
f 923/1606/1191 1453/1607/1184 2318/1608/1101 1400/1609/1129
f 923/1606/1191 1400/1609/1129 2319/1610/1128 1455/1611/1192
f 923/1606/1191 1455/1611/1192 2335/1612/1150 1432/1613/1193
f 923/1606/1191 1432/1613/1193 2334/1614/1185 1453/1607/1184
f 924/1615/1194 1454/1602/1188 2326/1601/1113 1408/1616/1138
f 924/1615/1194 1408/1616/1138 2327/1617/979 1456/1618/1195
f 924/1615/1194 1456/1618/1195 2343/1619/1196 1440/1620/1197
f 924/1615/1194 1440/1620/1197 2342/1603/1189 1454/1602/1188
f 925/1621/1198 1455/1611/1192 2319/1610/1128 1401/1622/1144
f 925/1621/1198 1401/1622/1144 2320/1623/1081 1457/1624/1199
f 925/1621/1198 1457/1624/1199 2336/1625/1152 1433/1626/1151
f 925/1621/1198 1433/1626/1151 2335/1612/1150 1455/1611/1192
f 926/1627/1200 1456/1618/1195 2327/1617/979 1409/1628/978
f 926/1627/1200 1409/1628/978 2328/1629/977 1458/1630/1201
f 926/1627/1200 1458/1630/1201 2344/1631/1202 1441/1632/1203
f 926/1627/1200 1441/1632/1203 2343/1619/1196 1456/1618/1195
f 927/1633/1204 1457/1624/1199 2320/1623/1081 1402/1634/1080
f 927/1633/1204 1402/1634/1080 2321/1635/1079 1459/1636/1205
f 927/1633/1204 1459/1636/1205 2337/1637/1206 1434/1638/1207
f 927/1633/1204 1434/1638/1207 2336/1625/1152 1457/1624/1199
f 928/1639/1208 1458/1630/1201 2328/1629/977 1410/1640/1096
f 928/1639/1208 1410/1640/1096 2329/1641/1095 1446/1642/1158
f 928/1639/1208 1446/1642/1158 2345/1643/1160 1442/1644/1209
f 928/1639/1208 1442/1644/1209 2344/1631/1202 1458/1630/1201
f 929/1645/1210 1459/1646/1205 2321/1647/1079 1403/1648/1108
f 929/1645/1210 1403/1648/1108 2322/1560/1107 1448/1559/1162
f 929/1645/1210 1448/1559/1162 2338/1566/1166 1435/1649/1211
f 929/1645/1210 1435/1649/1211 2337/1650/1206 1459/1646/1205
f 930/1651/1212 1509/1652/1213 2356/1653/1214 1470/1654/1215
f 930/1651/1212 1470/1654/1215 2357/1655/1216 1508/1656/1217
f 930/1651/1212 1508/1656/1217 2373/1657/1218 1502/1658/1219
f 930/1651/1212 1502/1658/1219 2372/1659/1220 1509/1652/1213
f 931/1660/1221 1479/1661/1222 2343/1662/1196 1441/1663/1203
f 931/1660/1221 1441/1663/1203 2344/1664/1202 1478/1665/1223
f 931/1660/1221 1478/1665/1223 2360/1666/1224 1473/1667/1225
f 931/1660/1221 1473/1667/1225 2359/1668/1226 1479/1661/1222
f 932/1669/1227 1476/1548/1153 2336/1547/1152 1434/1670/1207
f 932/1669/1227 1434/1670/1207 2337/1671/1206 1480/1672/1228
f 932/1669/1227 1480/1672/1228 2353/1673/1229 1466/1674/1230
f 932/1669/1227 1466/1674/1230 2352/1549/1154 1476/1548/1153
f 933/1675/1231 1478/1665/1223 2344/1664/1202 1442/1676/1209
f 933/1675/1231 1442/1676/1209 2345/1677/1160 1481/1678/1232
f 933/1675/1231 1481/1678/1232 2361/1679/1233 1474/1680/1234
f 933/1675/1231 1474/1680/1234 2360/1666/1224 1478/1665/1223
f 934/1681/1235 1480/1672/1228 2337/1671/1206 1435/1682/1211
f 934/1681/1235 1435/1682/1211 2338/1683/1166 1482/1684/1236
f 934/1681/1235 1482/1684/1236 2354/1685/1237 1467/1686/1238
f 934/1681/1235 1467/1686/1238 2353/1673/1229 1480/1672/1228
f 935/1687/1239 1484/1688/1240 2330/1689/1063 1428/1690/1062
f 935/1687/1239 1428/1690/1062 2331/1691/1061 1483/1692/1241
f 935/1687/1239 1483/1692/1241 2347/1693/1242 1460/1694/1243
f 935/1687/1239 1460/1694/1243 2346/1695/1244 1484/1688/1240
f 936/1696/1245 1481/1678/1232 2345/1677/1160 1443/1697/1159
f 936/1696/1245 1443/1697/1159 2330/1689/1063 1484/1688/1240
f 936/1696/1245 1484/1688/1240 2346/1695/1244 1475/1698/1246
f 936/1696/1245 1475/1698/1246 2361/1679/1233 1481/1678/1232
f 937/1699/1247 1482/1684/1236 2338/1683/1166 1436/1700/1165
f 937/1699/1247 1436/1700/1165 2339/1701/1164 1485/1702/1248
f 937/1699/1247 1485/1702/1248 2355/1703/1249 1468/1704/1250
f 937/1699/1247 1468/1704/1250 2354/1685/1237 1482/1684/1236
f 938/1705/1251 1483/1692/1241 2331/1691/1061 1429/1706/1170
f 938/1705/1251 1429/1706/1170 2332/1707/1169 1486/1708/1252
f 938/1705/1251 1486/1708/1252 2348/1709/1253 1461/1710/1254
f 938/1705/1251 1461/1710/1254 2347/1693/1242 1483/1692/1241
f 939/1711/1255 1485/1702/1248 2339/1701/1164 1437/1712/1174
f 939/1711/1255 1437/1712/1174 2340/1713/1173 1487/1714/1256
f 939/1711/1255 1487/1714/1256 2356/1653/1214 1469/1715/1257
f 939/1711/1255 1469/1715/1257 2355/1703/1249 1485/1702/1248
f 940/1716/1258 1486/1708/1252 2332/1707/1169 1430/1717/1178
f 940/1716/1258 1430/1717/1178 2333/1718/1177 1488/1719/1259
f 940/1716/1258 1488/1719/1259 2349/1720/1260 1462/1721/1261
f 940/1716/1258 1462/1721/1261 2348/1709/1253 1486/1708/1252
f 941/1722/1262 1487/1714/1256 2340/1713/1173 1438/1723/1182
f 941/1722/1262 1438/1723/1182 2341/1724/1181 1489/1725/1263
f 941/1722/1262 1489/1725/1263 2357/1655/1216 1470/1654/1215
f 941/1722/1262 1470/1654/1215 2356/1653/1214 1487/1714/1256
f 942/1726/1264 1488/1719/1259 2333/1718/1177 1431/1727/1186
f 942/1726/1264 1431/1727/1186 2334/1728/1185 1490/1729/1265
f 942/1726/1264 1490/1729/1265 2350/1730/1266 1463/1731/1267
f 942/1726/1264 1463/1731/1267 2349/1720/1260 1488/1719/1259
f 943/1732/1268 1489/1725/1263 2341/1724/1181 1439/1733/1190
f 943/1732/1268 1439/1733/1190 2342/1734/1189 1491/1735/1269
f 943/1732/1268 1491/1735/1269 2358/1736/1270 1471/1737/1271
f 943/1732/1268 1471/1737/1271 2357/1655/1216 1489/1725/1263
f 944/1738/1272 1490/1729/1265 2334/1728/1185 1432/1739/1193
f 944/1738/1272 1432/1739/1193 2335/1545/1150 1477/1544/1149
f 944/1738/1272 1477/1544/1149 2351/1551/1156 1464/1740/1273
f 944/1738/1272 1464/1740/1273 2350/1730/1266 1490/1729/1265
f 945/1741/1274 1491/1735/1269 2342/1734/1189 1440/1742/1197
f 945/1741/1274 1440/1742/1197 2343/1662/1196 1479/1661/1222
f 945/1741/1274 1479/1661/1222 2359/1668/1226 1472/1743/1275
f 945/1741/1274 1472/1743/1275 2358/1736/1270 1491/1735/1269
f 946/1744/1276 1541/1745/1277 2368/1746/1278 1498/1747/1279
f 946/1744/1276 1498/1747/1279 2369/1748/1280 1540/1749/1281
f 946/1744/1276 1540/1749/1281 2385/1750/1282 1530/1751/1283
f 946/1744/1276 1530/1751/1283 2384/1752/1284 1541/1745/1277
f 947/1753/1285 1511/1754/1286 2349/1720/1260 1463/1731/1267
f 947/1753/1285 1463/1731/1267 2350/1730/1266 1510/1755/1287
f 947/1753/1285 1510/1755/1287 2366/1756/1288 1495/1757/1289
f 947/1753/1285 1495/1757/1289 2365/1758/1290 1511/1754/1286
f 948/1759/1291 1508/1656/1217 2357/1655/1216 1471/1737/1271
f 948/1759/1291 1471/1737/1271 2358/1736/1270 1512/1760/1292
f 948/1759/1291 1512/1760/1292 2374/1761/1293 1503/1762/1294
f 948/1759/1291 1503/1762/1294 2373/1657/1218 1508/1656/1217
f 949/1763/1295 1510/1755/1287 2350/1730/1266 1464/1740/1273
f 949/1763/1295 1464/1740/1273 2351/1551/1156 1513/1764/1296
f 949/1763/1295 1513/1764/1296 2367/1765/1297 1496/1766/1298
f 949/1763/1295 1496/1766/1298 2366/1756/1288 1510/1755/1287
f 950/1767/1299 1512/1760/1292 2358/1736/1270 1472/1743/1275
f 950/1767/1299 1472/1743/1275 2359/1668/1226 1514/1768/1300
f 950/1767/1299 1514/1768/1300 2375/1769/1301 1504/1770/1302
f 950/1767/1299 1504/1770/1302 2374/1761/1293 1512/1760/1292
f 951/1771/1303 1513/1764/1296 2351/1551/1156 1465/1550/1155
f 951/1771/1303 1465/1550/1155 2352/1549/1154 1515/1772/1304
f 951/1771/1303 1515/1772/1304 2368/1773/1278 1497/1774/1305
f 951/1771/1303 1497/1774/1305 2367/1765/1297 1513/1764/1296
f 952/1775/1306 1514/1768/1300 2359/1668/1226 1473/1667/1225
f 952/1775/1306 1473/1667/1225 2360/1666/1224 1516/1776/1307
f 952/1775/1306 1516/1776/1307 2376/1777/1308 1505/1778/1309
f 952/1775/1306 1505/1778/1309 2375/1769/1301 1514/1768/1300
f 953/1779/1310 1515/1772/1304 2352/1549/1154 1466/1674/1230
f 953/1779/1310 1466/1674/1230 2353/1673/1229 1517/1780/1311
f 953/1779/1310 1517/1780/1311 2369/1781/1280 1498/1782/1279
f 953/1779/1310 1498/1782/1279 2368/1773/1278 1515/1772/1304
f 954/1783/1312 1516/1776/1307 2360/1666/1224 1474/1680/1234
f 954/1783/1312 1474/1680/1234 2361/1679/1233 1518/1784/1313
f 954/1783/1312 1518/1784/1313 2377/1785/1314 1506/1786/1315
f 954/1783/1312 1506/1786/1315 2376/1777/1308 1516/1776/1307
f 955/1787/1316 1517/1780/1311 2353/1673/1229 1467/1686/1238
f 955/1787/1316 1467/1686/1238 2354/1685/1237 1519/1788/1317
f 955/1787/1316 1519/1788/1317 2370/1789/1318 1499/1790/1319
f 955/1787/1316 1499/1790/1319 2369/1781/1280 1517/1780/1311
f 956/1791/1320 1521/1792/1321 2346/1695/1244 1460/1694/1243
f 956/1791/1320 1460/1694/1243 2347/1693/1242 1520/1793/1322
f 956/1791/1320 1520/1793/1322 2363/1794/1323 1492/1795/1324
f 956/1791/1320 1492/1795/1324 2362/1796/1325 1521/1792/1321
f 957/1797/1326 1518/1784/1313 2361/1679/1233 1475/1698/1246
f 957/1797/1326 1475/1698/1246 2346/1695/1244 1521/1792/1321
f 957/1797/1326 1521/1792/1321 2362/1796/1325 1507/1798/1327
f 957/1797/1326 1507/1798/1327 2377/1785/1314 1518/1784/1313
f 958/1799/1328 1519/1788/1317 2354/1685/1237 1468/1704/1250
f 958/1799/1328 1468/1704/1250 2355/1703/1249 1522/1800/1329
f 958/1799/1328 1522/1800/1329 2371/1801/1330 1500/1802/1331
f 958/1799/1328 1500/1802/1331 2370/1789/1318 1519/1788/1317
f 959/1803/1332 1520/1793/1322 2347/1693/1242 1461/1710/1254
f 959/1803/1332 1461/1710/1254 2348/1709/1253 1523/1804/1333
f 959/1803/1332 1523/1804/1333 2364/1805/1334 1493/1806/1335
f 959/1803/1332 1493/1806/1335 2363/1794/1323 1520/1793/1322
f 960/1807/1336 1522/1800/1329 2355/1703/1249 1469/1715/1257
f 960/1807/1336 1469/1715/1257 2356/1653/1214 1509/1652/1213
f 960/1807/1336 1509/1652/1213 2372/1659/1220 1501/1808/1337
f 960/1807/1336 1501/1808/1337 2371/1801/1330 1522/1800/1329
f 961/1809/1338 1523/1804/1333 2348/1709/1253 1462/1721/1261
f 961/1809/1338 1462/1721/1261 2349/1720/1260 1511/1754/1286
f 961/1809/1338 1511/1754/1286 2365/1758/1290 1494/1810/1339
f 961/1809/1338 1494/1810/1339 2364/1805/1334 1523/1804/1333
f 962/1811/1340 1539/1812/1341 2378/1813/1342 1524/1814/1343
f 962/1811/1340 1524/1814/1343 2379/1815/1344 1525/1816/1345
f 962/1811/1340 1525/1816/1345 2380/1817/1346 1526/1818/1347
f 962/1811/1340 1526/1818/1347 2381/1819/1348 1527/1820/1349
f 962/1811/1340 1527/1820/1349 2382/1821/1350 1528/1822/1351
f 962/1811/1340 1528/1822/1351 2383/1823/1352 1529/1824/1353
f 962/1811/1340 1529/1824/1353 2384/1825/1284 1530/1826/1283
f 962/1811/1340 1530/1826/1283 2385/1827/1282 1531/1828/1354
f 962/1811/1340 1531/1828/1354 2386/1829/1355 1532/1830/1356
f 962/1811/1340 1532/1830/1356 2387/1831/1357 1533/1832/1358
f 962/1811/1340 1533/1832/1358 2388/1833/1359 1534/1834/1360
f 962/1811/1340 1534/1834/1360 2389/1835/1361 1535/1836/1362
f 962/1811/1340 1535/1836/1362 2390/1837/1363 1536/1838/1364
f 962/1811/1340 1536/1838/1364 2391/1839/1365 1537/1840/1366
f 962/1811/1340 1537/1840/1366 2392/1841/1367 1538/1842/1368
f 962/1811/1340 1538/1842/1368 2393/1843/1369 1539/1812/1341
f 963/1844/1370 1543/1845/1371 2376/1846/1308 1506/1847/1315
f 963/1844/1370 1506/1847/1315 2377/1848/1314 1542/1849/1372
f 963/1844/1370 1542/1849/1372 2393/1850/1369 1538/1851/1368
f 963/1844/1370 1538/1851/1368 2392/1852/1367 1543/1845/1371
f 964/1853/1373 1540/1749/1281 2369/1748/1280 1499/1854/1319
f 964/1853/1373 1499/1854/1319 2370/1855/1318 1544/1856/1374
f 964/1853/1373 1544/1856/1374 2386/1857/1355 1531/1858/1354
f 964/1853/1373 1531/1858/1354 2385/1750/1282 1540/1749/1281
f 965/1859/1375 1546/1860/1376 2362/1861/1325 1492/1862/1324
f 965/1859/1375 1492/1862/1324 2363/1863/1323 1545/1864/1377
f 965/1859/1375 1545/1864/1377 2379/1865/1344 1524/1866/1343
f 965/1859/1375 1524/1866/1343 2378/1867/1342 1546/1860/1376
f 966/1868/1378 1542/1869/1372 2377/1870/1314 1507/1871/1327
f 966/1868/1378 1507/1871/1327 2362/1861/1325 1546/1860/1376
f 966/1868/1378 1546/1860/1376 2378/1867/1342 1539/1872/1341
f 966/1868/1378 1539/1872/1341 2393/1873/1369 1542/1869/1372
f 967/1874/1379 1544/1875/1374 2370/1876/1318 1500/1877/1331
f 967/1874/1379 1500/1877/1331 2371/1878/1330 1547/1879/1380
f 967/1874/1379 1547/1879/1380 2387/1880/1357 1532/1881/1356
f 967/1874/1379 1532/1881/1356 2386/1882/1355 1544/1875/1374
f 968/1883/1381 1545/1864/1377 2363/1863/1323 1493/1884/1335
f 968/1883/1381 1493/1884/1335 2364/1885/1334 1548/1886/1382
f 968/1883/1381 1548/1886/1382 2380/1887/1346 1525/1888/1345
f 968/1883/1381 1525/1888/1345 2379/1865/1344 1545/1864/1377
f 969/1889/1383 1547/1879/1380 2371/1878/1330 1501/1890/1337
f 969/1889/1383 1501/1890/1337 2372/1891/1220 1549/1892/1384
f 969/1889/1383 1549/1892/1384 2388/1893/1359 1533/1894/1358
f 969/1889/1383 1533/1894/1358 2387/1880/1357 1547/1879/1380
f 970/1895/1385 1548/1886/1382 2364/1885/1334 1494/1896/1339
f 970/1895/1385 1494/1896/1339 2365/1897/1290 1550/1898/1386
f 970/1895/1385 1550/1898/1386 2381/1899/1348 1526/1900/1347
f 970/1895/1385 1526/1900/1347 2380/1887/1346 1548/1886/1382
f 971/1901/1387 1549/1892/1384 2372/1891/1220 1502/1902/1219
f 971/1901/1387 1502/1902/1219 2373/1903/1218 1551/1904/1388
f 971/1901/1387 1551/1904/1388 2389/1905/1361 1534/1906/1360
f 971/1901/1387 1534/1906/1360 2388/1893/1359 1549/1892/1384
f 972/1907/1389 1550/1908/1386 2365/1909/1290 1495/1910/1289
f 972/1907/1389 1495/1910/1289 2366/1911/1288 1552/1912/1390
f 972/1907/1389 1552/1912/1390 2382/1913/1350 1527/1914/1349
f 972/1907/1389 1527/1914/1349 2381/1915/1348 1550/1908/1386
f 973/1916/1391 1551/1904/1388 2373/1903/1218 1503/1917/1294
f 973/1916/1391 1503/1917/1294 2374/1918/1293 1553/1919/1392
f 973/1916/1391 1553/1919/1392 2390/1920/1363 1535/1921/1362
f 973/1916/1391 1535/1921/1362 2389/1905/1361 1551/1904/1388
f 974/1922/1393 1552/1912/1390 2366/1911/1288 1496/1923/1298
f 974/1922/1393 1496/1923/1298 2367/1924/1297 1554/1925/1394
f 974/1922/1393 1554/1925/1394 2383/1926/1352 1528/1927/1351
f 974/1922/1393 1528/1927/1351 2382/1913/1350 1552/1912/1390
f 975/1928/1395 1553/1929/1392 2374/1930/1293 1504/1931/1302
f 975/1928/1395 1504/1931/1302 2375/1932/1301 1555/1933/1396
f 975/1928/1395 1555/1933/1396 2391/1934/1365 1536/1935/1364
f 975/1928/1395 1536/1935/1364 2390/1936/1363 1553/1929/1392
f 976/1937/1397 1554/1925/1394 2367/1924/1297 1497/1938/1305
f 976/1937/1397 1497/1938/1305 2368/1746/1278 1541/1745/1277
f 976/1937/1397 1541/1745/1277 2384/1752/1284 1529/1939/1353
f 976/1937/1397 1529/1939/1353 2383/1926/1352 1554/1925/1394
f 977/1940/1398 1555/1933/1396 2375/1932/1301 1505/1941/1309
f 977/1940/1398 1505/1941/1309 2376/1846/1308 1543/1845/1371
f 977/1940/1398 1543/1845/1371 2392/1852/1367 1537/1942/1366
f 977/1940/1398 1537/1942/1366 2391/1934/1365 1555/1933/1396
f 978/1943/1399 1737/1944/1400 2482/1945/1401 1583/1946/1402
f 978/1943/1399 1583/1946/1402 2423/1947/1403 1585/1948/1404
f 978/1943/1399 1585/1948/1404 2395/1949/1405 1706/1950/1406
f 978/1943/1399 1706/1950/1406 2467/1951/1407 1737/1944/1400
f 979/1952/1408 1585/1948/1404 2423/1947/1403 1584/1953/1409
f 979/1952/1408 1584/1953/1409 2424/1374/988 1586/1445/1053
f 979/1952/1408 1586/1445/1053 2394/1440/1048 1557/1954/1410
f 979/1952/1408 1557/1954/1410 2395/1949/1405 1585/1948/1404
f 980/1955/1411 1736/1956/1412 2467/1951/1407 1706/1950/1406
f 980/1955/1411 1706/1950/1406 2395/1949/1405 1587/1957/1413
f 980/1955/1411 1587/1957/1413 2397/1958/1414 1707/1959/1415
f 980/1955/1411 1707/1959/1415 2468/1960/1416 1736/1956/1412
f 981/1961/1417 1587/1957/1413 2395/1949/1405 1557/1954/1410
f 981/1961/1417 1557/1954/1410 2394/1440/1048 1588/1439/1047
f 981/1961/1417 1588/1439/1047 2396/1434/1042 1559/1962/1418
f 981/1961/1417 1559/1962/1418 2397/1958/1414 1587/1957/1413
f 982/1963/1419 1735/1964/1420 2468/1960/1416 1707/1959/1415
f 982/1963/1419 1707/1959/1415 2397/1958/1414 1589/1965/1421
f 982/1963/1419 1589/1965/1421 2399/1966/1422 1708/1967/1423
f 982/1963/1419 1708/1967/1423 2469/1968/1424 1735/1964/1420
f 983/1969/1425 1589/1965/1421 2397/1958/1414 1559/1962/1418
f 983/1969/1425 1559/1962/1418 2396/1434/1042 1590/1433/1041
f 983/1969/1425 1590/1433/1041 2398/1425/1036 1561/1970/1426
f 983/1969/1425 1561/1970/1426 2399/1966/1422 1589/1965/1421
f 984/1971/1427 1734/1972/1428 2469/1968/1424 1708/1967/1423
f 984/1971/1427 1708/1967/1423 2399/1966/1422 1591/1973/1429
f 984/1971/1427 1591/1973/1429 2401/1974/1430 1709/1975/1431
f 984/1971/1427 1709/1975/1431 2470/1976/1432 1734/1972/1428
f 985/1977/1433 1591/1973/1429 2399/1966/1422 1561/1970/1426
f 985/1977/1433 1561/1970/1426 2398/1425/1036 1592/1424/1035
f 985/1977/1433 1592/1424/1035 2400/1431/1030 1563/1978/1434
f 985/1977/1433 1563/1978/1434 2401/1974/1430 1591/1973/1429
f 986/1979/1435 1733/1980/1436 2470/1981/1432 1709/1982/1431
f 986/1979/1435 1709/1982/1431 2401/1983/1430 1593/1984/1437
f 986/1979/1435 1593/1984/1437 2403/1985/1438 1710/1986/1439
f 986/1979/1435 1710/1986/1439 2471/1987/1440 1733/1980/1436
f 987/1988/1441 1593/1984/1437 2401/1983/1430 1563/1989/1434
f 987/1988/1441 1563/1989/1434 2400/1419/1030 1594/1418/1029
f 987/1988/1441 1594/1418/1029 2402/1413/1024 1565/1990/1442
f 987/1988/1441 1565/1990/1442 2403/1985/1438 1593/1984/1437
f 988/1991/1443 1732/1992/1444 2471/1987/1440 1710/1986/1439
f 988/1991/1443 1710/1986/1439 2403/1985/1438 1595/1993/1445
f 988/1991/1443 1595/1993/1445 2405/1994/1446 1711/1995/1447
f 988/1991/1443 1711/1995/1447 2472/1996/1448 1732/1992/1444
f 989/1997/1449 2190/1998/1450 2405/1999/1446 1595/2000/1445
f 989/1997/1449 1595/2000/1445 2403/2001/1438 2189/2002/1451
f 989/1997/1449 2189/2002/1451 2702/2003/1452 2187/2004/1453
f 989/1997/1449 2187/2004/1453 2704/2005/1454 2190/1998/1450
f 990/2006/1455 1731/2007/1456 2472/1996/1448 1711/1995/1447
f 990/2006/1455 1711/1995/1447 2405/1994/1446 1597/2008/1457
f 990/2006/1455 1597/2008/1457 2407/2009/1458 1712/2010/1459
f 990/2006/1455 1712/2010/1459 2473/2011/1460 1731/2007/1456
f 991/2012/1461 1597/2008/1457 2405/1994/1446 1567/2013/1462
f 991/2012/1461 1567/2013/1462 2404/1404/1015 1598/1403/1014
f 991/2012/1461 1598/1403/1014 2406/1410/1021 1569/2014/1463
f 991/2012/1461 1569/2014/1463 2407/2009/1458 1597/2008/1457
f 992/2015/1464 1730/2016/1465 2473/2011/1460 1712/2010/1459
f 992/2015/1464 1712/2010/1459 2407/2009/1458 1599/2017/1466
f 992/2015/1464 1599/2017/1466 2409/2018/1467 1713/2019/1468
f 992/2015/1464 1713/2019/1468 2474/2020/1469 1730/2016/1465
f 993/2021/1470 1599/2022/1466 2407/2023/1458 1569/2024/1463
f 993/2021/1470 1569/2024/1463 2406/2025/1021 1600/2026/1471
f 993/2021/1470 1600/2026/1471 2408/2027/1472 1570/2028/1473
f 993/2021/1470 1570/2028/1473 2409/2029/1467 1599/2022/1466
f 994/2030/1474 1729/2031/1475 2474/2032/1469 1713/2033/1468
f 994/2030/1474 1713/2033/1468 2409/2029/1467 1601/2034/1476
f 994/2030/1474 1601/2034/1476 2411/2035/1477 1714/2036/1478
f 994/2030/1474 1714/2036/1478 2475/2037/1479 1729/2031/1475
f 995/2038/1480 1601/2034/1476 2409/2029/1467 1570/2028/1473
f 995/2038/1480 1570/2028/1473 2408/2027/1472 1602/2039/1481
f 995/2038/1480 1602/2039/1481 2410/2040/1482 1571/2041/1483
f 995/2038/1480 1571/2041/1483 2411/2035/1477 1601/2034/1476
f 996/2042/1484 1728/2043/1485 2475/2037/1479 1714/2036/1478
f 996/2042/1484 1714/2036/1478 2411/2035/1477 1603/2044/1486
f 996/2042/1484 1603/2044/1486 2413/2045/1487 1715/2046/1488
f 996/2042/1484 1715/2046/1488 2476/2047/1489 1728/2043/1485
f 997/2048/1490 1603/2044/1486 2411/2035/1477 1571/2041/1483
f 997/2048/1490 1571/2041/1483 2410/2040/1482 1604/2049/1491
f 997/2048/1490 1604/2049/1491 2412/2050/1492 1572/2051/1493
f 997/2048/1490 1572/2051/1493 2413/2045/1487 1603/2044/1486
f 998/2052/1494 1727/2053/1495 2476/2047/1489 1715/2046/1488
f 998/2052/1494 1715/2046/1488 2413/2045/1487 1605/2054/1496
f 998/2052/1494 1605/2054/1496 2415/2055/1497 1716/2056/1498
f 998/2052/1494 1716/2056/1498 2477/2057/1499 1727/2053/1495
f 999/2058/1500 1605/2054/1496 2413/2045/1487 1572/2051/1493
f 999/2058/1500 1572/2051/1493 2412/2050/1492 1606/2059/1501
f 999/2058/1500 1606/2059/1501 2414/2060/1009 1574/2061/1502
f 999/2058/1500 1574/2061/1502 2415/2055/1497 1605/2054/1496
f 1000/2062/1503 1726/2063/1504 2477/2064/1499 1716/2065/1498
f 1000/2062/1503 1716/2065/1498 2415/2066/1497 1607/2067/1505
f 1000/2062/1503 1607/2067/1505 2417/2068/1506 1717/2069/1507
f 1000/2062/1503 1717/2069/1507 2478/2070/1508 1726/2063/1504
f 1001/2071/1509 1607/2067/1505 2415/2066/1497 1574/2072/1502
f 1001/2071/1509 1574/2072/1502 2414/1398/1009 1608/1397/1008
f 1001/2071/1509 1608/1397/1008 2416/1392/1003 1576/2073/1510
f 1001/2071/1509 1576/2073/1510 2417/2068/1506 1607/2067/1505
f 1002/2074/1511 1725/2075/1512 2478/2070/1508 1717/2069/1507
f 1002/2074/1511 1717/2069/1507 2417/2068/1506 1609/2076/1513
f 1002/2074/1511 1609/2076/1513 2419/2077/1514 1718/2078/1515
f 1002/2074/1511 1718/2078/1515 2479/2079/1516 1725/2075/1512
f 1003/2080/1517 1609/2076/1513 2417/2068/1506 1576/2073/1510
f 1003/2080/1517 1576/2073/1510 2416/1392/1003 1610/1391/1002
f 1003/2080/1517 1610/1391/1002 2418/1386/997 1578/2081/1518
f 1003/2080/1517 1578/2081/1518 2419/2077/1514 1609/2076/1513
f 1004/2082/1519 1724/2083/1520 2479/2079/1516 1718/2078/1515
f 1004/2082/1519 1718/2078/1515 2419/2077/1514 1611/2084/1521
f 1004/2082/1519 1611/2084/1521 2421/2085/1522 1719/2086/1523
f 1004/2082/1519 1719/2086/1523 2480/2087/1524 1724/2083/1520
f 1005/2088/1525 1611/2084/1521 2419/2077/1514 1578/2081/1518
f 1005/2088/1525 1578/2081/1518 2418/1386/997 1612/1385/996
f 1005/2088/1525 1612/1385/996 2420/1377/991 1580/2089/1526
f 1005/2088/1525 1580/2089/1526 2421/2085/1522 1611/2084/1521
f 1006/2090/1527 1784/2091/1528 2522/2092/1529 1833/2093/1530
f 1006/2090/1527 1833/2093/1530 2521/2094/1531 1751/2095/1532
f 1006/2090/1527 1751/2095/1532 2489/2096/1533 1745/2097/1534
f 1006/2090/1527 1745/2097/1534 2485/2098/1535 1784/2091/1528
f 1007/2099/1536 1774/2100/1537 2512/2101/1538 1828/2102/1539
f 1007/2099/1536 1828/2102/1539 2496/2103/1540 1582/2104/1541
f 1007/2099/1536 1582/2104/1541 2491/2105/1542 1748/2106/1543
f 1007/2099/1536 1748/2106/1543 2487/2107/1544 1774/2100/1537
f 1008/2108/1545 1720/2109/1546 2511/2110/1547 1823/2111/1548
f 1008/2108/1545 1823/2111/1548 2501/2112/1549 1613/2113/1550
f 1008/2108/1545 1613/2113/1550 2483/2114/1551 1738/2115/1552
f 1008/2108/1545 1738/2115/1552 2484/2116/1553 1720/2109/1546
f 1009/2117/1554 1764/2118/1555 2502/2119/1556 1818/2120/1557
f 1009/2117/1554 1818/2120/1557 2511/2110/1547 1720/2109/1546
f 1009/2117/1554 1720/2109/1546 2484/2116/1553 1746/2121/1558
f 1009/2117/1554 1746/2121/1558 2490/2122/1559 1764/2118/1555
f 1010/2123/1560 3505/2124/1561 4380/2125/1562 1649/2126/1563
f 1010/2123/1560 1649/2126/1563 2435/2127/1564 1623/2128/1565
f 1010/2123/1560 1623/2128/1565 2425/2129/1566 1617/2130/1567
f 1010/2123/1560 1617/2130/1567 4366/2131/1568 3505/2124/1561
f 1011/2132/1569 1623/2128/1565 2435/2127/1564 1648/2133/1570
f 1011/2132/1569 1648/2133/1570 2436/2134/1571 1624/2135/1572
f 1011/2132/1569 1624/2135/1572 2426/2136/1573 1618/2137/1574
f 1011/2132/1569 1618/2137/1574 2425/2129/1566 1623/2128/1565
f 1012/2138/1575 1624/2135/1572 2436/2134/1571 1647/2139/1576
f 1012/2138/1575 1647/2139/1576 2437/2140/1577 1625/2141/1578
f 1012/2138/1575 1625/2141/1578 2427/2142/1579 1619/2143/1580
f 1012/2138/1575 1619/2143/1580 2426/2136/1573 1624/2135/1572
f 1013/2144/1581 1625/2141/1578 2437/2140/1577 1646/2145/1582
f 1013/2144/1581 1646/2145/1582 2438/2146/1583 1626/2147/1584
f 1013/2144/1581 1626/2147/1584 2428/2148/1585 1620/2149/1586
f 1013/2144/1581 1620/2149/1586 2427/2142/1579 1625/2141/1578
f 1014/2150/1587 1884/2151/1588 2406/1410/1021 1568/1409/1020
f 1014/2150/1587 1568/1409/1020 4249/1408/1019 3783/2152/1589
f 1014/2150/1587 3783/2152/1589 4509/2153/1590 1878/2154/1591
f 1014/2150/1587 1878/2154/1591 2554/2155/1592 1884/2151/1588
f 1015/2156/1593 3782/2157/1594 4379/2158/1595 1633/2159/1596
f 1015/2156/1593 1633/2159/1596 2434/2160/1597 1631/2161/1598
f 1015/2156/1593 1631/2161/1598 2557/2162/1599 1882/2163/1600
f 1015/2156/1593 1882/2163/1600 4514/2164/1601 3782/2157/1594
f 1016/2165/1602 1629/2166/1603 2410/2040/1482 1602/2039/1481
f 1016/2165/1602 1602/2039/1481 2408/2027/1472 1630/2167/1604
f 1016/2165/1602 1630/2167/1604 2433/2168/1605 1635/2169/1606
f 1016/2165/1602 1635/2169/1606 2432/2170/1607 1629/2166/1603
f 1017/2171/1608 1628/2172/1609 2412/2050/1492 1604/2049/1491
f 1017/2171/1608 1604/2049/1491 2410/2040/1482 1629/2166/1603
f 1017/2171/1608 1629/2166/1603 2432/2170/1607 1636/2173/1610
f 1017/2171/1608 1636/2173/1610 2431/2174/1611 1628/2172/1609
f 1018/2175/1612 1627/2176/1613 2414/2060/1009 1606/2059/1501
f 1018/2175/1612 1606/2059/1501 2412/2050/1492 1628/2172/1609
f 1018/2175/1612 1628/2172/1609 2431/2174/1611 1637/2177/1614
f 1018/2175/1612 1637/2177/1614 2430/2178/1615 1627/2176/1613
f 1019/2179/1616 3511/2180/1617 4250/1400/1011 1573/1399/1010
f 1019/2179/1616 1573/1399/1010 2414/1398/1009 1627/2181/1613
f 1019/2179/1616 1627/2181/1613 2430/2182/1615 1638/2183/1618
f 1019/2179/1616 1638/2183/1618 4373/2184/1619 3511/2180/1617
f 1020/2185/1620 1643/2186/1621 2434/2187/1597 1633/2188/1596
f 1020/2185/1620 1633/2188/1596 4379/2189/1595 3530/2190/1622
f 1020/2185/1620 3530/2190/1622 4386/2191/1623 1644/2192/1624
f 1020/2185/1620 1644/2192/1624 2439/2193/1625 1643/2186/1621
f 1021/2194/1626 1642/2195/1627 2433/2168/1605 1634/2196/1628
f 1021/2194/1626 1634/2196/1628 2434/2197/1597 1643/2198/1621
f 1021/2194/1626 1643/2198/1621 2439/2199/1625 1645/2200/1629
f 1021/2194/1626 1645/2200/1629 2438/2146/1583 1642/2195/1627
f 1022/2201/1630 1641/2202/1631 2432/2170/1607 1635/2169/1606
f 1022/2201/1630 1635/2169/1606 2433/2168/1605 1642/2195/1627
f 1022/2201/1630 1642/2195/1627 2438/2146/1583 1646/2145/1582
f 1022/2201/1630 1646/2145/1582 2437/2140/1577 1641/2202/1631
f 1023/2203/1632 1640/2204/1633 2431/2174/1611 1636/2173/1610
f 1023/2203/1632 1636/2173/1610 2432/2170/1607 1641/2202/1631
f 1023/2203/1632 1641/2202/1631 2437/2140/1577 1647/2139/1576
f 1023/2203/1632 1647/2139/1576 2436/2134/1571 1640/2204/1633
f 1024/2205/1634 1639/2206/1635 2430/2178/1615 1637/2177/1614
f 1024/2205/1634 1637/2177/1614 2431/2174/1611 1640/2204/1633
f 1024/2205/1634 1640/2204/1633 2436/2134/1571 1648/2133/1570
f 1024/2205/1634 1648/2133/1570 2435/2127/1564 1639/2206/1635
f 1025/2207/1636 3524/2208/1637 4373/2209/1619 1638/2210/1618
f 1025/2207/1636 1638/2210/1618 2430/2178/1615 1639/2206/1635
f 1025/2207/1636 1639/2206/1635 2435/2127/1564 1649/2126/1563
f 1025/2207/1636 1649/2126/1563 4380/2125/1562 3524/2208/1637
f 1026/2211/1638 1701/2212/1639 2460/2213/1640 1685/2214/1641
f 1026/2211/1638 1685/2214/1641 2464/2215/1642 1703/2216/1643
f 1026/2211/1638 1703/2216/1643 2445/2217/1644 1654/2218/1645
f 1026/2211/1638 1654/2218/1645 2444/2219/1646 1701/2212/1639
f 1027/2220/1647 1697/2221/1648 2452/2222/1649 1671/2223/1650
f 1027/2220/1647 1671/2223/1650 2456/2224/1651 1699/2225/1652
f 1027/2220/1647 1699/2225/1652 2443/2226/1653 1652/2227/1654
f 1027/2220/1647 1652/2227/1654 2442/2228/1655 1697/2221/1648
f 1028/2229/1656 1703/2216/1643 2464/2215/1642 1691/2230/1657
f 1028/2229/1656 1691/2230/1657 4418/2231/1658 3600/2232/1659
f 1028/2229/1656 3600/2232/1659 2446/2233/1660 1655/2234/1661
f 1028/2229/1656 1655/2234/1661 2445/2217/1644 1703/2216/1643
f 1029/2235/1662 1699/2225/1652 2456/2224/1651 1678/2236/1663
f 1029/2235/1662 1678/2236/1663 2460/2237/1640 1701/2238/1639
f 1029/2235/1662 1701/2238/1639 2444/2239/1646 1653/2240/1664
f 1029/2235/1662 1653/2240/1664 2443/2226/1653 1699/2225/1652
f 1030/2241/1665 1695/2242/1666 2448/2243/1667 1664/2244/1668
f 1030/2241/1665 1664/2244/1668 2452/2245/1649 1697/2246/1648
f 1030/2241/1665 1697/2246/1648 2442/2247/1655 1651/2248/1669
f 1030/2241/1665 1651/2248/1669 2441/2249/1670 1695/2242/1666
f 1031/2250/1671 1704/2251/1672 2429/2252/1673 1622/2253/1674
f 1031/2250/1671 1622/2253/1674 4372/2254/1675 3601/2255/1676
f 1031/2250/1671 3601/2255/1676 4419/2256/1677 1694/2257/1678
f 1031/2250/1671 1694/2257/1678 2463/2258/1679 1704/2251/1672
f 1032/2259/1680 1700/2260/1681 2427/2261/1579 1620/2262/1586
f 1032/2259/1680 1620/2262/1586 2428/2263/1585 1702/2264/1682
f 1032/2259/1680 1702/2264/1682 2459/2265/1683 1683/2266/1684
f 1032/2259/1680 1683/2266/1684 2455/2267/1685 1700/2260/1681
f 1033/2268/1686 1696/2269/1687 2425/2270/1566 1618/2271/1574
f 1033/2268/1686 1618/2271/1574 2426/2272/1573 1698/2273/1688
f 1033/2268/1686 1698/2273/1688 2451/2274/1689 1669/2275/1690
f 1033/2268/1686 1669/2275/1690 2447/2276/1691 1696/2269/1687
f 1034/2277/1692 1702/2264/1682 2428/2263/1585 1621/2278/1693
f 1034/2277/1692 1621/2278/1693 2429/2279/1673 1704/2280/1672
f 1034/2277/1692 1704/2280/1672 2463/2281/1679 1690/2282/1694
f 1034/2277/1692 1690/2282/1694 2459/2265/1683 1702/2264/1682
f 1035/2283/1695 1698/2273/1688 2426/2272/1573 1619/2284/1580
f 1035/2283/1695 1619/2284/1580 2427/2261/1579 1700/2260/1681
f 1035/2283/1695 1700/2260/1681 2455/2267/1685 1676/2285/1696
f 1035/2283/1695 1676/2285/1696 2451/2274/1689 1698/2273/1688
f 1036/2286/1697 3590/2287/1698 4366/2288/1568 1617/2289/1567
f 1036/2286/1697 1617/2289/1567 2425/2290/1566 1696/2291/1687
f 1036/2286/1697 1696/2291/1687 2447/2292/1691 1662/2293/1699
f 1036/2286/1697 1662/2293/1699 4394/2294/1700 3590/2287/1698
f 1037/2295/1701 1656/2296/1702 2448/2297/1667 1657/2298/1703
f 1037/2295/1701 1657/2298/1703 4395/2299/1704 3545/2300/1705
f 1037/2295/1701 3545/2300/1705 4397/2301/1706 1658/2302/1707
f 1037/2295/1701 1658/2302/1707 2450/2303/1708 1656/2296/1702
f 1038/2304/1709 1659/2305/1710 2450/2303/1708 1658/2302/1707
f 1038/2304/1709 1658/2302/1707 4397/2301/1706 3548/2306/1711
f 1038/2304/1709 3548/2306/1711 4396/2307/1712 1660/2308/1713
f 1038/2304/1709 1660/2308/1713 2449/2309/1714 1659/2305/1710
f 1039/2310/1715 1661/2311/1716 2449/2309/1714 1660/2308/1713
f 1039/2310/1715 1660/2308/1713 4396/2307/1712 3551/2312/1717
f 1039/2310/1715 3551/2312/1717 4394/2294/1700 1662/2293/1699
f 1039/2310/1715 1662/2293/1699 2447/2292/1691 1661/2311/1716
f 1040/2313/1718 1663/2314/1719 2452/2222/1649 1664/2315/1668
f 1040/2313/1718 1664/2315/1668 2448/2316/1667 1656/2317/1702
f 1040/2313/1718 1656/2317/1702 2450/2318/1708 1665/2319/1720
f 1040/2313/1718 1665/2319/1720 2454/2320/1721 1663/2314/1719
f 1041/2321/1722 1666/2322/1723 2454/2320/1721 1665/2319/1720
f 1041/2321/1722 1665/2319/1720 2450/2318/1708 1659/2323/1710
f 1041/2321/1722 1659/2323/1710 2449/2324/1714 1667/2325/1724
f 1041/2321/1722 1667/2325/1724 2453/2326/1725 1666/2322/1723
f 1042/2327/1726 1668/2328/1727 2453/2326/1725 1667/2325/1724
f 1042/2327/1726 1667/2325/1724 2449/2324/1714 1661/2329/1716
f 1042/2327/1726 1661/2329/1716 2447/2276/1691 1669/2275/1690
f 1042/2327/1726 1669/2275/1690 2451/2274/1689 1668/2328/1727
f 1043/2330/1728 1670/2331/1729 2456/2224/1651 1671/2223/1650
f 1043/2330/1728 1671/2223/1650 2452/2222/1649 1663/2314/1719
f 1043/2330/1728 1663/2314/1719 2454/2320/1721 1672/2332/1730
f 1043/2330/1728 1672/2332/1730 2458/2333/1731 1670/2331/1729
f 1044/2334/1732 1673/2335/1733 2458/2333/1731 1672/2332/1730
f 1044/2334/1732 1672/2332/1730 2454/2320/1721 1666/2322/1723
f 1044/2334/1732 1666/2322/1723 2453/2326/1725 1674/2336/1734
f 1044/2334/1732 1674/2336/1734 2457/2337/1735 1673/2335/1733
f 1045/2338/1736 1675/2339/1737 2457/2337/1735 1674/2336/1734
f 1045/2338/1736 1674/2336/1734 2453/2326/1725 1668/2328/1727
f 1045/2338/1736 1668/2328/1727 2451/2274/1689 1676/2285/1696
f 1045/2338/1736 1676/2285/1696 2455/2267/1685 1675/2339/1737
f 1046/2340/1738 1677/2341/1739 2460/2237/1640 1678/2236/1663
f 1046/2340/1738 1678/2236/1663 2456/2224/1651 1670/2331/1729
f 1046/2340/1738 1670/2331/1729 2458/2333/1731 1679/2342/1740
f 1046/2340/1738 1679/2342/1740 2462/2343/1741 1677/2341/1739
f 1047/2344/1742 1680/2345/1743 2462/2343/1741 1679/2342/1740
f 1047/2344/1742 1679/2342/1740 2458/2333/1731 1673/2335/1733
f 1047/2344/1742 1673/2335/1733 2457/2337/1735 1681/2346/1744
f 1047/2344/1742 1681/2346/1744 2461/2347/1745 1680/2345/1743
f 1048/2348/1746 1682/2349/1747 2461/2347/1745 1681/2346/1744
f 1048/2348/1746 1681/2346/1744 2457/2337/1735 1675/2339/1737
f 1048/2348/1746 1675/2339/1737 2455/2267/1685 1683/2266/1684
f 1048/2348/1746 1683/2266/1684 2459/2265/1683 1682/2349/1747
f 1049/2350/1748 1684/2351/1749 2464/2352/1642 1685/2353/1641
f 1049/2350/1748 1685/2353/1641 2460/2354/1640 1677/2355/1739
f 1049/2350/1748 1677/2355/1739 2462/2356/1741 1686/2357/1750
f 1049/2350/1748 1686/2357/1750 2466/2358/1751 1684/2351/1749
f 1050/2359/1752 1687/2360/1753 2466/2361/1751 1686/2362/1750
f 1050/2359/1752 1686/2362/1750 2462/2343/1741 1680/2345/1743
f 1050/2359/1752 1680/2345/1743 2461/2347/1745 1688/2363/1754
f 1050/2359/1752 1688/2363/1754 2465/2364/1755 1687/2360/1753
f 1051/2365/1756 1689/2366/1757 2465/2364/1755 1688/2363/1754
f 1051/2365/1756 1688/2363/1754 2461/2347/1745 1682/2349/1747
f 1051/2365/1756 1682/2349/1747 2459/2265/1683 1690/2282/1694
f 1051/2365/1756 1690/2282/1694 2463/2281/1679 1689/2366/1757
f 1052/2367/1758 3581/2368/1759 4418/2369/1658 1691/2370/1657
f 1052/2367/1758 1691/2370/1657 2464/2352/1642 1684/2351/1749
f 1052/2367/1758 1684/2351/1749 2466/2358/1751 1692/2371/1760
f 1052/2367/1758 1692/2371/1760 4420/2372/1761 3581/2368/1759
f 1053/2373/1762 3584/2374/1763 4420/2372/1761 1692/2371/1760
f 1053/2373/1762 1692/2371/1760 2466/2358/1751 1687/2375/1753
f 1053/2373/1762 1687/2375/1753 2465/2376/1755 1693/2377/1764
f 1053/2373/1762 1693/2377/1764 4421/2378/1765 3584/2374/1763
f 1054/2379/1766 3586/2380/1767 4421/2378/1765 1693/2377/1764
f 1054/2379/1766 1693/2377/1764 2465/2376/1755 1689/2381/1757
f 1054/2379/1766 1689/2381/1757 2463/2258/1679 1694/2257/1678
f 1054/2379/1766 1694/2257/1678 4419/2256/1677 3586/2380/1767
f 1055/2382/1768 3588/2383/1769 4395/2384/1704 1657/2385/1703
f 1055/2382/1768 1657/2385/1703 2448/2243/1667 1695/2242/1666
f 1055/2382/1768 1695/2242/1666 2441/2249/1670 1650/2386/1770
f 1055/2382/1768 1650/2386/1770 2440/2387/1771 3588/2383/1769
f 1056/2388/1772 1621/2389/1693 2428/2148/1585 1626/2147/1584
f 1056/2388/1772 1626/2147/1584 2438/2146/1583 1645/2200/1629
f 1056/2388/1772 1645/2200/1629 2439/2199/1625 1705/2390/1773
f 1056/2388/1772 1705/2390/1773 2429/2391/1673 1621/2389/1693
f 1057/2392/1774 1622/2393/1674 2429/2394/1673 1705/2395/1773
f 1057/2392/1774 1705/2395/1773 2439/2193/1625 1644/2192/1624
f 1057/2392/1774 1644/2192/1624 4386/2191/1623 3510/2396/1775
f 1057/2392/1774 3510/2396/1775 4372/2397/1675 1622/2393/1674
f 1058/2398/1776 1392/2399/1122 2312/2400/1093 1391/2401/1777
f 1058/2398/1776 1391/2401/1777 2481/2402/1778 1722/2403/1779
f 1058/2398/1776 1722/2403/1779 2482/1945/1401 1721/2404/1780
f 1058/2398/1776 1721/2404/1780 2297/2405/1117 1392/2399/1122
f 1059/2406/1781 1390/2407/1092 2311/2408/975 1389/2409/1782
f 1059/2406/1781 1389/2409/1782 2480/2087/1524 1723/2410/1783
f 1059/2406/1781 1723/2410/1783 2481/2411/1778 1391/2412/1777
f 1059/2406/1781 1391/2412/1777 2312/2413/1093 1390/2407/1092
f 1060/2414/1784 1388/2415/974 2310/2416/973 1387/2417/1785
f 1060/2414/1784 1387/2417/1785 2479/2079/1516 1724/2083/1520
f 1060/2414/1784 1724/2083/1520 2480/2087/1524 1389/2409/1782
f 1060/2414/1784 1389/2409/1782 2311/2408/975 1388/2415/974
f 1061/2418/1786 1386/2419/1137 2309/2420/1111 1385/2421/1787
f 1061/2418/1786 1385/2421/1787 2478/2070/1508 1725/2075/1512
f 1061/2418/1786 1725/2075/1512 2479/2079/1516 1387/2417/1785
f 1061/2418/1786 1387/2417/1785 2310/2416/973 1386/2419/1137
f 1062/2422/1788 1384/2423/1110 2308/2424/1086 1383/2425/1789
f 1062/2422/1788 1383/2425/1789 2477/2064/1499 1726/2063/1504
f 1062/2422/1788 1726/2063/1504 2478/2070/1508 1385/2421/1787
f 1062/2422/1788 1385/2421/1787 2309/2420/1111 1384/2423/1110
f 1063/2426/1790 1382/2427/1085 2307/2428/1084 1381/2429/1791
f 1063/2426/1790 1381/2429/1791 2476/2047/1489 1727/2053/1495
f 1063/2426/1790 1727/2053/1495 2477/2057/1499 1383/2430/1789
f 1063/2426/1790 1383/2430/1789 2308/2431/1086 1382/2427/1085
f 1064/2432/1792 1380/2433/1146 2306/2434/1132 1379/2435/1793
f 1064/2432/1792 1379/2435/1793 2475/2037/1479 1728/2043/1485
f 1064/2432/1792 1728/2043/1485 2476/2047/1489 1381/2429/1791
f 1064/2432/1792 1381/2429/1791 2307/2428/1084 1380/2433/1146
f 1065/2436/1794 1378/2437/1131 2305/2438/1105 1377/2439/1795
f 1065/2436/1794 1377/2439/1795 2474/2032/1469 1729/2031/1475
f 1065/2436/1794 1729/2031/1475 2475/2037/1479 1379/2435/1793
f 1065/2436/1794 1379/2435/1793 2306/2434/1132 1378/2437/1131
f 1066/2440/1796 1376/2441/1104 2304/2442/1077 1375/2443/1797
f 1066/2440/1796 1375/2443/1797 2473/2011/1460 1730/2016/1465
f 1066/2440/1796 1730/2016/1465 2474/2020/1469 1377/2444/1795
f 1066/2440/1796 1377/2444/1795 2305/2445/1105 1376/2441/1104
f 1067/2446/1798 1374/2447/1076 2303/2448/1075 1373/2449/1799
f 1067/2446/1798 1373/2449/1799 2472/1996/1448 1731/2007/1456
f 1067/2446/1798 1731/2007/1456 2473/2011/1460 1375/2443/1797
f 1067/2446/1798 1375/2443/1797 2304/2442/1077 1374/2447/1076
f 1068/2450/1800 1372/2451/1143 2302/2452/1126 1371/2453/1801
f 1068/2450/1800 1371/2453/1801 2471/1987/1440 1732/1992/1444
f 1068/2450/1800 1732/1992/1444 2472/1996/1448 1373/2449/1799
f 1068/2450/1800 1373/2449/1799 2303/2448/1075 1372/2451/1143
f 1069/2454/1802 1370/2455/1125 2301/2456/1099 1369/2457/1803
f 1069/2454/1802 1369/2457/1803 2470/1981/1432 1733/1980/1436
f 1069/2454/1802 1733/1980/1436 2471/1987/1440 1371/2453/1801
f 1069/2454/1802 1371/2453/1801 2302/2452/1126 1370/2455/1125
f 1070/2458/1804 1368/2459/1098 2300/2460/1068 1367/2461/1805
f 1070/2458/1804 1367/2461/1805 2469/1968/1424 1734/1972/1428
f 1070/2458/1804 1734/1972/1428 2470/1976/1432 1369/2462/1803
f 1070/2458/1804 1369/2462/1803 2301/2463/1099 1368/2459/1098
f 1071/2464/1806 1366/2465/1067 2299/2466/1066 1365/2467/1807
f 1071/2464/1806 1365/2467/1807 2468/1960/1416 1735/1964/1420
f 1071/2464/1806 1735/1964/1420 2469/1968/1424 1367/2461/1805
f 1071/2464/1806 1367/2461/1805 2300/2460/1068 1366/2465/1067
f 1072/2468/1808 1364/2469/1140 2298/2470/1119 1363/2471/1809
f 1072/2468/1808 1363/2471/1809 2467/1951/1407 1736/1956/1412
f 1072/2468/1808 1736/1956/1412 2468/1960/1416 1365/2467/1807
f 1072/2468/1808 1365/2467/1807 2299/2466/1066 1364/2469/1140
f 1073/2472/1810 1362/2473/1118 2297/2405/1117 1721/2404/1780
f 1073/2472/1810 1721/2404/1780 2482/1945/1401 1737/1944/1400
f 1073/2472/1810 1737/1944/1400 2467/1951/1407 1363/2471/1809
f 1073/2472/1810 1363/2471/1809 2298/2470/1119 1362/2473/1118
f 1074/2474/1811 1857/2475/1812 2547/2476/1813 1865/2477/1814
f 1074/2474/1811 1865/2477/1814 2546/2478/1815 1848/2479/1816
f 1074/2474/1811 1848/2479/1816 2538/2480/1817 1841/2481/1818
f 1074/2474/1811 1841/2481/1818 2534/2482/1819 1857/2475/1812
f 1075/2483/1820 1875/2484/1821 2544/2485/1822 1846/2486/1823
f 1075/2483/1820 1846/2486/1823 2532/2487/1824 1874/2488/1825
f 1075/2483/1820 1874/2488/1825 2550/2489/1826 1869/2490/1827
f 1075/2483/1820 1869/2490/1827 2552/2491/1828 1875/2484/1821
f 1076/2492/1829 1850/2493/1830 2486/2494/1831 1863/2495/1832
f 1076/2492/1829 1863/2495/1832 2541/2496/1833 1742/2497/1834
f 1076/2492/1829 1742/2497/1834 2539/2498/1835 1845/2499/1836
f 1076/2492/1829 1845/2499/1836 2540/2500/1837 1850/2493/1830
f 1077/2501/1838 1852/2502/1839 2542/2503/1840 1862/2504/1841
f 1077/2501/1838 1862/2504/1841 2543/2505/1842 1747/2506/1843
f 1077/2501/1838 1747/2506/1843 2536/2507/1844 1836/2508/1845
f 1077/2501/1838 1836/2508/1845 2537/2509/1846 1852/2502/1839
f 1078/2510/1847 1789/2511/1848 2527/2512/1849 1813/2513/1850
f 1078/2510/1847 1813/2513/1850 2512/2514/1538 1774/2515/1537
f 1078/2510/1847 1774/2515/1537 2487/2516/1544 1740/2517/1851
f 1078/2510/1847 1740/2517/1851 2488/2518/1852 1789/2511/1848
f 1079/2519/1853 1613/2520/1550 2501/2521/1549 1808/2522/1854
f 1079/2519/1853 1808/2522/1854 2522/2092/1529 1784/2091/1528
f 1079/2519/1853 1784/2091/1528 2485/2098/1535 1743/2523/1855
f 1079/2519/1853 1743/2523/1855 2483/2524/1551 1613/2520/1550
f 1080/2525/1856 1582/2104/1541 2496/2103/1540 1803/2526/1857
f 1080/2525/1856 1803/2526/1857 2502/2527/1556 1764/2528/1555
f 1080/2525/1856 1764/2528/1555 2490/2529/1559 1749/2530/1858
f 1080/2525/1856 1749/2530/1858 2491/2105/1542 1582/2104/1541
f 1081/2531/1859 1751/2532/1532 2521/2533/1531 1798/2534/1860
f 1081/2531/1859 1798/2534/1860 2527/2512/1849 1789/2511/1848
f 1081/2531/1859 1789/2511/1848 2488/2518/1852 1741/2535/1861
f 1081/2531/1859 1741/2535/1861 2489/2536/1533 1751/2532/1532
f 1082/2537/1862 1779/2538/1863 2424/1374/988 1584/1953/1409
f 1082/2537/1862 1584/1953/1409 2423/1947/1403 1753/2539/1864
f 1082/2537/1862 1753/2539/1864 2531/2540/1865 1794/2541/1866
f 1082/2537/1862 1794/2541/1866 2517/2542/1867 1779/2538/1863
f 1083/2543/1868 1780/2544/1869 2517/2542/1867 1794/2541/1866
f 1083/2543/1868 1794/2541/1866 2531/2540/1865 1793/2545/1870
f 1083/2543/1868 1793/2545/1870 2530/2546/1871 1795/2547/1872
f 1083/2543/1868 1795/2547/1872 2518/2548/1873 1780/2544/1869
f 1084/2549/1874 1781/2550/1875 2518/2548/1873 1795/2547/1872
f 1084/2549/1874 1795/2547/1872 2530/2546/1871 1792/2551/1876
f 1084/2549/1874 1792/2551/1876 2529/2552/1877 1796/2553/1878
f 1084/2549/1874 1796/2553/1878 2519/2554/1879 1781/2550/1875
f 1085/2555/1880 1782/2556/1881 2519/2554/1879 1796/2553/1878
f 1085/2555/1880 1796/2553/1878 2529/2552/1877 1791/2557/1882
f 1085/2555/1880 1791/2557/1882 2528/2558/1883 1797/2559/1884
f 1085/2555/1880 1797/2559/1884 2520/2560/1885 1782/2556/1881
f 1086/2561/1886 1783/2562/1887 2520/2563/1885 1797/2564/1884
f 1086/2561/1886 1797/2564/1884 2528/2565/1883 1790/2566/1888
f 1086/2561/1886 1790/2566/1888 2527/2512/1849 1798/2534/1860
f 1086/2561/1886 1798/2534/1860 2521/2533/1531 1783/2562/1887
f 1087/2567/1889 1754/2568/1890 2481/2569/1778 1723/2570/1783
f 1087/2567/1889 1723/2570/1783 2480/2571/1524 1615/2572/1891
f 1087/2567/1889 1615/2572/1891 2506/2573/1892 1799/2574/1893
f 1087/2567/1889 1799/2574/1893 2492/2575/1894 1754/2568/1890
f 1088/2576/1895 1755/2577/1896 2492/2575/1894 1799/2574/1893
f 1088/2576/1895 1799/2574/1893 2506/2573/1892 1768/2578/1897
f 1088/2576/1895 1768/2578/1897 2505/2579/1898 1800/2580/1899
f 1088/2576/1895 1800/2580/1899 2493/2581/1900 1755/2577/1896
f 1089/2582/1901 1756/2583/1902 2493/2581/1900 1800/2580/1899
f 1089/2582/1901 1800/2580/1899 2505/2579/1898 1767/2584/1903
f 1089/2582/1901 1767/2584/1903 2504/2585/1904 1801/2586/1905
f 1089/2582/1901 1801/2586/1905 2494/2587/1906 1756/2583/1902
f 1090/2588/1907 1757/2589/1908 2494/2587/1906 1801/2586/1905
f 1090/2588/1907 1801/2586/1905 2504/2585/1904 1766/2590/1909
f 1090/2588/1907 1766/2590/1909 2503/2591/1910 1802/2592/1911
f 1090/2588/1907 1802/2592/1911 2495/2593/1912 1757/2589/1908
f 1091/2594/1913 1758/2595/1914 2495/2593/1912 1802/2592/1911
f 1091/2594/1913 1802/2592/1911 2503/2591/1910 1765/2596/1915
f 1091/2594/1913 1765/2596/1915 2502/2527/1556 1803/2526/1857
f 1091/2594/1913 1803/2526/1857 2496/2103/1540 1758/2595/1914
f 1092/2597/1916 1759/2598/1917 2420/2599/991 1614/2600/990
f 1092/2597/1916 1614/2600/990 2422/2601/982 1752/2602/1918
f 1092/2597/1916 1752/2602/1918 2526/2603/1919 1804/2604/1920
f 1092/2597/1916 1804/2604/1920 2497/2605/1921 1759/2598/1917
f 1093/2606/1922 1760/2607/1923 2497/2605/1921 1804/2604/1920
f 1093/2606/1922 1804/2604/1920 2526/2603/1919 1788/2608/1924
f 1093/2606/1922 1788/2608/1924 2525/2609/1925 1805/2610/1926
f 1093/2606/1922 1805/2610/1926 2498/2611/1927 1760/2607/1923
f 1094/2612/1928 1761/2613/1929 2498/2611/1927 1805/2610/1926
f 1094/2612/1928 1805/2610/1926 2525/2609/1925 1787/2614/1930
f 1094/2612/1928 1787/2614/1930 2524/2615/1931 1806/2616/1932
f 1094/2612/1928 1806/2616/1932 2499/2617/1933 1761/2613/1929
f 1095/2618/1934 1762/2619/1935 2499/2617/1933 1806/2616/1932
f 1095/2618/1934 1806/2616/1932 2524/2615/1931 1786/2620/1936
f 1095/2618/1934 1786/2620/1936 2523/2621/1937 1807/2622/1938
f 1095/2618/1934 1807/2622/1938 2500/2623/1939 1762/2619/1935
f 1096/2624/1940 1763/2625/1941 2500/2623/1939 1807/2622/1938
f 1096/2624/1940 1807/2622/1938 2523/2621/1937 1785/2626/1942
f 1096/2624/1940 1785/2626/1942 2522/2092/1529 1808/2522/1854
f 1096/2624/1940 1808/2522/1854 2501/2521/1549 1763/2625/1941
f 1097/2627/1943 1753/2539/1864 2423/1947/1403 1583/1946/1402
f 1097/2627/1943 1583/1946/1402 2482/1945/1401 1750/2628/1944
f 1097/2627/1943 1750/2628/1944 2516/2629/1945 1809/2630/1946
f 1097/2627/1943 1809/2630/1946 2531/2540/1865 1753/2539/1864
f 1098/2631/1947 1793/2545/1870 2531/2540/1865 1809/2630/1946
f 1098/2631/1947 1809/2630/1946 2516/2629/1945 1778/2632/1948
f 1098/2631/1947 1778/2632/1948 2515/2633/1949 1810/2634/1950
f 1098/2631/1947 1810/2634/1950 2530/2546/1871 1793/2545/1870
f 1099/2635/1951 1792/2551/1876 2530/2546/1871 1810/2634/1950
f 1099/2635/1951 1810/2634/1950 2515/2633/1949 1777/2636/1952
f 1099/2635/1951 1777/2636/1952 2514/2637/1953 1811/2638/1954
f 1099/2635/1951 1811/2638/1954 2529/2552/1877 1792/2551/1876
f 1100/2639/1955 1791/2557/1882 2529/2552/1877 1811/2638/1954
f 1100/2639/1955 1811/2638/1954 2514/2637/1953 1776/2640/1956
f 1100/2639/1955 1776/2640/1956 2513/2641/1957 1812/2642/1958
f 1100/2639/1955 1812/2642/1958 2528/2558/1883 1791/2557/1882
f 1101/2643/1959 1790/2566/1888 2528/2565/1883 1812/2644/1958
f 1101/2643/1959 1812/2644/1958 2513/2645/1957 1775/2646/1960
f 1101/2643/1959 1775/2646/1960 2512/2514/1538 1813/2513/1850
f 1101/2643/1959 1813/2513/1850 2527/2512/1849 1790/2566/1888
f 1102/2647/1961 1615/2648/1891 2480/2087/1524 1719/2086/1523
f 1102/2647/1961 1719/2086/1523 2421/2085/1522 1769/2649/1962
f 1102/2647/1961 1769/2649/1962 2507/2650/1963 1814/2651/1964
f 1102/2647/1961 1814/2651/1964 2506/2652/1892 1615/2648/1891
f 1103/2653/1965 1768/2654/1897 2506/2655/1892 1814/2656/1964
f 1103/2653/1965 1814/2656/1964 2507/2657/1963 1770/2658/1966
f 1103/2653/1965 1770/2658/1966 2508/2659/1967 1815/2660/1968
f 1103/2653/1965 1815/2660/1968 2505/2661/1898 1768/2654/1897
f 1104/2662/1969 1767/2663/1903 2505/2661/1898 1815/2660/1968
f 1104/2662/1969 1815/2660/1968 2508/2659/1967 1771/2664/1970
f 1104/2662/1969 1771/2664/1970 2509/2665/1971 1816/2666/1972
f 1104/2662/1969 1816/2666/1972 2504/2667/1904 1767/2663/1903
f 1105/2668/1973 1766/2669/1909 2504/2667/1904 1816/2666/1972
f 1105/2668/1973 1816/2666/1972 2509/2665/1971 1772/2670/1974
f 1105/2668/1973 1772/2670/1974 2510/2671/1975 1817/2672/1976
f 1105/2668/1973 1817/2672/1976 2503/2673/1910 1766/2669/1909
f 1106/2674/1977 1765/2675/1915 2503/2676/1910 1817/2677/1976
f 1106/2674/1977 1817/2677/1976 2510/2678/1975 1773/2679/1978
f 1106/2674/1977 1773/2679/1978 2511/2110/1547 1818/2120/1557
f 1106/2674/1977 1818/2120/1557 2502/2119/1556 1765/2675/1915
f 1107/2680/1979 1769/2649/1962 2421/2085/1522 1580/2089/1526
f 1107/2680/1979 1580/2089/1526 2420/1377/991 1759/2681/1917
f 1107/2680/1979 1759/2681/1917 2497/2682/1921 1819/2683/1980
f 1107/2680/1979 1819/2683/1980 2507/2650/1963 1769/2649/1962
f 1108/2684/1981 1770/2658/1966 2507/2657/1963 1819/2685/1980
f 1108/2684/1981 1819/2685/1980 2497/2686/1921 1760/2687/1923
f 1108/2684/1981 1760/2687/1923 2498/2688/1927 1820/2689/1982
f 1108/2684/1981 1820/2689/1982 2508/2659/1967 1770/2658/1966
f 1109/2690/1983 1771/2664/1970 2508/2659/1967 1820/2689/1982
f 1109/2690/1983 1820/2689/1982 2498/2688/1927 1761/2691/1929
f 1109/2690/1983 1761/2691/1929 2499/2692/1933 1821/2693/1984
f 1109/2690/1983 1821/2693/1984 2509/2665/1971 1771/2664/1970
f 1110/2694/1985 1772/2670/1974 2509/2665/1971 1821/2693/1984
f 1110/2694/1985 1821/2693/1984 2499/2692/1933 1762/2695/1935
f 1110/2694/1985 1762/2695/1935 2500/2696/1939 1822/2697/1986
f 1110/2694/1985 1822/2697/1986 2510/2671/1975 1772/2670/1974
f 1111/2698/1987 1773/2679/1978 2510/2678/1975 1822/2699/1986
f 1111/2698/1987 1822/2699/1986 2500/2700/1939 1763/2701/1941
f 1111/2698/1987 1763/2701/1941 2501/2112/1549 1823/2111/1548
f 1111/2698/1987 1823/2111/1548 2511/2110/1547 1773/2679/1978
f 1112/2702/1988 1750/2703/1944 2482/2704/1401 1722/2705/1779
f 1112/2702/1988 1722/2705/1779 2481/2569/1778 1754/2568/1890
f 1112/2702/1988 1754/2568/1890 2492/2575/1894 1824/2706/1989
f 1112/2702/1988 1824/2706/1989 2516/2707/1945 1750/2703/1944
f 1113/2708/1990 1778/2709/1948 2516/2707/1945 1824/2706/1989
f 1113/2708/1990 1824/2706/1989 2492/2575/1894 1755/2577/1896
f 1113/2708/1990 1755/2577/1896 2493/2581/1900 1825/2710/1991
f 1113/2708/1990 1825/2710/1991 2515/2711/1949 1778/2709/1948
f 1114/2712/1992 1777/2713/1952 2515/2711/1949 1825/2710/1991
f 1114/2712/1992 1825/2710/1991 2493/2581/1900 1756/2583/1902
f 1114/2712/1992 1756/2583/1902 2494/2587/1906 1826/2714/1993
f 1114/2712/1992 1826/2714/1993 2514/2715/1953 1777/2713/1952
f 1115/2716/1994 1776/2717/1956 2514/2715/1953 1826/2714/1993
f 1115/2716/1994 1826/2714/1993 2494/2587/1906 1757/2589/1908
f 1115/2716/1994 1757/2589/1908 2495/2593/1912 1827/2718/1995
f 1115/2716/1994 1827/2718/1995 2513/2719/1957 1776/2717/1956
f 1116/2720/1996 1775/2721/1960 2513/2719/1957 1827/2718/1995
f 1116/2720/1996 1827/2718/1995 2495/2593/1912 1758/2595/1914
f 1116/2720/1996 1758/2595/1914 2496/2103/1540 1828/2102/1539
f 1116/2720/1996 1828/2102/1539 2512/2101/1538 1775/2721/1960
f 1117/2722/1997 1752/2602/1918 2422/2601/982 1616/2723/981
f 1117/2722/1997 1616/2723/981 2424/2724/988 1779/2725/1863
f 1117/2722/1997 1779/2725/1863 2517/2726/1867 1829/2727/1998
f 1117/2722/1997 1829/2727/1998 2526/2603/1919 1752/2602/1918
f 1118/2728/1999 1788/2608/1924 2526/2603/1919 1829/2727/1998
f 1118/2728/1999 1829/2727/1998 2517/2726/1867 1780/2729/1869
f 1118/2728/1999 1780/2729/1869 2518/2730/1873 1830/2731/2000
f 1118/2728/1999 1830/2731/2000 2525/2609/1925 1788/2608/1924
f 1119/2732/2001 1787/2614/1930 2525/2609/1925 1830/2731/2000
f 1119/2732/2001 1830/2731/2000 2518/2730/1873 1781/2733/1875
f 1119/2732/2001 1781/2733/1875 2519/2734/1879 1831/2735/2002
f 1119/2732/2001 1831/2735/2002 2524/2615/1931 1787/2614/1930
f 1120/2736/2003 1786/2620/1936 2524/2615/1931 1831/2735/2002
f 1120/2736/2003 1831/2735/2002 2519/2734/1879 1782/2737/1881
f 1120/2736/2003 1782/2737/1881 2520/2738/1885 1832/2739/2004
f 1120/2736/2003 1832/2739/2004 2523/2621/1937 1786/2620/1936
f 1121/2740/2005 1785/2626/1942 2523/2621/1937 1832/2739/2004
f 1121/2740/2005 1832/2739/2004 2520/2738/1885 1783/2741/1887
f 1121/2740/2005 1783/2741/1887 2521/2094/1531 1833/2093/1530
f 1121/2740/2005 1833/2093/1530 2522/2092/1529 1785/2626/1942
f 1122/2742/2006 1845/2743/1836 2539/2744/1835 1842/2745/2007
f 1122/2742/2006 1842/2745/2007 2533/2746/2008 1838/2747/2009
f 1122/2742/2006 1838/2747/2009 2535/2748/2010 1843/2749/2011
f 1122/2742/2006 1843/2749/2011 2540/2750/1837 1845/2743/1836
f 1123/2751/2012 1838/2747/2009 2533/2746/2008 1834/2752/2013
f 1123/2751/2012 1834/2752/2013 2532/2753/1824 1839/2754/2014
f 1123/2751/2012 1839/2754/2014 2534/2755/1819 1835/2756/2015
f 1123/2751/2012 1835/2756/2015 2535/2748/2010 1838/2747/2009
f 1124/2757/2016 1844/2758/2017 2540/2759/1837 1843/2760/2011
f 1124/2757/2016 1843/2760/2011 2535/2761/2010 1840/2762/2018
f 1124/2757/2016 1840/2762/2018 2537/2509/1846 1836/2508/1845
f 1124/2757/2016 1836/2508/1845 2536/2507/1844 1844/2758/2017
f 1125/2763/2019 1840/2762/2018 2535/2761/2010 1835/2764/2015
f 1125/2763/2019 1835/2764/2015 2534/2765/1819 1841/2766/1818
f 1125/2763/2019 1841/2766/1818 2538/2767/1817 1837/2768/2020
f 1125/2763/2019 1837/2768/2020 2537/2509/1846 1840/2762/2018
f 1126/2769/2021 1846/2486/1823 2544/2485/1822 1861/2770/2022
f 1126/2769/2021 1861/2770/2022 2547/2476/1813 1857/2475/1812
f 1126/2769/2021 1857/2475/1812 2534/2482/1819 1839/2771/2014
f 1126/2769/2021 1839/2771/2014 2532/2487/1824 1846/2486/1823
f 1127/2772/2023 1848/2773/1816 2546/2774/1815 1860/2775/2024
f 1127/2772/2023 1860/2775/2024 2542/2503/1840 1852/2502/1839
f 1127/2772/2023 1852/2502/1839 2537/2509/1846 1837/2768/2020
f 1127/2772/2023 1837/2768/2020 2538/2767/1817 1848/2773/1816
f 1128/2776/2025 1747/2777/1843 2543/2778/1842 1859/2779/2026
f 1128/2776/2025 1859/2779/2026 2486/2494/1831 1850/2493/1830
f 1128/2776/2025 1850/2493/1830 2540/2500/1837 1844/2780/2017
f 1128/2776/2025 1844/2780/2017 2536/2781/1844 1747/2777/1843
f 1129/2782/2027 1873/2783/2028 2539/2498/1835 1742/2497/1834
f 1129/2782/2027 1742/2497/1834 2541/2496/1833 1855/2784/2029
f 1129/2782/2027 1855/2784/2029 2548/2785/2030 1866/2786/2031
f 1129/2782/2027 1866/2786/2031 2549/2787/2032 1873/2783/2028
f 1130/2788/2033 1851/2789/2034 2490/2790/1559 1746/2791/1558
f 1130/2788/2033 1746/2791/1558 2484/2792/1553 1847/2793/2035
f 1130/2788/2033 1847/2793/2035 2545/2794/2036 1858/2795/2037
f 1130/2788/2033 1858/2795/2037 2541/2796/1833 1851/2789/2034
f 1131/2797/2038 1853/2798/2039 2487/2107/1544 1748/2106/1543
f 1131/2797/2038 1748/2106/1543 2491/2105/1542 1739/2799/2040
f 1131/2797/2038 1739/2799/2040 2486/2494/1831 1859/2779/2026
f 1131/2797/2038 1859/2779/2026 2543/2778/1842 1853/2798/2039
f 1132/2800/2041 1856/2801/2042 2489/2802/1533 1741/2803/1861
f 1132/2800/2041 1741/2803/1861 2488/2804/1852 1744/2805/2043
f 1132/2800/2041 1744/2805/2043 2542/2503/1840 1860/2775/2024
f 1132/2800/2041 1860/2775/2024 2546/2774/1815 1856/2801/2042
f 1133/2806/2044 1854/2807/2045 2483/2524/1551 1743/2523/1855
f 1133/2806/2044 1743/2523/1855 2485/2098/1535 1849/2808/2046
f 1133/2806/2044 1849/2808/2046 2547/2476/1813 1861/2770/2022
f 1133/2806/2044 1861/2770/2022 2544/2485/1822 1854/2807/2045
f 1134/2809/2047 1744/2805/2043 2488/2804/1852 1740/2810/1851
f 1134/2809/2047 1740/2810/1851 2487/2811/1544 1853/2812/2039
f 1134/2809/2047 1853/2812/2039 2543/2505/1842 1862/2504/1841
f 1134/2809/2047 1862/2504/1841 2542/2503/1840 1744/2805/2043
f 1135/2813/2048 1739/2799/2040 2491/2105/1542 1749/2530/1858
f 1135/2813/2048 1749/2530/1858 2490/2529/1559 1851/2814/2034
f 1135/2813/2048 1851/2814/2034 2541/2496/1833 1863/2495/1832
f 1135/2813/2048 1863/2495/1832 2486/2494/1831 1739/2799/2040
f 1136/2815/2049 1847/2793/2035 2484/2792/1553 1738/2816/1552
f 1136/2815/2049 1738/2816/1552 2483/2817/1551 1854/2818/2045
f 1136/2815/2049 1854/2818/2045 2544/2819/1822 1864/2820/2050
f 1136/2815/2049 1864/2820/2050 2545/2794/2036 1847/2793/2035
f 1137/2821/2051 1849/2808/2046 2485/2098/1535 1745/2097/1534
f 1137/2821/2051 1745/2097/1534 2489/2096/1533 1856/2822/2042
f 1137/2821/2051 1856/2822/2042 2546/2478/1815 1865/2477/1814
f 1137/2821/2051 1865/2477/1814 2547/2476/1813 1849/2808/2046
f 1138/2823/2052 1870/2824/2053 2553/2825/2054 1872/2826/2055
f 1138/2823/2052 1872/2826/2055 2552/2827/1828 1869/2828/1827
f 1138/2823/2052 1869/2828/1827 2550/2829/1826 1867/2830/2056
f 1138/2823/2052 1867/2830/2056 2551/2831/2057 1870/2824/2053
f 1139/2832/2058 1866/2833/2031 2548/2834/2030 1871/2835/2059
f 1139/2832/2058 1871/2835/2059 2553/2825/2054 1870/2824/2053
f 1139/2832/2058 1870/2824/2053 2551/2831/2057 1868/2836/2060
f 1139/2832/2058 1868/2836/2060 2549/2837/2032 1866/2833/2031
f 1140/2838/2061 1876/2839/2062 2545/2840/2036 1864/2841/2050
f 1140/2838/2061 1864/2841/2050 2544/2842/1822 1875/2843/1821
f 1140/2838/2061 1875/2843/1821 2552/2844/1828 1872/2845/2055
f 1140/2838/2061 1872/2845/2055 2553/2846/2054 1876/2839/2062
f 1141/2847/2063 1877/2848/2064 2533/2746/2008 1842/2745/2007
f 1141/2847/2063 1842/2745/2007 2539/2744/1835 1873/2849/2028
f 1141/2847/2063 1873/2849/2028 2549/2837/2032 1868/2836/2060
f 1141/2847/2063 1868/2836/2060 2551/2831/2057 1877/2848/2064
f 1142/2850/2065 1855/2851/2029 2541/2852/1833 1858/2853/2037
f 1142/2850/2065 1858/2853/2037 2545/2840/2036 1876/2839/2062
f 1142/2850/2065 1876/2839/2062 2553/2846/2054 1871/2854/2059
f 1142/2850/2065 1871/2854/2059 2548/2855/2030 1855/2851/2029
f 1143/2856/2066 1874/2857/1825 2532/2753/1824 1834/2752/2013
f 1143/2856/2066 1834/2752/2013 2533/2746/2008 1877/2848/2064
f 1143/2856/2066 1877/2848/2064 2551/2831/2057 1867/2830/2056
f 1143/2856/2066 1867/2830/2056 2550/2829/1826 1874/2857/1825
f 1144/2858/2067 1912/2859/2068 2554/2860/1592 1891/2861/2069
f 1144/2858/2067 1891/2861/2069 2558/2862/2070 1911/2863/2071
f 1144/2858/2067 1911/2863/2071 2570/2864/2072 1909/2865/2073
f 1144/2858/2067 1909/2865/2073 2569/2866/2074 1912/2859/2068
f 1145/2867/2075 3791/2868/2076 4514/2869/1601 1882/2870/1600
f 1145/2867/2075 1882/2870/1600 2557/2871/1599 1881/2872/2077
f 1145/2867/2075 1881/2872/2077 2561/2873/2078 1889/2874/2079
f 1145/2867/2075 1889/2874/2079 4520/2875/2080 3791/2868/2076
f 1146/2876/2081 1631/2161/1598 2434/2160/1597 1634/2877/1628
f 1146/2876/2081 1634/2877/1628 2433/2878/1605 1885/2879/2082
f 1146/2876/2081 1885/2879/2082 2556/2880/2083 1883/2881/2084
f 1146/2876/2081 1883/2881/2084 2557/2162/1599 1631/2161/1598
f 1147/2882/2085 1911/2883/2071 2558/2884/2070 1887/2885/2086
f 1147/2882/2085 1887/2885/2086 2559/2886/2087 1879/2887/2088
f 1147/2882/2085 1879/2887/2088 2571/2888/2089 1908/2889/2090
f 1147/2882/2085 1908/2889/2090 2570/2890/2072 1911/2883/2071
f 1148/2891/2091 1885/2879/2082 2433/2878/1605 1630/2892/1604
f 1148/2891/2091 1630/2892/1604 2408/2893/1472 1632/2894/2092
f 1148/2891/2091 1632/2894/2092 2555/2895/2093 1880/2896/2094
f 1148/2891/2091 1880/2896/2094 2556/2880/2083 1885/2879/2082
f 1149/2897/2095 1902/2898/2096 2559/2899/2087 1887/2900/2086
f 1149/2897/2095 1887/2900/2086 2558/2901/2070 1901/2902/2097
f 1149/2897/2095 1901/2902/2097 2562/2903/2098 1896/2904/2099
f 1149/2897/2095 1896/2904/2099 2563/2905/2100 1902/2898/2096
f 1150/2906/2101 1881/2872/2077 2557/2871/1599 1883/2907/2084
f 1150/2906/2101 1883/2907/2084 2556/2908/2083 1893/2909/2102
f 1150/2906/2101 1893/2909/2102 2560/2910/2103 1890/2911/2104
f 1150/2906/2101 1890/2911/2104 2561/2873/2078 1881/2872/2077
f 1151/2912/2105 1893/2913/2102 2556/2880/2083 1880/2896/2094
f 1151/2912/2105 1880/2896/2094 2555/2895/2093 1892/2914/2106
f 1151/2912/2105 1892/2914/2106 2559/2915/2087 1888/2916/2107
f 1151/2912/2105 1888/2916/2107 2560/2917/2103 1893/2913/2102
f 1152/2918/2108 1891/2861/2069 2554/2860/1592 1878/2919/1591
f 1152/2918/2108 1878/2919/1591 4509/2920/1590 3779/2921/2109
f 1152/2918/2108 3779/2921/2109 4515/2922/2110 1886/2923/2111
f 1152/2918/2108 1886/2923/2111 2558/2862/2070 1891/2861/2069
f 1153/2924/2112 3796/2925/2113 4520/2875/2080 1889/2874/2079
f 1153/2924/2112 1889/2874/2079 2561/2873/2078 1894/2926/2114
f 1153/2924/2112 1894/2926/2114 2565/2927/2115 1898/2928/2116
f 1153/2924/2112 1898/2928/2116 4525/2929/2117 3796/2925/2113
f 1154/2930/2118 1897/2931/2119 2563/2932/2100 1896/2933/2099
f 1154/2930/2118 1896/2933/2099 2562/2934/2098 1900/2935/2120
f 1154/2930/2118 1900/2935/2120 2565/2936/2115 1899/2937/2121
f 1154/2930/2118 1899/2937/2121 2564/2938/2122 1897/2931/2119
f 1155/2939/2123 1900/2935/2120 2562/2934/2098 1895/2940/2124
f 1155/2939/2123 1895/2940/2124 4521/2941/2125 3802/2942/2126
f 1155/2939/2123 3802/2942/2126 4525/2943/2117 1898/2944/2116
f 1155/2939/2123 1898/2944/2116 2565/2936/2115 1900/2935/2120
f 1156/2945/2127 1894/2926/2114 2561/2873/2078 1890/2911/2104
f 1156/2945/2127 1890/2911/2104 2560/2910/2103 1903/2946/2128
f 1156/2945/2127 1903/2946/2128 2564/2947/2122 1899/2948/2121
f 1156/2945/2127 1899/2948/2121 2565/2927/2115 1894/2926/2114
f 1157/2949/2129 1903/2950/2128 2560/2951/2103 1888/2952/2107
f 1157/2949/2129 1888/2952/2107 2559/2899/2087 1902/2898/2096
f 1157/2949/2129 1902/2898/2096 2563/2905/2100 1897/2953/2119
f 1157/2949/2129 1897/2953/2119 2564/2954/2122 1903/2950/2128
f 1158/2955/2130 1901/2956/2097 2558/2862/2070 1886/2923/2111
f 1158/2955/2130 1886/2923/2111 4515/2922/2110 3807/2957/2131
f 1158/2955/2130 3807/2957/2131 4521/2958/2125 1895/2959/2124
f 1158/2955/2130 1895/2959/2124 2562/2960/2098 1901/2956/2097
f 1159/2961/2132 1910/2962/2133 2568/2963/2134 1906/2964/2135
f 1159/2961/2132 1906/2964/2135 2569/2866/2074 1909/2865/2073
f 1159/2961/2132 1909/2865/2073 2570/2864/2072 1908/2965/2090
f 1159/2961/2132 1908/2965/2090 2571/2966/2089 1910/2962/2133
f 1160/2967/2136 1905/2968/2137 2567/2969/2138 1904/2970/2139
f 1160/2967/2136 1904/2970/2139 2566/2971/2140 1907/2972/2141
f 1160/2967/2136 1907/2972/2141 2569/2866/2074 1906/2964/2135
f 1160/2967/2136 1906/2964/2135 2568/2963/2134 1905/2968/2137
f 1161/2973/2142 1914/2974/2143 2555/2895/2093 1632/2894/2092
f 1161/2973/2142 1632/2894/2092 2408/2893/1472 1913/2975/2144
f 1161/2973/2142 1913/2975/2144 2567/2976/2138 1905/2977/2137
f 1161/2973/2142 1905/2977/2137 2568/2978/2134 1914/2974/2143
f 1162/2979/2145 1913/2980/2144 2408/2981/1472 1600/2982/1471
f 1162/2979/2145 1600/2982/1471 2406/1410/1021 1915/2983/2146
f 1162/2979/2145 1915/2983/2146 2566/2984/2140 1904/2985/2139
f 1162/2979/2145 1904/2985/2139 2567/2986/2138 1913/2980/2144
f 1163/2987/2147 1915/2983/2146 2406/1410/1021 1884/2151/1588
f 1163/2987/2147 1884/2151/1588 2554/2155/1592 1912/2988/2068
f 1163/2987/2147 1912/2988/2068 2569/2989/2074 1907/2990/2141
f 1163/2987/2147 1907/2990/2141 2566/2984/2140 1915/2983/2146
f 1164/2991/2148 1879/2992/2088 2559/2993/2087 1892/2994/2106
f 1164/2991/2148 1892/2994/2106 2555/2995/2093 1914/2996/2143
f 1164/2991/2148 1914/2996/2143 2568/2963/2134 1910/2962/2133
f 1164/2991/2148 1910/2962/2133 2571/2966/2089 1879/2992/2088
f 1165/2997/2149 1918/2998/2150 2313/2999/1026 1395/3000/1033
f 1165/2997/2149 1395/3000/1033 4246/3001/1032 3823/3002/2151
f 1165/2997/2149 3823/3002/2151 4533/3003/2152 1917/3004/2153
f 1165/2997/2149 1917/3004/2153 2572/3005/2154 1918/2998/2150
f 1166/3006/2155 3824/3007/2156 4248/3008/1017 1394/3009/1027
f 1166/3006/2155 1394/3009/1027 2313/2999/1026 1918/2998/2150
f 1166/3006/2155 1918/2998/2150 2572/3005/2154 1916/3010/2157
f 1166/3006/2155 1916/3010/2157 4535/3011/2158 3824/3007/2156
f 1167/3012/2159 1922/3013/2160 2574/3014/2161 1924/3015/2162
f 1167/3012/2159 1924/3015/2162 4540/3016/2163 3828/3017/2164
f 1167/3012/2159 3828/3017/2164 4536/3018/2165 1920/3019/2166
f 1167/3012/2159 1920/3019/2166 2573/3020/2167 1922/3013/2160
f 1168/3021/2168 3832/3022/2169 4541/3023/2170 1923/3024/2171
f 1168/3021/2168 1923/3024/2171 2574/3014/2161 1922/3013/2160
f 1168/3021/2168 1922/3013/2160 2573/3020/2167 1919/3025/2172
f 1168/3021/2168 1919/3025/2172 4538/3026/2173 3832/3022/2169
f 1169/3027/2174 3829/3028/2175 4535/3011/2158 1916/3010/2157
f 1169/3027/2174 1916/3010/2157 2572/3005/2154 1921/3029/2176
f 1169/3027/2174 1921/3029/2176 2574/3014/2161 1923/3024/2171
f 1169/3027/2174 1923/3024/2171 4541/3023/2170 3829/3028/2175
f 1170/3030/2177 1921/3029/2176 2572/3005/2154 1917/3004/2153
f 1170/3030/2177 1917/3004/2153 4533/3003/2152 3831/3031/2178
f 1170/3030/2177 3831/3031/2178 4540/3016/2163 1924/3015/2162
f 1170/3030/2177 1924/3015/2162 2574/3014/2161 1921/3029/2176
f 1171/3032/2179 1927/3033/2180 2573/3034/2167 1920/3035/2166
f 1171/3032/2179 1920/3035/2166 4536/3036/2165 3837/3037/2181
f 1171/3032/2179 3837/3037/2181 4542/3038/2182 1926/3039/2183
f 1171/3032/2179 1926/3039/2183 2587/3040/2184 1927/3033/2180
f 1172/3041/2185 3839/3042/2186 4538/3043/2173 1919/3044/2172
f 1172/3041/2185 1919/3044/2172 2573/3045/2167 1927/3046/2180
f 1172/3041/2185 1927/3046/2180 2587/3047/2184 1925/3048/2187
f 1172/3041/2185 1925/3048/2187 4544/3049/2188 3839/3042/2186
f 1173/3050/2189 1930/3051/2190 2587/3052/2184 1926/3053/2183
f 1173/3050/2189 1926/3053/2183 4542/3054/2182 3842/3055/2191
f 1173/3050/2189 3842/3055/2191 4545/3056/2192 1929/3057/2193
f 1173/3050/2189 1929/3057/2193 2588/3058/2194 1930/3051/2190
f 1174/3059/2195 1970/3060/2196 2591/3061/2197 1931/3062/2198
f 1174/3059/2195 1931/3062/2198 2589/3063/2199 1969/3064/2200
f 1174/3059/2195 1969/3064/2200 2592/3065/2201 1965/3066/2202
f 1174/3059/2195 1965/3066/2202 2590/3067/2203 1970/3060/2196
f 1175/3068/2204 1934/3069/2205 2588/3058/2194 1929/3057/2193
f 1175/3068/2204 1929/3057/2193 4545/3056/2192 3847/3070/2206
f 1175/3068/2204 3847/3070/2206 4548/3071/2207 1933/3072/2208
f 1175/3068/2204 1933/3072/2208 2577/3073/2209 1934/3069/2205
f 1176/3074/2210 3849/3075/2211 4547/3076/2212 1928/3077/2213
f 1176/3074/2210 1928/3077/2213 2588/3078/2194 1934/3079/2205
f 1176/3074/2210 1934/3079/2205 2577/3080/2209 1932/3081/2214
f 1176/3074/2210 1932/3081/2214 4550/3082/2215 3849/3075/2211
f 1177/3083/2216 2054/3084/2217 2577/3085/2209 1933/3086/2208
f 1177/3083/2216 1933/3086/2208 4548/3087/2207 2053/3088/2218
f 1177/3083/2216 2053/3088/2218 2631/3089/2219 2045/3090/2220
f 1177/3083/2216 2045/3090/2220 2632/3091/2221 2054/3084/2217
f 1178/3092/2222 3854/3093/2223 4550/3082/2215 1932/3081/2214
f 1178/3092/2222 1932/3081/2214 2577/3080/2209 1937/3094/2224
f 1178/3092/2222 1937/3094/2224 2578/3095/2225 1935/3096/2226
f 1178/3092/2222 1935/3096/2226 4553/3097/2227 3854/3093/2223
f 1179/3098/2228 2052/3099/2229 4551/3100/2230 3857/3101/2231
f 1179/3098/2228 3857/3101/2231 4554/3102/2232 1936/3103/2233
f 1179/3098/2228 1936/3103/2233 2635/3104/2234 2050/3105/2235
f 1179/3098/2228 2050/3105/2235 2633/3106/2236 2052/3099/2229
f 1180/3107/2237 3859/3108/2238 4553/3109/2227 1935/3110/2226
f 1180/3107/2237 1935/3110/2226 2578/3111/2225 1940/3112/2239
f 1180/3107/2237 1940/3112/2239 2579/3113/2240 1938/3114/2241
f 1180/3107/2237 1938/3114/2241 4556/3115/2242 3859/3108/2238
f 1181/3116/2243 1942/3117/2244 2579/3118/2240 1939/3119/2245
f 1181/3116/2243 1939/3119/2245 4554/3102/2232 3861/3120/2246
f 1181/3116/2243 3861/3120/2246 4557/3121/2247 1941/3122/2248
f 1181/3116/2243 1941/3122/2248 2580/3123/2249 1942/3117/2244
f 1182/3124/2250 1944/3125/2251 2580/3123/2249 1941/3122/2248
f 1182/3124/2250 1941/3122/2248 4557/3121/2247 3864/3126/2252
f 1182/3124/2250 3864/3126/2252 4559/3127/2253 1943/3128/2254
f 1182/3124/2250 1943/3128/2254 2581/3129/2255 1944/3125/2251
f 1183/3130/2256 1947/3131/2257 2579/3113/2240 1942/3132/2244
f 1183/3130/2256 1942/3132/2244 2580/3133/2249 1948/3134/2258
f 1183/3130/2256 1948/3134/2258 2583/3135/2259 1946/3136/2260
f 1183/3130/2256 1946/3136/2260 2582/3137/2261 1947/3131/2257
f 1184/3138/2262 3870/3139/2263 4556/3115/2242 1938/3114/2241
f 1184/3138/2262 1938/3114/2241 2579/3113/2240 1947/3131/2257
f 1184/3138/2262 1947/3131/2257 2582/3137/2261 1945/3140/2264
f 1184/3138/2262 1945/3140/2264 4562/3141/2265 3870/3139/2263
f 1185/3142/2266 1949/3143/2267 2582/3137/2261 1946/3136/2260
f 1185/3142/2266 1946/3136/2260 2583/3135/2259 1950/3144/2268
f 1185/3142/2266 1950/3144/2268 4566/3145/2269 3872/3146/2270
f 1185/3142/2266 3872/3146/2270 4564/3147/2271 1949/3143/2267
f 1186/3148/2272 3875/3149/2273 4562/3141/2265 1945/3140/2264
f 1186/3148/2272 1945/3140/2264 2582/3137/2261 1949/3143/2267
f 1186/3148/2272 1949/3143/2267 4564/3147/2271 3871/3150/2274
f 1186/3148/2272 3871/3150/2274 4565/3151/2275 3875/3149/2273
f 1187/3152/2276 1955/3153/2277 2583/3135/2259 1948/3134/2258
f 1187/3152/2276 1948/3134/2258 2580/3133/2249 1956/3154/2278
f 1187/3152/2276 1956/3154/2278 2584/3155/2279 1953/3156/2280
f 1187/3152/2276 1953/3156/2280 2586/3157/2281 1955/3153/2277
f 1188/3158/2282 1956/3154/2278 2580/3133/2249 1944/3159/2251
f 1188/3158/2282 1944/3159/2251 2581/3160/2255 1957/3161/2283
f 1188/3158/2282 1957/3161/2283 2585/3162/2284 1952/3163/2285
f 1188/3158/2282 1952/3163/2285 2584/3155/2279 1956/3154/2278
f 1189/3164/2286 1957/3161/2283 2581/3160/2255 1943/3165/2254
f 1189/3164/2286 1943/3165/2254 4559/3166/2253 3883/3167/2287
f 1189/3164/2286 3883/3167/2287 4568/3168/2288 1951/3169/2289
f 1189/3164/2286 1951/3169/2289 2585/3162/2284 1957/3161/2283
f 1190/3170/2290 3884/3171/2291 4566/3145/2269 1950/3144/2268
f 1190/3170/2290 1950/3144/2268 2583/3135/2259 1955/3153/2277
f 1190/3170/2290 1955/3153/2277 2586/3157/2281 1954/3172/2292
f 1190/3170/2290 1954/3172/2292 4571/3173/2293 3884/3171/2291
f 1191/3174/2294 1951/3169/2289 4568/3168/2288 3885/3175/2295
f 1191/3174/2294 3885/3175/2295 4571/3173/2293 1954/3172/2292
f 1191/3174/2294 1954/3172/2292 2586/3157/2281 1953/3156/2280
f 1191/3174/2294 1953/3156/2280 2584/3155/2279 1952/3163/2285
f 1191/3174/2294 1952/3163/2285 2585/3162/2284 1951/3169/2289
f 1192/3176/2296 1961/3177/2297 2575/3178/2298 1958/3179/2299
f 1192/3176/2296 1958/3179/2299 2589/3180/2199 1962/3181/2300
f 1192/3176/2296 1962/3181/2300 4544/3182/2188 1925/3183/2187
f 1192/3176/2296 1925/3183/2187 2587/3184/2184 1961/3177/2297
f 1193/3185/2301 1963/3186/2302 2591/3187/2197 1959/3188/2303
f 1193/3185/2301 1959/3188/2303 2576/3189/2304 1964/3190/2305
f 1193/3185/2301 1964/3190/2305 2588/3078/2194 1928/3077/2213
f 1193/3185/2301 1928/3077/2213 4547/3076/2212 1963/3186/2302
f 1194/3191/2306 1964/3190/2305 2576/3189/2304 1960/3192/2307
f 1194/3191/2306 1960/3192/2307 2575/3178/2298 1961/3177/2297
f 1194/3191/2306 1961/3177/2297 2587/3184/2184 1930/3193/2190
f 1194/3191/2306 1930/3193/2190 2588/3078/2194 1964/3190/2305
f 1195/3194/2308 1962/3181/2300 2589/3180/2199 1931/3195/2198
f 1195/3194/2308 1931/3195/2198 2591/3187/2197 1963/3186/2302
f 1195/3194/2308 1963/3186/2302 4547/3076/2212 3889/3196/2309
f 1195/3194/2308 3889/3196/2309 4544/3182/2188 1962/3181/2300
f 1196/3197/2310 1978/3198/2311 2593/3199/2312 1968/3200/2313
f 1196/3197/2310 1968/3200/2313 2594/3201/2314 1977/3202/2315
f 1196/3197/2310 1977/3202/2315 2598/3203/2316 1976/3204/2317
f 1196/3197/2310 1976/3204/2317 2597/3205/2318 1978/3198/2311
f 1197/3206/2319 1972/3207/2320 2575/3208/2298 1960/3209/2307
f 1197/3206/2319 1960/3209/2307 2576/3210/2304 1971/3211/2321
f 1197/3206/2319 1971/3211/2321 2594/3201/2314 1968/3200/2313
f 1197/3206/2319 1968/3200/2313 2593/3199/2312 1972/3207/2320
f 1198/3212/2322 1969/3213/2200 2589/3214/2199 1958/3215/2299
f 1198/3212/2322 1958/3215/2299 2575/3216/2298 1972/3217/2320
f 1198/3212/2322 1972/3217/2320 2593/3218/2312 1966/3219/2323
f 1198/3212/2322 1966/3219/2323 2592/3220/2201 1969/3213/2200
f 1199/3221/2324 1971/3222/2321 2576/3223/2304 1959/3224/2303
f 1199/3221/2324 1959/3224/2303 2591/3225/2197 1970/3226/2196
f 1199/3221/2324 1970/3226/2196 2590/3227/2203 1967/3228/2325
f 1199/3221/2324 1967/3228/2325 2594/3229/2314 1971/3222/2321
f 1200/3230/2326 2179/3231/2327 2699/3232/2328 2184/3233/2329
f 1200/3230/2326 2184/3233/2329 2697/3234/2330 1985/3235/2331
f 1200/3230/2326 1985/3235/2331 2599/3236/2332 1983/3237/2333
f 1200/3230/2326 1983/3237/2333 2602/3238/2334 2179/3231/2327
f 1201/3239/2335 1979/3240/2336 2592/3241/2201 1966/3242/2323
f 1201/3239/2335 1966/3242/2323 2593/3243/2312 1978/3244/2311
f 1201/3239/2335 1978/3244/2311 2597/3245/2318 1974/3246/2337
f 1201/3239/2335 1974/3246/2337 2596/3247/2338 1979/3240/2336
f 1202/3248/2339 1977/3249/2315 2594/3229/2314 1967/3228/2325
f 1202/3248/2339 1967/3228/2325 2590/3227/2203 1980/3250/2340
f 1202/3248/2339 1980/3250/2340 2595/3251/2341 1975/3252/2342
f 1202/3248/2339 1975/3252/2342 2598/3253/2316 1977/3249/2315
f 1203/3254/2343 1980/3255/2340 2590/3067/2203 1965/3066/2202
f 1203/3254/2343 1965/3066/2202 2592/3065/2201 1979/3256/2336
f 1203/3254/2343 1979/3256/2336 2596/3257/2338 1973/3258/2344
f 1203/3254/2343 1973/3258/2344 2595/3259/2341 1980/3255/2340
f 1204/3260/2345 1994/3261/2346 2599/3262/2332 1981/3263/2347
f 1204/3260/2345 1981/3263/2347 2600/3264/2348 1993/3265/2349
f 1204/3260/2345 1993/3265/2349 2604/3266/2350 1989/3267/2351
f 1204/3260/2345 1989/3267/2351 2603/3268/2352 1994/3261/2346
f 1205/3269/2353 1985/3270/2331 2697/3271/2330 2183/3272/2354
f 1205/3269/2353 2183/3272/2354 2698/3273/2355 1987/3274/2356
f 1205/3269/2353 1987/3274/2356 2600/3264/2348 1981/3263/2347
f 1205/3269/2353 1981/3263/2347 2599/3262/2332 1985/3270/2331
f 1206/3275/2357 2180/3276/2358 2700/3277/2359 2182/3278/2360
f 1206/3275/2357 2182/3278/2360 2699/3279/2328 2179/3280/2327
f 1206/3275/2357 2179/3280/2327 2602/3281/2334 1984/3282/2361
f 1206/3275/2357 1984/3282/2361 2601/3283/2362 2180/3276/2358
f 1207/3284/2363 1987/3285/2356 2698/3286/2355 2181/3287/2364
f 1207/3284/2363 2181/3287/2364 2700/3288/2359 2180/3289/2358
f 1207/3284/2363 2180/3289/2358 2601/3290/2362 1982/3291/2365
f 1207/3284/2363 1982/3291/2365 2600/3292/2348 1987/3285/2356
f 1208/3293/2366 2002/3294/2367 2605/3295/2368 1992/3296/2369
f 1208/3293/2366 1992/3296/2369 2606/3297/2370 2001/3298/2371
f 1208/3293/2366 2001/3298/2371 2610/3299/2372 2000/3300/2373
f 1208/3293/2366 2000/3300/2373 2609/3301/2374 2002/3294/2367
f 1209/3302/2375 1996/3303/2376 2601/3283/2362 1984/3282/2361
f 1209/3302/2375 1984/3282/2361 2602/3281/2334 1995/3304/2377
f 1209/3302/2375 1995/3304/2377 2606/3297/2370 1992/3296/2369
f 1209/3302/2375 1992/3296/2369 2605/3295/2368 1996/3303/2376
f 1210/3305/2378 1993/3265/2349 2600/3264/2348 1982/3306/2365
f 1210/3305/2378 1982/3306/2365 2601/3307/2362 1996/3308/2376
f 1210/3305/2378 1996/3308/2376 2605/3309/2368 1990/3310/2379
f 1210/3305/2378 1990/3310/2379 2604/3266/2350 1993/3265/2349
f 1211/3311/2380 1995/3312/2377 2602/3238/2334 1983/3237/2333
f 1211/3311/2380 1983/3237/2333 2599/3236/2332 1994/3313/2346
f 1211/3311/2380 1994/3313/2346 2603/3314/2352 1991/3315/2381
f 1211/3311/2380 1991/3315/2381 2606/3316/2370 1995/3312/2377
f 1212/3317/2382 2010/3318/2383 2610/3319/2372 1999/3320/2384
f 1212/3317/2382 1999/3320/2384 2607/3321/2385 2009/3322/2386
f 1212/3317/2382 2009/3322/2386 2611/3323/2387 2007/3324/2388
f 1212/3317/2382 2007/3324/2388 2614/3325/2389 2010/3318/2383
f 1213/3326/2390 2003/3327/2391 2604/3328/2350 1990/3329/2379
f 1213/3326/2390 1990/3329/2379 2605/3330/2368 2002/3331/2367
f 1213/3326/2390 2002/3331/2367 2609/3332/2374 1998/3333/2392
f 1213/3326/2390 1998/3333/2392 2608/3334/2393 2003/3327/2391
f 1214/3335/2394 2001/3336/2371 2606/3337/2370 1991/3338/2381
f 1214/3335/2394 1991/3338/2381 2603/3339/2352 2004/3340/2395
f 1214/3335/2394 2004/3340/2395 2607/3341/2385 1999/3342/2384
f 1214/3335/2394 1999/3342/2384 2610/3343/2372 2001/3336/2371
f 1215/3344/2396 2004/3345/2395 2603/3268/2352 1989/3267/2351
f 1215/3344/2396 1989/3267/2351 2604/3266/2350 2003/3346/2391
f 1215/3344/2396 2003/3346/2391 2608/3347/2393 1997/3348/2397
f 1215/3344/2396 1997/3348/2397 2607/3349/2385 2004/3345/2395
f 1216/3350/2398 2018/3351/2399 2614/3352/2389 2007/3353/2388
f 1216/3350/2398 2007/3353/2388 2611/3354/2387 2017/3355/2400
f 1216/3350/2398 2017/3355/2400 2615/3356/2401 2015/3357/2402
f 1216/3350/2398 2015/3357/2402 2618/3358/2403 2018/3351/2399
f 1217/3359/2404 2009/3360/2386 2607/3349/2385 1997/3348/2397
f 1217/3359/2404 1997/3348/2397 2608/3347/2393 2011/3361/2405
f 1217/3359/2404 2011/3361/2405 2612/3362/2406 2005/3363/2407
f 1217/3359/2404 2005/3363/2407 2611/3364/2387 2009/3360/2386
f 1218/3365/2408 2012/3366/2409 2609/3301/2374 2000/3300/2373
f 1218/3365/2408 2000/3300/2373 2610/3299/2372 2010/3367/2383
f 1218/3365/2408 2010/3367/2383 2614/3368/2389 2008/3369/2410
f 1218/3365/2408 2008/3369/2410 2613/3370/2411 2012/3366/2409
f 1219/3371/2412 2011/3372/2405 2608/3373/2393 1998/3374/2392
f 1219/3371/2412 1998/3374/2392 2609/3375/2374 2012/3376/2409
f 1219/3371/2412 2012/3376/2409 2613/3377/2411 2006/3378/2413
f 1219/3371/2412 2006/3378/2413 2612/3379/2406 2011/3372/2405
f 1220/3380/2414 2026/3381/2415 2618/3358/2403 2015/3357/2402
f 1220/3380/2414 2015/3357/2402 2615/3356/2401 2025/3382/2416
f 1220/3380/2414 2025/3382/2416 2619/3383/2417 2023/3384/2418
f 1220/3380/2414 2023/3384/2418 2622/3385/2419 2026/3381/2415
f 1221/3386/2420 2017/3387/2400 2611/3364/2387 2005/3363/2407
f 1221/3386/2420 2005/3363/2407 2612/3362/2406 2019/3388/2421
f 1221/3386/2420 2019/3388/2421 2616/3389/2422 2013/3390/2423
f 1221/3386/2420 2013/3390/2423 2615/3391/2401 2017/3387/2400
f 1222/3392/2424 2020/3393/2425 2613/3370/2411 2008/3369/2410
f 1222/3392/2424 2008/3369/2410 2614/3368/2389 2018/3394/2399
f 1222/3392/2424 2018/3394/2399 2618/3395/2403 2016/3396/2426
f 1222/3392/2424 2016/3396/2426 2617/3397/2427 2020/3393/2425
f 1223/3398/2428 2019/3388/2421 2612/3362/2406 2006/3399/2413
f 1223/3398/2428 2006/3399/2413 2613/3400/2411 2020/3401/2425
f 1223/3398/2428 2020/3401/2425 2617/3402/2427 2014/3403/2429
f 1223/3398/2428 2014/3403/2429 2616/3389/2422 2019/3388/2421
f 1224/3404/2430 2038/3405/2431 2628/3406/2432 2044/3407/2433
f 1224/3404/2430 2044/3407/2433 2627/3408/2434 2033/3409/2435
f 1224/3404/2430 2033/3409/2435 2626/3410/2436 2032/3411/2437
f 1224/3404/2430 2032/3411/2437 2625/3412/2438 2038/3405/2431
f 1225/3413/2439 2025/3414/2416 2615/3391/2401 2013/3390/2423
f 1225/3413/2439 2013/3390/2423 2616/3389/2422 2027/3415/2440
f 1225/3413/2439 2027/3415/2440 2620/3416/2441 2021/3417/2442
f 1225/3413/2439 2021/3417/2442 2619/3418/2417 2025/3414/2416
f 1226/3419/2443 2028/3420/2444 2617/3397/2427 2016/3396/2426
f 1226/3419/2443 2016/3396/2426 2618/3395/2403 2026/3421/2415
f 1226/3419/2443 2026/3421/2415 2622/3422/2419 2024/3423/2445
f 1226/3419/2443 2024/3423/2445 2621/3424/2446 2028/3420/2444
f 1227/3425/2447 2027/3415/2440 2616/3389/2422 2014/3403/2429
f 1227/3425/2447 2014/3403/2429 2617/3402/2427 2028/3426/2444
f 1227/3425/2447 2028/3426/2444 2621/3427/2446 2022/3428/2448
f 1227/3425/2447 2022/3428/2448 2620/3416/2441 2027/3415/2440
f 1228/3429/2449 2029/3430/2450 2624/3431/2451 2030/3432/2452
f 1228/3429/2449 2030/3432/2452 2625/3433/2438 2032/3434/2437
f 1228/3429/2449 2032/3434/2437 2626/3435/2436 2031/3436/2453
f 1228/3429/2449 2031/3436/2453 2623/3437/2454 2029/3430/2450
f 1229/3438/2455 2039/3439/2456 2629/3440/2457 2043/3441/2458
f 1229/3438/2455 2043/3441/2458 2628/3442/2432 2038/3443/2431
f 1229/3438/2455 2038/3443/2431 2625/3444/2438 2030/3445/2452
f 1229/3438/2455 2030/3445/2452 2624/3446/2451 2039/3439/2456
f 1230/3447/2459 2033/3448/2435 2627/3449/2434 2042/3450/2460
f 1230/3447/2459 2042/3450/2460 2630/3451/2461 2036/3452/2462
f 1230/3447/2459 2036/3452/2462 2623/3453/2454 2031/3454/2453
f 1230/3447/2459 2031/3454/2453 2626/3455/2436 2033/3448/2435
f 1231/3456/2463 2036/3457/2462 2630/3458/2461 2041/3459/2464
f 1231/3456/2463 2041/3459/2464 2629/3460/2457 2039/3461/2456
f 1231/3456/2463 2039/3461/2456 2624/3462/2451 2029/3463/2450
f 1231/3456/2463 2029/3463/2450 2623/3464/2454 2036/3457/2462
f 1232/3465/2465 2040/3466/2466 2619/3418/2417 2021/3417/2442
f 1232/3465/2465 2021/3417/2442 2620/3416/2441 2035/3467/2467
f 1232/3465/2465 2035/3467/2467 2629/3460/2457 2041/3459/2464
f 1232/3465/2465 2041/3459/2464 2630/3458/2461 2040/3466/2466
f 1233/3468/2468 2037/3469/2469 2622/3470/2419 2023/3471/2418
f 1233/3468/2468 2023/3471/2418 2619/3472/2417 2040/3473/2466
f 1233/3468/2468 2040/3473/2466 2630/3474/2461 2042/3475/2460
f 1233/3468/2468 2042/3475/2460 2627/3476/2434 2037/3469/2469
f 1234/3477/2470 2035/3478/2467 2620/3479/2441 2022/3480/2448
f 1234/3477/2470 2022/3480/2448 2621/3481/2446 2034/3482/2471
f 1234/3477/2470 2034/3482/2471 2628/3442/2432 2043/3441/2458
f 1234/3477/2470 2043/3441/2458 2629/3440/2457 2035/3478/2467
f 1235/3483/2472 2034/3484/2471 2621/3424/2446 2024/3423/2445
f 1235/3483/2472 2024/3423/2445 2622/3422/2419 2037/3485/2469
f 1235/3483/2472 2037/3485/2469 2627/3408/2434 2044/3407/2433
f 1235/3483/2472 2044/3407/2433 2628/3406/2432 2034/3484/2471
f 1236/3486/2473 2065/3487/2474 2635/3488/2234 2049/3489/2475
f 1236/3486/2473 2049/3489/2475 2636/3490/2476 2064/3491/2477
f 1236/3486/2473 2064/3491/2477 2642/3492/2478 2061/3493/2479
f 1236/3486/2473 2061/3493/2479 2641/3494/2480 2065/3487/2474
f 1237/3495/2481 2064/3496/2477 2636/3497/2476 2051/3498/2482
f 1237/3495/2481 2051/3498/2482 2634/3499/2483 2046/3500/2484
f 1237/3495/2481 2046/3500/2484 2640/3501/2485 2063/3502/2486
f 1237/3495/2481 2063/3502/2486 2642/3503/2478 2064/3496/2477
f 1238/3504/2487 2055/3505/2488 2578/3506/2225 1937/3507/2224
f 1238/3504/2487 1937/3507/2224 2577/3085/2209 2054/3084/2217
f 1238/3504/2487 2054/3084/2217 2632/3091/2221 2048/3508/2489
f 1238/3504/2487 2048/3508/2489 2634/3509/2483 2055/3505/2488
f 1239/3510/2490 2056/3511/2491 2579/3512/2240 1940/3513/2239
f 1239/3510/2490 1940/3513/2239 2578/3514/2225 2055/3515/2488
f 1239/3510/2490 2055/3515/2488 2634/3516/2483 2051/3517/2482
f 1239/3510/2490 2051/3517/2482 2636/3518/2476 2056/3511/2491
f 1240/3519/2492 1936/3103/2233 4554/3102/2232 1939/3119/2245
f 1240/3519/2492 1939/3119/2245 2579/3118/2240 2056/3520/2491
f 1240/3519/2492 2056/3520/2491 2636/3521/2476 2049/3522/2475
f 1240/3519/2492 2049/3522/2475 2635/3104/2234 1936/3103/2233
f 1241/3523/2493 2053/3524/2218 4548/3525/2207 3852/3526/2494
f 1241/3523/2493 3852/3526/2494 4551/3527/2230 2052/3528/2229
f 1241/3523/2493 2052/3528/2229 2633/3529/2236 2047/3530/2495
f 1241/3523/2493 2047/3530/2495 2631/3531/2219 2053/3524/2218
f 1242/3532/2496 2078/3533/2497 2640/3501/2485 2060/3534/2498
f 1242/3532/2496 2060/3534/2498 2638/3535/2499 2077/3536/2500
f 1242/3532/2496 2077/3536/2500 2644/3537/2501 2072/3538/2502
f 1242/3532/2496 2072/3538/2502 2646/3539/2503 2078/3533/2497
f 1243/3540/2504 2076/3541/2505 2639/3542/2506 2062/3543/2507
f 1243/3540/2504 2062/3543/2507 2641/3494/2480 2058/3544/2508
f 1243/3540/2504 2058/3544/2508 2647/3545/2509 2074/3546/2510
f 1243/3540/2504 2074/3546/2510 2645/3547/2511 2076/3541/2505
f 1244/3548/2512 2067/3549/2513 2631/3550/2219 2047/3551/2495
f 1244/3548/2512 2047/3551/2495 2633/3552/2236 2066/3553/2514
f 1244/3548/2512 2066/3553/2514 2639/3554/2506 2059/3555/2515
f 1244/3548/2512 2059/3555/2515 2637/3556/2516 2067/3549/2513
f 1245/3557/2517 2068/3558/2518 2632/3559/2221 2045/3560/2220
f 1245/3557/2517 2045/3560/2220 2631/3561/2219 2067/3562/2513
f 1245/3557/2517 2067/3562/2513 2637/3563/2516 2057/3564/2519
f 1245/3557/2517 2057/3564/2519 2638/3565/2499 2068/3558/2518
f 1246/3566/2520 2066/3553/2514 2633/3552/2236 2050/3567/2235
f 1246/3566/2520 2050/3567/2235 2635/3568/2234 2065/3569/2474
f 1246/3566/2520 2065/3569/2474 2641/3570/2480 2062/3571/2507
f 1246/3566/2520 2062/3571/2507 2639/3554/2506 2066/3553/2514
f 1247/3572/2521 2046/3500/2484 2634/3499/2483 2048/3573/2489
f 1247/3572/2521 2048/3573/2489 2632/3574/2221 2068/3575/2518
f 1247/3572/2521 2068/3575/2518 2638/3535/2499 2060/3534/2498
f 1247/3572/2521 2060/3534/2498 2640/3501/2485 2046/3500/2484
f 1248/3576/2522 2090/3577/2523 2643/3578/2524 2071/3579/2525
f 1248/3576/2522 2071/3579/2525 2645/3580/2511 2089/3581/2526
f 1248/3576/2522 2089/3581/2526 2651/3582/2527 2083/3583/2528
f 1248/3576/2522 2083/3583/2528 2649/3584/2529 2090/3577/2523
f 1249/3585/2530 2088/3586/2531 2647/3587/2509 2073/3588/2532
f 1249/3585/2530 2073/3588/2532 2648/3589/2533 2070/3590/2534
f 1249/3585/2530 2070/3590/2534 2654/3591/2535 2085/3592/2536
f 1249/3585/2530 2085/3592/2536 2653/3593/2537 2088/3586/2531
f 1250/3594/2538 2079/3595/2539 2642/3503/2478 2063/3502/2486
f 1250/3594/2538 2063/3502/2486 2640/3501/2485 2078/3533/2497
f 1250/3594/2538 2078/3533/2497 2646/3539/2503 2075/3596/2540
f 1250/3594/2538 2075/3596/2540 2648/3597/2533 2079/3595/2539
f 1251/3598/2541 2058/3544/2508 2641/3494/2480 2061/3493/2479
f 1251/3598/2541 2061/3493/2479 2642/3492/2478 2079/3599/2539
f 1251/3598/2541 2079/3599/2539 2648/3600/2533 2073/3601/2532
f 1251/3598/2541 2073/3601/2532 2647/3545/2509 2058/3544/2508
f 1252/3602/2542 2080/3603/2543 2637/3556/2516 2059/3555/2515
f 1252/3602/2542 2059/3555/2515 2639/3554/2506 2076/3604/2505
f 1252/3602/2542 2076/3604/2505 2645/3580/2511 2071/3579/2525
f 1252/3602/2542 2071/3579/2525 2643/3578/2524 2080/3603/2543
f 1253/3605/2544 2077/3606/2500 2638/3565/2499 2057/3564/2519
f 1253/3605/2544 2057/3564/2519 2637/3563/2516 2080/3607/2543
f 1253/3605/2544 2080/3607/2543 2643/3608/2524 2069/3609/2545
f 1253/3605/2544 2069/3609/2545 2644/3610/2501 2077/3606/2500
f 1254/3611/2546 2107/3612/2547 2663/3613/2548 2116/3614/2549
f 1254/3611/2546 2116/3614/2549 2662/3615/2550 2106/3616/2551
f 1254/3611/2546 2106/3616/2551 2658/3617/2552 2099/3618/2553
f 1254/3611/2546 2099/3618/2553 2660/3619/2554 2107/3612/2547
f 1255/3620/2555 2106/3616/2551 2662/3615/2550 2115/3621/2556
f 1255/3620/2555 2115/3621/2556 2661/3622/2557 2082/3623/2558
f 1255/3620/2555 2082/3623/2558 2656/3624/2559 2096/3625/2560
f 1255/3620/2555 2096/3625/2560 2658/3617/2552 2106/3616/2551
f 1256/3626/2561 2091/3627/2562 2644/3610/2501 2069/3609/2545
f 1256/3626/2561 2069/3609/2545 2643/3608/2524 2090/3628/2523
f 1256/3626/2561 2090/3628/2523 2649/3629/2529 2081/3630/2563
f 1256/3626/2561 2081/3630/2563 2650/3631/2564 2091/3627/2562
f 1257/3632/2565 2089/3581/2526 2645/3580/2511 2074/3633/2510
f 1257/3632/2565 2074/3633/2510 2647/3634/2509 2088/3635/2531
f 1257/3632/2565 2088/3635/2531 2653/3636/2537 2086/3637/2566
f 1257/3632/2565 2086/3637/2566 2651/3582/2527 2089/3581/2526
f 1258/3638/2567 2092/3639/2568 2646/3539/2503 2072/3538/2502
f 1258/3638/2567 2072/3538/2502 2644/3537/2501 2091/3640/2562
f 1258/3638/2567 2091/3640/2562 2650/3641/2564 2084/3642/2569
f 1258/3638/2567 2084/3642/2569 2652/3643/2570 2092/3639/2568
f 1259/3644/2571 2070/3645/2534 2648/3597/2533 2075/3596/2540
f 1259/3644/2571 2075/3596/2540 2646/3539/2503 2092/3639/2568
f 1259/3644/2571 2092/3639/2568 2652/3643/2570 2087/3646/2572
f 1259/3644/2571 2087/3646/2572 2654/3647/2535 2070/3645/2534
f 1260/3648/2573 2258/3649/2574 2738/3650/2575 2264/3651/2576
f 1260/3648/2573 2264/3651/2576 2737/3652/2577 2253/3653/2578
f 1260/3648/2573 2253/3653/2578 2735/3654/2579 2250/3655/2580
f 1260/3648/2573 2250/3655/2580 2736/3656/2581 2258/3649/2574
f 1261/3657/2582 2124/3658/2583 2660/3619/2554 2099/3618/2553
f 1261/3657/2582 2099/3618/2553 2658/3617/2552 2094/3659/2584
f 1261/3657/2582 2094/3659/2584 2670/3660/2585 2123/3661/2586
f 1261/3657/2582 2123/3661/2586 2672/3662/2587 2124/3658/2583
f 1262/3663/2588 2108/3664/2589 2664/3665/2590 2114/3666/2591
f 1262/3663/2588 2114/3666/2591 2663/3667/2548 2107/3668/2547
f 1262/3663/2588 2107/3668/2547 2660/3669/2554 2097/3670/2592
f 1262/3663/2588 2097/3670/2592 2659/3671/2593 2108/3664/2589
f 1263/3672/2594 2110/3673/2595 2666/3674/2596 2113/3675/2597
f 1263/3672/2594 2113/3675/2597 2665/3676/2598 2103/3677/2599
f 1263/3672/2594 2103/3677/2599 2657/3678/2600 2095/3679/2601
f 1263/3672/2594 2095/3679/2601 2655/3680/2602 2110/3673/2595
f 1264/3681/2603 2082/3682/2558 2661/3683/2557 2112/3684/2604
f 1264/3681/2603 2112/3684/2604 2666/3685/2596 2110/3686/2595
f 1264/3681/2603 2110/3686/2595 2655/3687/2602 2093/3688/2605
f 1264/3681/2603 2093/3688/2605 2656/3689/2559 2082/3682/2558
f 1265/3690/2606 2103/3691/2599 2665/3692/2598 2111/3693/2607
f 1265/3690/2606 2111/3693/2607 2664/3665/2590 2108/3664/2589
f 1265/3690/2606 2108/3664/2589 2659/3671/2593 2098/3694/2608
f 1265/3690/2606 2098/3694/2608 2657/3695/2600 2103/3691/2599
f 1266/3696/2609 2109/3697/2610 2651/3698/2527 2086/3699/2566
f 1266/3696/2609 2086/3699/2566 2653/3593/2537 2102/3700/2611
f 1266/3696/2609 2102/3700/2611 2664/3665/2590 2111/3693/2607
f 1266/3696/2609 2111/3693/2607 2665/3692/2598 2109/3697/2610
f 1267/3701/2612 2105/3702/2613 2650/3703/2564 2081/3704/2563
f 1267/3701/2612 2081/3704/2563 2649/3705/2529 2104/3706/2614
f 1267/3701/2612 2104/3706/2614 2666/3685/2596 2112/3684/2604
f 1267/3701/2612 2112/3684/2604 2661/3683/2557 2105/3702/2613
f 1268/3707/2615 2104/3708/2614 2649/3584/2529 2083/3583/2528
f 1268/3707/2615 2083/3583/2528 2651/3582/2527 2109/3709/2610
f 1268/3707/2615 2109/3709/2610 2665/3676/2598 2113/3675/2597
f 1268/3707/2615 2113/3675/2597 2666/3674/2596 2104/3708/2614
f 1269/3710/2616 2102/3700/2611 2653/3593/2537 2085/3592/2536
f 1269/3710/2616 2085/3592/2536 2654/3591/2535 2101/3711/2617
f 1269/3710/2616 2101/3711/2617 2663/3667/2548 2114/3666/2591
f 1269/3710/2616 2114/3666/2591 2664/3665/2590 2102/3700/2611
f 1270/3712/2618 2100/3713/2619 2652/3643/2570 2084/3642/2569
f 1270/3712/2618 2084/3642/2569 2650/3641/2564 2105/3714/2613
f 1270/3712/2618 2105/3714/2613 2661/3622/2557 2115/3621/2556
f 1270/3712/2618 2115/3621/2556 2662/3615/2550 2100/3713/2619
f 1271/3715/2620 2101/3716/2617 2654/3647/2535 2087/3646/2572
f 1271/3715/2620 2087/3646/2572 2652/3643/2570 2100/3713/2619
f 1271/3715/2620 2100/3713/2619 2662/3615/2550 2116/3614/2549
f 1271/3715/2620 2116/3614/2549 2663/3613/2548 2101/3716/2617
f 1272/3717/2621 2120/3718/2622 2668/3719/2623 2117/3720/2624
f 1272/3717/2621 2117/3720/2624 2667/3721/2625 2119/3722/2626
f 1272/3717/2621 2119/3722/2626 2669/3723/2627 2118/3724/2628
f 1272/3717/2621 2118/3724/2628 2670/3725/2585 2120/3718/2622
f 1273/3726/2629 2123/3727/2586 2670/3728/2585 2118/3729/2628
f 1273/3726/2629 2118/3729/2628 2669/3730/2627 2122/3731/2630
f 1273/3726/2629 2122/3731/2630 2671/3732/2631 2121/3733/2632
f 1273/3726/2629 2121/3733/2632 2672/3734/2587 2123/3727/2586
f 1274/3735/2633 2141/3736/2634 2655/3737/2602 2095/3738/2601
f 1274/3735/2633 2095/3738/2601 2657/3739/2600 2140/3740/2635
f 1274/3735/2633 2140/3740/2635 2677/3741/2636 2131/3742/2637
f 1274/3735/2633 2131/3742/2637 2673/3743/2638 2141/3736/2634
f 1275/3744/2639 2128/3745/2640 2667/3746/2625 2117/3747/2624
f 1275/3744/2639 2117/3747/2624 2668/3748/2623 2139/3749/2641
f 1275/3744/2639 2139/3749/2641 2679/3750/2642 2133/3751/2643
f 1275/3744/2639 2133/3751/2643 2678/3752/2644 2128/3745/2640
f 1276/3753/2645 2126/3754/2646 2657/3695/2600 2098/3694/2608
f 1276/3753/2645 2098/3694/2608 2659/3671/2593 2125/3755/2647
f 1276/3753/2645 2125/3755/2647 2671/3756/2631 2122/3757/2630
f 1276/3753/2645 2122/3757/2630 2669/3758/2627 2126/3754/2646
f 1277/3759/2648 2127/3760/2649 2669/3761/2627 2119/3762/2626
f 1277/3759/2648 2119/3762/2626 2667/3746/2625 2128/3745/2640
f 1277/3759/2648 2128/3745/2640 2678/3752/2644 2134/3763/2650
f 1277/3759/2648 2134/3763/2650 2680/3764/2651 2127/3760/2649
f 1278/3765/2652 2268/3766/2653 2744/3767/2654 2280/3768/2655
f 1278/3765/2652 2280/3768/2655 2743/3769/2656 2267/3770/2657
f 1278/3765/2652 2267/3770/2657 2684/3771/2658 2151/3772/2659
f 1278/3765/2652 2151/3772/2659 2687/3773/2660 2268/3766/2653
f 1279/3774/2661 2267/3775/2657 2743/3776/2656 2279/3777/2662
f 1279/3774/2661 2279/3777/2662 2741/3778/2663 2265/3779/2664
f 1279/3774/2661 2265/3779/2664 2683/3780/2665 2146/3781/2666
f 1279/3774/2661 2146/3781/2666 2684/3782/2658 2267/3775/2657
f 1280/3783/2667 2294/3784/2668 2747/3785/2669 2276/3786/2670
f 1280/3783/2667 2276/3786/2670 2746/3787/2671 2293/3788/2672
f 1280/3783/2667 2293/3788/2672 2754/3789/2673 2289/3790/2674
f 1280/3783/2667 2289/3790/2674 2756/3791/2675 2294/3784/2668
f 1281/3792/2676 2140/3793/2635 2657/3794/2600 2126/3795/2646
f 1281/3792/2676 2126/3795/2646 2669/3796/2627 2127/3797/2649
f 1281/3792/2676 2127/3797/2649 2680/3798/2651 2136/3799/2677
f 1281/3792/2676 2136/3799/2677 2677/3800/2636 2140/3793/2635
f 1282/3801/2678 2142/3802/2679 2656/3803/2559 2093/3804/2605
f 1282/3801/2678 2093/3804/2605 2655/3737/2602 2141/3736/2634
f 1282/3801/2678 2141/3736/2634 2673/3743/2638 2129/3805/2680
f 1282/3801/2678 2129/3805/2680 2674/3806/2681 2142/3802/2679
f 1283/3807/2682 2139/3749/2641 2668/3748/2623 2120/3808/2622
f 1283/3807/2682 2120/3808/2622 2670/3809/2585 2143/3810/2683
f 1283/3807/2682 2143/3810/2683 2676/3811/2684 2135/3812/2685
f 1283/3807/2682 2135/3812/2685 2679/3750/2642 2139/3749/2641
f 1284/3813/2686 2144/3814/2687 2658/3815/2552 2096/3816/2560
f 1284/3813/2686 2096/3816/2560 2656/3803/2559 2142/3802/2679
f 1284/3813/2686 2142/3802/2679 2674/3806/2681 2132/3817/2688
f 1284/3813/2686 2132/3817/2688 2675/3818/2689 2144/3814/2687
f 1285/3819/2690 2143/3820/2683 2670/3660/2585 2094/3659/2584
f 1285/3819/2690 2094/3659/2584 2658/3617/2552 2144/3821/2687
f 1285/3819/2690 2144/3821/2687 2675/3822/2689 2130/3823/2691
f 1285/3819/2690 2130/3823/2691 2676/3824/2684 2143/3820/2683
f 1286/3825/2692 2153/3826/2693 2681/3827/2694 2147/3828/2695
f 1286/3825/2692 2147/3828/2695 2685/3829/2696 2152/3830/2697
f 1286/3825/2692 2152/3830/2697 2688/3831/2698 2150/3832/2699
f 1286/3825/2692 2150/3832/2699 2686/3833/2700 2153/3826/2693
f 1287/3834/2701 2154/3835/2702 2682/3836/2703 2145/3837/2704
f 1287/3834/2701 2145/3837/2704 2681/3827/2694 2153/3826/2693
f 1287/3834/2701 2153/3826/2693 2686/3833/2700 2149/3838/2705
f 1287/3834/2701 2149/3838/2705 2687/3839/2660 2154/3835/2702
f 1288/3840/2706 2146/3841/2666 2683/3842/2665 2148/3843/2707
f 1288/3840/2706 2148/3843/2707 2682/3836/2703 2154/3835/2702
f 1288/3840/2706 2154/3835/2702 2687/3839/2660 2151/3844/2659
f 1288/3840/2706 2151/3844/2659 2684/3845/2658 2146/3841/2666
f 1289/3846/2708 2269/3847/2709 2745/3848/2710 2277/3849/2711
f 1289/3846/2708 2277/3849/2711 2744/3767/2654 2268/3766/2653
f 1289/3846/2708 2268/3766/2653 2687/3773/2660 2149/3850/2705
f 1289/3846/2708 2149/3850/2705 2686/3851/2700 2269/3847/2709
f 1290/3852/2712 2292/3853/2713 2741/3854/2663 2278/3855/2714
f 1290/3852/2712 2278/3855/2714 2742/3856/2715 2291/3857/2716
f 1290/3852/2712 2291/3857/2716 2749/3858/2717 2290/3859/2718
f 1290/3852/2712 2290/3859/2718 2755/3860/2719 2292/3853/2713
f 1291/3861/2720 2138/3862/2721 2682/3836/2703 2148/3843/2707
f 1291/3861/2720 2148/3843/2707 2683/3842/2665 2271/3863/2722
f 1291/3861/2720 2271/3863/2722 2753/3864/2723 2284/3865/2724
f 1291/3861/2720 2284/3865/2724 2750/3866/2725 2138/3862/2721
f 1292/3867/2726 2158/3868/2727 2746/3869/2671 2274/3870/2728
f 1292/3867/2726 2274/3870/2728 2748/3871/2729 2160/3872/2730
f 1292/3867/2726 2160/3872/2730 2688/3873/2698 2152/3874/2697
f 1292/3867/2726 2152/3874/2697 2685/3875/2696 2158/3868/2727
f 1293/3876/2731 2160/3877/2730 2748/3878/2729 2273/3879/2732
f 1293/3876/2731 2273/3879/2732 2745/3848/2710 2269/3847/2709
f 1293/3876/2731 2269/3847/2709 2686/3851/2700 2150/3880/2699
f 1293/3876/2731 2150/3880/2699 2688/3881/2698 2160/3877/2730
f 1294/3882/2733 2165/3883/2734 2596/3247/2338 1974/3246/2337
f 1294/3882/2733 1974/3246/2337 2597/3245/2318 1988/3884/2735
f 1294/3882/2733 1988/3884/2735 2696/3885/2736 2169/3886/2737
f 1294/3882/2733 2169/3886/2737 2693/3887/2738 2165/3883/2734
f 1295/3888/2739 2166/3889/2740 2693/3887/2738 2169/3886/2737
f 1295/3888/2739 2169/3886/2737 2696/3885/2736 2168/3890/2741
f 1295/3888/2739 2168/3890/2741 2695/3891/2742 2170/3892/2743
f 1295/3888/2739 2170/3892/2743 2694/3893/2744 2166/3889/2740
f 1296/3894/2745 1988/3895/2735 2597/3205/2318 1976/3204/2317
f 1296/3894/2745 1976/3204/2317 2598/3203/2316 1986/3896/2746
f 1296/3894/2745 1986/3896/2746 2692/3897/2747 2171/3898/2748
f 1296/3894/2745 2171/3898/2748 2696/3899/2736 1988/3895/2735
f 1297/3900/2749 2168/3901/2741 2696/3899/2736 2171/3898/2748
f 1297/3900/2749 2171/3898/2748 2692/3897/2747 2164/3902/2750
f 1297/3900/2749 2164/3902/2750 2691/3903/2751 2172/3904/2752
f 1297/3900/2749 2172/3904/2752 2695/3905/2742 2168/3901/2741
f 1298/3906/2753 2161/3907/2754 2595/3259/2341 1973/3258/2344
f 1298/3906/2753 1973/3258/2344 2596/3257/2338 2165/3908/2734
f 1298/3906/2753 2165/3908/2734 2693/3909/2738 2173/3910/2755
f 1298/3906/2753 2173/3910/2755 2689/3911/2756 2161/3907/2754
f 1299/3912/2757 2162/3913/2758 2689/3911/2756 2173/3910/2755
f 1299/3912/2757 2173/3910/2755 2693/3909/2738 2166/3914/2740
f 1299/3912/2757 2166/3914/2740 2694/3915/2744 2174/3916/2759
f 1299/3912/2757 2174/3916/2759 2690/3917/2760 2162/3913/2758
f 1300/3918/2761 1986/3919/2746 2598/3253/2316 1975/3252/2342
f 1300/3918/2761 1975/3252/2342 2595/3251/2341 2161/3920/2754
f 1300/3918/2761 2161/3920/2754 2689/3921/2756 2175/3922/2762
f 1300/3918/2761 2175/3922/2762 2692/3923/2747 1986/3919/2746
f 1301/3924/2763 2164/3925/2750 2692/3923/2747 2175/3922/2762
f 1301/3924/2763 2175/3922/2762 2689/3921/2756 2162/3926/2758
f 1301/3924/2763 2162/3926/2758 2690/3927/2760 2176/3928/2764
f 1301/3924/2763 2176/3928/2764 2691/3929/2751 2164/3925/2750
f 1302/3930/2765 2178/3931/2766 2694/3893/2744 2170/3892/2743
f 1302/3930/2765 2170/3892/2743 2695/3891/2742 2167/3932/2767
f 1302/3930/2765 2167/3932/2767 2700/3288/2359 2181/3287/2364
f 1302/3930/2765 2181/3287/2364 2698/3286/2355 2178/3931/2766
f 1303/3933/2768 2167/3934/2767 2695/3905/2742 2172/3904/2752
f 1303/3933/2768 2172/3904/2752 2691/3903/2751 2163/3935/2769
f 1303/3933/2768 2163/3935/2769 2699/3279/2328 2182/3278/2360
f 1303/3933/2768 2182/3278/2360 2700/3277/2359 2167/3934/2767
f 1304/3936/2770 2177/3937/2771 2690/3917/2760 2174/3916/2759
f 1304/3936/2770 2174/3916/2759 2694/3915/2744 2178/3938/2766
f 1304/3936/2770 2178/3938/2766 2698/3273/2355 2183/3272/2354
f 1304/3936/2770 2183/3272/2354 2697/3271/2330 2177/3937/2771
f 1305/3939/2772 2163/3940/2769 2691/3929/2751 2176/3928/2764
f 1305/3939/2772 2176/3928/2764 2690/3927/2760 2177/3941/2771
f 1305/3939/2772 2177/3941/2771 2697/3234/2330 2184/3233/2329
f 1305/3939/2772 2184/3233/2329 2699/3232/2328 2163/3940/2769
f 1306/3942/2773 2198/3943/2774 2701/3944/2775 2188/3945/2776
f 1306/3942/2773 2188/3945/2776 2703/3946/2777 2197/3947/2778
f 1306/3942/2773 2197/3947/2778 2707/3948/2779 2196/3949/2780
f 1306/3942/2773 2196/3949/2780 2705/3950/2781 2198/3943/2774
f 1307/3951/2782 2191/3952/2783 2404/3953/1015 1567/3954/1462
f 1307/3951/2782 1567/3954/1462 2405/3955/1446 2190/3956/1450
f 1307/3951/2782 2190/3956/1450 2704/3957/1454 2186/3958/2784
f 1307/3951/2782 2186/3958/2784 2703/3959/2777 2191/3952/2783
f 1308/3960/2785 2189/3961/1451 2403/3962/1438 1565/3963/1442
f 1308/3960/2785 1565/3963/1442 2402/3964/1024 2192/3965/2786
f 1308/3960/2785 2192/3965/2786 2701/3966/2775 2185/3967/2787
f 1308/3960/2785 2185/3967/2787 2702/3968/1452 2189/3961/1451
f 1309/3969/2788 2192/3970/2786 2402/3971/1024 1596/3972/1023
f 1309/3969/2788 1596/3972/1023 2404/3973/1015 2191/3974/2783
f 1309/3969/2788 2191/3974/2783 2703/3946/2777 2188/3945/2776
f 1309/3969/2788 2188/3945/2776 2701/3944/2775 2192/3970/2786
f 1310/3975/2789 2206/3976/2790 2708/3977/2791 2195/3978/2792
f 1310/3975/2789 2195/3978/2792 2706/3979/2793 2205/3980/2794
f 1310/3975/2789 2205/3980/2794 2710/3981/2795 2203/3982/2796
f 1310/3975/2789 2203/3982/2796 2712/3983/2797 2206/3976/2790
f 1311/3984/2798 2197/3985/2778 2703/3986/2777 2186/3987/2784
f 1311/3984/2798 2186/3987/2784 2704/3988/1454 2199/3989/2799
f 1311/3984/2798 2199/3989/2799 2708/3990/2791 2194/3991/2800
f 1311/3984/2798 2194/3991/2800 2707/3992/2779 2197/3985/2778
f 1312/3993/2801 2199/3994/2799 2704/2005/1454 2187/2004/1453
f 1312/3993/2801 2187/2004/1453 2702/2003/1452 2200/3995/2802
f 1312/3993/2801 2200/3995/2802 2706/3979/2793 2195/3978/2792
f 1312/3993/2801 2195/3978/2792 2708/3977/2791 2199/3994/2799
f 1313/3996/2803 2200/3997/2802 2702/3998/1452 2185/3999/2787
f 1313/3996/2803 2185/3999/2787 2701/4000/2775 2198/4001/2774
f 1313/3996/2803 2198/4001/2774 2705/4002/2781 2193/4003/2804
f 1313/3996/2803 2193/4003/2804 2706/4004/2793 2200/3997/2802
f 1314/4005/2805 2203/4006/2796 2710/4007/2795 2201/4008/2806
f 1314/4005/2805 2201/4008/2806 2709/4009/2807 2204/4010/2808
f 1314/4005/2805 2204/4010/2808 2711/4011/2809 2202/4012/2810
f 1314/4005/2805 2202/4012/2810 2712/4013/2797 2203/4006/2796
f 1315/4014/2811 2205/4015/2794 2706/4004/2793 2193/4003/2804
f 1315/4014/2811 2193/4003/2804 2705/4002/2781 2207/4016/2812
f 1315/4014/2811 2207/4016/2812 2709/4017/2807 2201/4018/2806
f 1315/4014/2811 2201/4018/2806 2710/4019/2795 2205/4015/2794
f 1316/4020/2813 2207/4021/2812 2705/3950/2781 2196/3949/2780
f 1316/4020/2813 2196/3949/2780 2707/3948/2779 2208/4022/2814
f 1316/4020/2813 2208/4022/2814 2711/4023/2809 2204/4024/2808
f 1316/4020/2813 2204/4024/2808 2709/4025/2807 2207/4021/2812
f 1317/4026/2815 2234/4027/2816 2726/4028/2817 2240/4029/2818
f 1317/4026/2815 2240/4029/2818 2725/4030/2819 2213/4031/2820
f 1317/4026/2815 2213/4031/2820 2713/4032/2821 2212/4033/2822
f 1317/4026/2815 2212/4033/2822 2715/4034/2823 2234/4027/2816
f 1318/4035/2824 2230/4036/2825 2713/4037/2821 2209/4038/2826
f 1318/4035/2824 2209/4038/2826 2714/4039/2827 2229/4040/2828
f 1318/4035/2824 2229/4040/2828 2722/4041/2829 2225/4042/2830
f 1318/4035/2824 2225/4042/2830 2721/4043/2831 2230/4036/2825
f 1319/4044/2832 2236/4045/2833 2728/4046/2834 2239/4047/2835
f 1319/4044/2832 2239/4047/2835 2727/4048/2836 2215/4049/2837
f 1319/4044/2832 2215/4049/2837 2716/4050/2838 2211/4051/2839
f 1319/4044/2832 2211/4051/2839 2714/4052/2827 2236/4045/2833
f 1320/4053/2840 2215/4054/2837 2727/4055/2836 2238/4056/2841
f 1320/4053/2840 2238/4056/2841 2726/4057/2817 2234/4058/2816
f 1320/4053/2840 2234/4058/2816 2715/4059/2823 2210/4060/2842
f 1320/4053/2840 2210/4060/2842 2716/4061/2838 2215/4054/2837
f 1321/4062/2843 2213/4063/2820 2725/4064/2819 2237/4065/2844
f 1321/4062/2843 2237/4065/2844 2728/4066/2834 2236/4067/2833
f 1321/4062/2843 2236/4067/2833 2714/4039/2827 2209/4038/2826
f 1321/4062/2843 2209/4038/2826 2713/4037/2821 2213/4063/2820
f 1322/4068/2845 2220/4069/2846 2717/4070/2847 2217/4071/2848
f 1322/4068/2845 2217/4071/2848 2718/4072/2849 2219/4073/2850
f 1322/4068/2845 2219/4073/2850 2720/4074/2851 2218/4075/2852
f 1322/4068/2845 2218/4075/2852 2719/4076/2853 2220/4069/2846
f 1323/4077/2854 2223/4078/2855 2715/4034/2823 2212/4033/2822
f 1323/4077/2854 2212/4033/2822 2713/4032/2821 2222/4079/2856
f 1323/4077/2854 2222/4079/2856 2717/4080/2847 2220/4081/2846
f 1323/4077/2854 2220/4081/2846 2719/4082/2853 2223/4078/2855
f 1324/4083/2857 2224/4084/2858 2716/4061/2838 2210/4060/2842
f 1324/4083/2857 2210/4060/2842 2715/4059/2823 2223/4085/2855
f 1324/4083/2857 2223/4085/2855 2719/4086/2853 2218/4087/2852
f 1324/4083/2857 2218/4087/2852 2720/4088/2851 2224/4084/2858
f 1325/4089/2859 2221/4090/2860 2714/4052/2827 2211/4051/2839
f 1325/4089/2859 2211/4051/2839 2716/4050/2838 2224/4091/2858
f 1325/4089/2859 2224/4091/2858 2720/4092/2851 2219/4093/2850
f 1325/4089/2859 2219/4093/2850 2718/4094/2849 2221/4090/2860
f 1326/4095/2861 2228/4096/2862 2721/4097/2831 2225/4098/2830
f 1326/4095/2861 2225/4098/2830 2722/4099/2829 2227/4100/2863
f 1326/4095/2861 2227/4100/2863 2724/4101/2864 2226/4102/2865
f 1326/4095/2861 2226/4102/2865 2723/4103/2866 2228/4096/2862
f 1327/4104/2867 2229/4105/2828 2714/4052/2827 2221/4090/2860
f 1327/4104/2867 2221/4090/2860 2718/4094/2849 2231/4106/2868
f 1327/4104/2867 2231/4106/2868 2724/4101/2864 2227/4100/2863
f 1327/4104/2867 2227/4100/2863 2722/4099/2829 2229/4105/2828
f 1328/4107/2869 2231/4108/2868 2718/4072/2849 2217/4071/2848
f 1328/4107/2869 2217/4071/2848 2717/4070/2847 2232/4109/2870
f 1328/4107/2869 2232/4109/2870 2723/4110/2866 2226/4111/2865
f 1328/4107/2869 2226/4111/2865 2724/4112/2864 2231/4108/2868
f 1329/4113/2871 2232/4114/2870 2717/4080/2847 2222/4079/2856
f 1329/4113/2871 2222/4079/2856 2713/4032/2821 2230/4115/2825
f 1329/4113/2871 2230/4115/2825 2721/4116/2831 2228/4117/2862
f 1329/4113/2871 2228/4117/2862 2723/4118/2866 2232/4114/2870
f 1330/4119/2872 2233/4120/2873 2731/4121/2874 2248/4122/2875
f 1330/4119/2872 2248/4122/2875 2730/4123/2876 2242/4124/2877
f 1330/4119/2872 2242/4124/2877 2728/4066/2834 2237/4065/2844
f 1330/4119/2872 2237/4065/2844 2725/4064/2819 2233/4120/2873
f 1331/4125/2878 2235/4126/2879 2732/4127/2880 2247/4128/2881
f 1331/4125/2878 2247/4128/2881 2729/4129/2882 2241/4130/2883
f 1331/4125/2878 2241/4130/2883 2726/4057/2817 2238/4056/2841
f 1331/4125/2878 2238/4056/2841 2727/4055/2836 2235/4126/2879
f 1332/4131/2884 2242/4132/2877 2730/4133/2876 2246/4134/2885
f 1332/4131/2884 2246/4134/2885 2732/4135/2880 2235/4136/2879
f 1332/4131/2884 2235/4136/2879 2727/4048/2836 2239/4047/2835
f 1332/4131/2884 2239/4047/2835 2728/4046/2834 2242/4132/2877
f 1333/4137/2886 2241/4138/2883 2729/4139/2882 2245/4140/2887
f 1333/4137/2886 2245/4140/2887 2731/4141/2874 2233/4142/2873
f 1333/4137/2886 2233/4142/2873 2725/4030/2819 2240/4029/2818
f 1333/4137/2886 2240/4029/2818 2726/4028/2817 2241/4138/2883
f 1334/4143/2888 2214/4144/2889 2711/4023/2809 2208/4022/2814
f 1334/4143/2888 2208/4022/2814 2707/3948/2779 2243/4145/2890
f 1334/4143/2888 2243/4145/2890 2731/4141/2874 2245/4140/2887
f 1334/4143/2888 2245/4140/2887 2729/4139/2882 2214/4144/2889
f 1335/4146/2891 2216/4147/2892 2708/3977/2791 2206/3976/2790
f 1335/4146/2891 2206/3976/2790 2712/3983/2797 2244/4148/2893
f 1335/4146/2891 2244/4148/2893 2732/4135/2880 2246/4134/2885
f 1335/4146/2891 2246/4134/2885 2730/4133/2876 2216/4147/2892
f 1336/4149/2894 2244/4150/2893 2712/4013/2797 2202/4012/2810
f 1336/4149/2894 2202/4012/2810 2711/4011/2809 2214/4151/2889
f 1336/4149/2894 2214/4151/2889 2729/4129/2882 2247/4128/2881
f 1336/4149/2894 2247/4128/2881 2732/4127/2880 2244/4150/2893
f 1337/4152/2895 2243/4153/2890 2707/4154/2779 2194/4155/2800
f 1337/4152/2895 2194/4155/2800 2708/4156/2791 2216/4157/2892
f 1337/4152/2895 2216/4157/2892 2730/4123/2876 2248/4122/2875
f 1337/4152/2895 2248/4122/2875 2731/4121/2874 2243/4153/2890
f 1338/4158/2896 2252/4159/2897 2733/4160/2898 2249/4161/2899
f 1338/4158/2896 2249/4161/2899 2734/4162/2900 2251/4163/2901
f 1338/4158/2896 2251/4163/2901 2736/4164/2581 2250/4165/2580
f 1338/4158/2896 2250/4165/2580 2735/4166/2579 2252/4159/2897
f 1339/4167/2902 2260/4168/2903 2740/4169/2904 2263/4170/2905
f 1339/4167/2902 2263/4170/2905 2739/4171/2906 2255/4172/2907
f 1339/4167/2902 2255/4172/2907 2734/4173/2900 2249/4174/2899
f 1339/4167/2902 2249/4174/2899 2733/4175/2898 2260/4168/2903
f 1340/4176/2908 2255/4177/2907 2739/4178/2906 2262/4179/2909
f 1340/4176/2908 2262/4179/2909 2738/4180/2575 2258/4181/2574
f 1340/4176/2908 2258/4181/2574 2736/4182/2581 2251/4183/2901
f 1340/4176/2908 2251/4183/2901 2734/4184/2900 2255/4177/2907
f 1341/4185/2910 2253/4186/2578 2737/4187/2577 2261/4188/2911
f 1341/4185/2910 2261/4188/2911 2740/4189/2904 2260/4190/2903
f 1341/4185/2910 2260/4190/2903 2733/4191/2898 2252/4192/2897
f 1341/4185/2910 2252/4192/2897 2735/4193/2579 2253/4186/2578
f 1342/4194/2912 2257/4195/2913 2671/4196/2631 2125/4197/2647
f 1342/4194/2912 2125/4197/2647 2659/4198/2593 2256/4199/2914
f 1342/4194/2912 2256/4199/2914 2740/4189/2904 2261/4188/2911
f 1342/4194/2912 2261/4188/2911 2737/4187/2577 2257/4195/2913
f 1343/4200/2915 2259/4201/2916 2660/3619/2554 2124/3658/2583
f 1343/4200/2915 2124/3658/2583 2672/3662/2587 2254/4202/2917
f 1343/4200/2915 2254/4202/2917 2738/4180/2575 2262/4179/2909
f 1343/4200/2915 2262/4179/2909 2739/4178/2906 2259/4201/2916
f 1344/4203/2918 2256/4204/2914 2659/3671/2593 2097/3670/2592
f 1344/4203/2918 2097/3670/2592 2660/3669/2554 2259/4205/2916
f 1344/4203/2918 2259/4205/2916 2739/4206/2906 2263/4207/2905
f 1344/4203/2918 2263/4207/2905 2740/4208/2904 2256/4204/2914
f 1345/4209/2919 2254/4210/2917 2672/3734/2587 2121/3733/2632
f 1345/4209/2919 2121/3733/2632 2671/3732/2631 2257/4211/2913
f 1345/4209/2919 2257/4211/2913 2737/3652/2577 2264/3651/2576
f 1345/4209/2919 2264/3651/2576 2738/3650/2575 2254/4210/2917
f 1346/4212/2920 2272/4213/2921 2680/3764/2651 2134/3763/2650
f 1346/4212/2920 2134/3763/2650 2678/3752/2644 2157/4214/2922
f 1346/4212/2920 2157/4214/2922 2745/3848/2710 2273/3879/2732
f 1346/4212/2920 2273/3879/2732 2748/3878/2729 2272/4213/2921
f 1347/4215/2923 2270/4216/2924 2677/3800/2636 2136/3799/2677
f 1347/4215/2923 2136/3799/2677 2680/3798/2651 2272/4217/2921
f 1347/4215/2923 2272/4217/2921 2748/3871/2729 2274/3870/2728
f 1347/4215/2923 2274/3870/2728 2746/3869/2671 2270/4216/2924
f 1348/4218/2925 2266/4219/2926 2674/3806/2681 2129/3805/2680
f 1348/4218/2925 2129/3805/2680 2673/3743/2638 2159/4220/2927
f 1348/4218/2925 2159/4220/2927 2747/4221/2669 2275/4222/2928
f 1348/4218/2925 2275/4222/2928 2742/4223/2715 2266/4219/2926
f 1349/4224/2929 2159/4220/2927 2673/3743/2638 2131/3742/2637
f 1349/4224/2929 2131/3742/2637 2677/3741/2636 2270/4225/2924
f 1349/4224/2929 2270/4225/2924 2746/4226/2671 2276/4227/2670
f 1349/4224/2929 2276/4227/2670 2747/4221/2669 2159/4220/2927
f 1350/4228/2930 2157/4214/2922 2678/3752/2644 2133/3751/2643
f 1350/4228/2930 2133/3751/2643 2679/3750/2642 2156/4229/2931
f 1350/4228/2930 2156/4229/2931 2744/3767/2654 2277/3849/2711
f 1350/4228/2930 2277/3849/2711 2745/3848/2710 2157/4214/2922
f 1351/4230/2932 2137/4231/2933 2675/3818/2689 2132/3817/2688
f 1351/4230/2932 2132/3817/2688 2674/3806/2681 2266/4219/2926
f 1351/4230/2932 2266/4219/2926 2742/4223/2715 2278/4232/2714
f 1351/4230/2932 2278/4232/2714 2741/4233/2663 2137/4231/2933
f 1352/4234/2934 2155/4235/2935 2676/3824/2684 2130/3823/2691
f 1352/4234/2934 2130/3823/2691 2675/3822/2689 2137/4236/2933
f 1352/4234/2934 2137/4236/2933 2741/3778/2663 2279/3777/2662
f 1352/4234/2934 2279/3777/2662 2743/3776/2656 2155/4235/2935
f 1353/4237/2936 2156/4229/2931 2679/3750/2642 2135/3812/2685
f 1353/4237/2936 2135/3812/2685 2676/3811/2684 2155/4238/2935
f 1353/4237/2936 2155/4238/2935 2743/3769/2656 2280/3768/2655
f 1353/4237/2936 2280/3768/2655 2744/3767/2654 2156/4229/2931
f 1354/4239/2937 2286/4240/2938 2755/4241/2719 2290/4242/2718
f 1354/4239/2937 2290/4242/2718 2749/4243/2717 2281/4244/2939
f 1354/4239/2937 2281/4244/2939 2750/4245/2725 2284/4246/2724
f 1354/4239/2937 2284/4246/2724 2753/4247/2723 2286/4240/2938
f 1355/4248/2940 2287/4249/2941 2756/4250/2675 2289/4251/2674
f 1355/4248/2940 2289/4251/2674 2754/4252/2673 2285/4253/2942
f 1355/4248/2940 2285/4253/2942 2752/4254/2943 2283/4255/2944
f 1355/4248/2940 2283/4255/2944 2751/4256/2945 2287/4249/2941
f 1356/4257/2946 2281/4244/2939 2749/4243/2717 2288/4258/2947
f 1356/4257/2946 2288/4258/2947 2756/4250/2675 2287/4249/2941
f 1356/4257/2946 2287/4249/2941 2751/4256/2945 2282/4259/2948
f 1356/4257/2946 2282/4259/2948 2750/4245/2725 2281/4244/2939
f 1357/4260/2949 2271/4261/2722 2683/3780/2665 2265/3779/2664
f 1357/4260/2949 2265/3779/2664 2741/3778/2663 2292/4262/2713
f 1357/4260/2949 2292/4262/2713 2755/4263/2719 2286/4264/2938
f 1357/4260/2949 2286/4264/2938 2753/4265/2723 2271/4261/2722
f 1358/4266/2950 2296/4267/2951 2685/3829/2696 2147/3828/2695
f 1358/4266/2950 2147/3828/2695 2681/3827/2694 2295/4268/2952
f 1358/4266/2950 2295/4268/2952 2751/4269/2945 2283/4270/2944
f 1358/4266/2950 2283/4270/2944 2752/4271/2943 2296/4267/2951
f 1359/4272/2953 2293/4273/2672 2746/3869/2671 2158/3868/2727
f 1359/4272/2953 2158/3868/2727 2685/3875/2696 2296/4274/2951
f 1359/4272/2953 2296/4274/2951 2752/4275/2943 2285/4276/2942
f 1359/4272/2953 2285/4276/2942 2754/4277/2673 2293/4273/2672
f 1360/4278/2954 2295/4268/2952 2681/3827/2694 2145/3837/2704
f 1360/4278/2954 2145/3837/2704 2682/3836/2703 2138/3862/2721
f 1360/4278/2954 2138/3862/2721 2750/3866/2725 2282/4279/2948
f 1360/4278/2954 2282/4279/2948 2751/4269/2945 2295/4268/2952
f 1361/4280/2955 2291/3857/2716 2742/3856/2715 2275/4281/2928
f 1361/4280/2955 2275/4281/2928 2747/3785/2669 2294/3784/2668
f 1361/4280/2955 2294/3784/2668 2756/3791/2675 2288/4282/2947
f 1361/4280/2955 2288/4282/2947 2749/3858/2717 2291/3857/2716
f 2757/4283/2956 3260/4284/2957 4239/4285/2958 3295/4286/2959
f 2757/4283/2956 3294/4287/2960 4240/4288/2961 3260/4284/2957
f 2757/4283/2956 3291/4289/2962 4269/4290/2963 3294/4287/2960
f 2757/4283/2956 3295/4286/2959 4268/4291/2964 3291/4289/2962
f 2758/4292/2965 3463/4293/2966 4363/4294/2967 3498/4295/2968
f 2758/4292/2965 3266/1371/985 4254/1370/984 3463/4293/2966
f 2758/4292/2965 3265/4296/2969 4242/1372/986 3266/1371/985
f 2758/4292/2965 3498/4295/2968 4365/4297/2970 3265/4296/2969
f 2759/4298/2971 3461/4299/2972 4361/4300/2973 3496/4301/2974
f 2759/4298/2971 3267/1380/994 4253/1379/993 3461/4299/2972
f 2759/4298/2971 3463/4302/2966 4254/1381/984 3267/1380/994
f 2759/4298/2971 3496/4301/2974 4363/4303/2967 3463/4302/2966
f 2760/4304/2975 3459/4305/2976 4359/4306/2977 3494/4307/2978
f 2760/4304/2975 3268/1389/1000 4252/1388/999 3459/4305/2976
f 2760/4304/2975 3461/4299/2972 4253/1379/993 3268/1389/1000
f 2760/4304/2975 3494/4307/2978 4361/4300/2973 3461/4299/2972
f 2761/4308/2979 3457/4309/2980 4357/4310/2981 3492/4311/2982
f 2761/4308/2979 3269/1395/1006 4251/1394/1005 3457/4309/2980
f 2761/4308/2979 3459/4305/2976 4252/1388/999 3269/1395/1006
f 2761/4308/2979 3492/4311/2982 4359/4306/2977 3459/4305/2976
f 2762/4312/2983 3455/4313/2984 4355/4314/2985 3490/4315/2986
f 2762/4312/2983 3270/1401/1012 4250/1400/1011 3455/4313/2984
f 2762/4312/2983 3457/4309/2980 4251/1394/1005 3270/1401/1012
f 2762/4312/2983 3490/4315/2986 4357/4310/2981 3457/4309/2980
f 2763/4316/2987 3448/4317/2988 4345/4318/2989 3480/4319/2990
f 2763/4316/2987 3271/1407/1018 4248/1406/1017 3448/4317/2988
f 2763/4316/2987 3450/4320/2991 4249/1408/1019 3271/1407/1018
f 2763/4316/2987 3480/4319/2990 4347/4321/2992 3450/4320/2991
f 2764/4322/2993 3446/4323/2994 4343/4324/2995 3478/4325/2996
f 2764/4322/2993 3272/4326/2997 4247/4327/2998 3446/4323/2994
f 2764/4322/2993 3448/4317/2988 4248/1406/1017 3272/4326/2997
f 2764/4322/2993 3478/4325/2996 4345/4318/2989 3448/4317/2988
f 2765/4328/2999 3444/4329/3000 4341/4330/3001 3476/4331/3002
f 2765/4328/2999 3273/4332/3003 4246/1421/1032 3444/4329/3000
f 2765/4328/2999 3446/4323/2994 4247/4327/2998 3273/4332/3003
f 2765/4328/2999 3476/4331/3002 4343/4324/2995 3446/4323/2994
f 2766/4333/3004 3442/4334/3005 4339/4335/3006 3474/4336/3007
f 2766/4333/3004 3274/1428/1039 4245/1427/1038 3442/4334/3005
f 2766/4333/3004 3444/4337/3000 4246/1429/1032 3274/1428/1039
f 2766/4333/3004 3474/4336/3007 4341/4338/3001 3444/4337/3000
f 2767/4339/3008 3440/4340/3009 4337/4341/3010 3472/4342/3011
f 2767/4339/3008 3275/1437/1045 4244/1436/1044 3440/4340/3009
f 2767/4339/3008 3442/4334/3005 4245/1427/1038 3275/1437/1045
f 2767/4339/3008 3472/4342/3011 4339/4335/3006 3442/4334/3005
f 2768/4343/3012 3438/4344/3013 4335/4345/3014 3470/4346/3015
f 2768/4343/3012 3276/1443/1051 4243/1442/1050 3438/4344/3013
f 2768/4343/3012 3440/4340/3009 4244/1436/1044 3276/1443/1051
f 2768/4343/3012 3470/4346/3015 4337/4341/3010 3440/4340/3009
f 2769/4347/3016 3265/4296/2969 4365/4297/2970 3468/4348/3017
f 2769/4347/3016 3277/1446/1054 4242/1372/986 3265/4296/2969
f 2769/4347/3016 3438/4344/3013 4243/1442/1050 3277/1446/1054
f 2769/4347/3016 3468/4348/3017 4335/4345/3014 3438/4344/3013
f 2770/4349/3018 3278/4350/3019 4255/4351/3020 3327/4352/3021
f 2770/4349/3018 3326/4353/3022 4256/4354/3023 3278/4350/3019
f 2770/4349/3018 3310/4355/3024 4272/4356/3025 3326/4353/3022
f 2770/4349/3018 3327/4352/3021 4271/4357/3026 3310/4355/3024
f 2771/4358/3027 3238/4359/3028 4228/4360/3029 3297/4361/3030
f 2771/4358/3027 3296/4362/3031 4229/4363/3032 3238/4359/3028
f 2771/4358/3027 3280/4364/3033 4258/4365/3034 3296/4362/3031
f 2771/4358/3027 3297/4361/3030 4257/4366/3035 3280/4364/3033
f 2772/4367/3036 3246/4368/3037 4232/4369/3038 3299/4370/3039
f 2772/4367/3036 3298/4371/3040 4233/4372/3041 3246/4368/3037
f 2772/4367/3036 3284/4373/3042 4262/4374/3043 3298/4371/3040
f 2772/4367/3036 3299/4370/3039 4261/4375/3044 3284/4373/3042
f 2773/4376/3045 3254/4377/3046 4236/4378/3047 3301/4379/3048
f 2773/4376/3045 3300/4380/3049 4237/4381/3050 3254/4377/3046
f 2773/4376/3045 3288/4382/3051 4266/4383/3052 3300/4380/3049
f 2773/4376/3045 3301/4379/3048 4265/4384/3053 3288/4382/3051
f 2774/4385/3054 3262/4386/3055 4240/4288/2961 3294/4287/2960
f 2774/4385/3054 3302/4387/3056 4241/4388/3057 3262/4386/3055
f 2774/4385/3054 3292/4389/3058 4270/4390/3059 3302/4387/3056
f 2774/4385/3054 3294/4287/2960 4269/4290/2963 3292/4389/3058
f 2775/4391/3060 3240/4392/3061 4229/4363/3032 3296/4362/3031
f 2775/4391/3060 3303/4393/3062 4230/4394/3063 3240/4392/3061
f 2775/4391/3060 3281/4395/3064 4259/4396/3065 3303/4393/3062
f 2775/4391/3060 3296/4362/3031 4258/4365/3034 3281/4395/3064
f 2776/4397/3066 3248/4398/3067 4233/4372/3041 3298/4371/3040
f 2776/4397/3066 3304/4399/3068 4234/4400/3069 3248/4398/3067
f 2776/4397/3066 3285/4401/3070 4263/4402/3071 3304/4399/3068
f 2776/4397/3066 3298/4371/3040 4262/4374/3043 3285/4401/3070
f 2777/4403/3072 3256/4404/3073 4237/4381/3050 3300/4380/3049
f 2777/4403/3072 3305/4405/3074 4238/4406/3075 3256/4404/3073
f 2777/4403/3072 3289/4407/3076 4267/4408/3077 3305/4405/3074
f 2777/4403/3072 3300/4380/3049 4266/4383/3052 3289/4407/3076
f 2778/4409/3078 3234/4410/3079 4226/4411/3080 3307/4412/3081
f 2778/4409/3078 3306/4413/3082 4227/4414/3083 3234/4410/3079
f 2778/4409/3078 3278/4415/3019 4256/4416/3023 3306/4413/3082
f 2778/4409/3078 3307/4412/3081 4255/4417/3020 3278/4415/3019
f 2779/4418/3084 3264/4419/3085 4241/4388/3057 3302/4387/3056
f 2779/4418/3084 3307/4412/3081 4226/4411/3080 3264/4419/3085
f 2779/4418/3084 3293/4420/3086 4255/4417/3020 3307/4412/3081
f 2779/4418/3084 3302/4387/3056 4270/4390/3059 3293/4420/3086
f 2780/4421/3087 3242/4422/3088 4230/4394/3063 3303/4393/3062
f 2780/4421/3087 3308/4423/3089 4231/4424/3090 3242/4422/3088
f 2780/4421/3087 3282/4425/3091 4260/4426/3092 3308/4423/3089
f 2780/4421/3087 3303/4393/3062 4259/4396/3065 3282/4425/3091
f 2781/4427/3093 3250/4428/3094 4234/4400/3069 3304/4399/3068
f 2781/4427/3093 3309/4429/3095 4235/4430/3096 3250/4428/3094
f 2781/4427/3093 3286/4431/3097 4264/4432/3098 3309/4429/3095
f 2781/4427/3093 3304/4399/3068 4263/4402/3071 3286/4431/3097
f 2782/4433/3099 3258/4434/3100 4238/4406/3075 3305/4405/3074
f 2782/4433/3099 3295/4286/2959 4239/4285/2958 3258/4434/3100
f 2782/4433/3099 3290/4435/3101 4268/4291/2964 3295/4286/2959
f 2782/4433/3099 3305/4405/3074 4267/4408/3077 3290/4435/3101
f 2783/4436/3102 3236/4437/3103 4227/4414/3083 3306/4413/3082
f 2783/4436/3102 3297/4361/3030 4228/4360/3029 3236/4437/3103
f 2783/4436/3102 3279/4438/3104 4257/4366/3035 3297/4361/3030
f 2783/4436/3102 3306/4413/3082 4256/4416/3023 3279/4438/3104
f 2784/4439/3105 3244/4440/3106 4231/4424/3090 3308/4423/3089
f 2784/4439/3105 3299/4370/3039 4232/4369/3038 3244/4440/3106
f 2784/4439/3105 3283/4441/3107 4261/4375/3044 3299/4370/3039
f 2784/4439/3105 3308/4423/3089 4260/4426/3092 3283/4441/3107
f 2785/4442/3108 3252/4443/3109 4235/4430/3096 3309/4429/3095
f 2785/4442/3108 3301/4379/3048 4236/4378/3047 3252/4443/3109
f 2785/4442/3108 3287/4444/3110 4265/4384/3053 3301/4379/3048
f 2785/4442/3108 3309/4429/3095 4264/4432/3098 3287/4444/3110
f 2786/4445/3111 3315/4446/3112 4276/4447/3113 3359/4448/3114
f 2786/4445/3111 3358/4449/3115 4277/4450/3116 3315/4446/3112
f 2786/4445/3111 3347/4451/3117 4293/4452/3118 3358/4449/3115
f 2786/4445/3111 3359/4448/3114 4292/4453/3119 3347/4451/3117
f 2787/4454/3120 3293/4455/3086 4270/4456/3059 3328/4457/3121
f 2787/4454/3120 3327/4352/3021 4255/4351/3020 3293/4455/3086
f 2787/4454/3120 3325/4458/3122 4271/4357/3026 3327/4352/3021
f 2787/4454/3120 3328/4457/3121 4286/4459/3123 3325/4458/3122
f 2788/4460/3124 3286/4461/3097 4263/4462/3071 3330/4463/3125
f 2788/4460/3124 3329/4464/3126 4264/4465/3098 3286/4461/3097
f 2788/4460/3124 3318/4466/3127 4280/4467/3128 3329/4464/3126
f 2788/4460/3124 3330/4463/3125 4279/4468/3129 3318/4466/3127
f 2789/4469/3130 3279/4470/3104 4256/4354/3023 3326/4353/3022
f 2789/4469/3130 3331/4471/3131 4257/4472/3035 3279/4470/3104
f 2789/4469/3130 3311/4473/3132 4273/4474/3133 3331/4471/3131
f 2789/4469/3130 3326/4353/3022 4272/4356/3025 3311/4473/3132
f 2790/4475/3134 3287/4476/3110 4264/4465/3098 3329/4464/3126
f 2790/4475/3134 3332/4477/3135 4265/4478/3053 3287/4476/3110
f 2790/4475/3134 3319/4479/3136 4281/4480/3137 3332/4477/3135
f 2790/4475/3134 3329/4464/3126 4280/4467/3128 3319/4479/3136
f 2791/4481/3138 3280/4482/3033 4257/4472/3035 3331/4471/3131
f 2791/4481/3138 3333/4483/3139 4258/4484/3034 3280/4482/3033
f 2791/4481/3138 3312/4485/3140 4274/4486/3141 3333/4483/3139
f 2791/4481/3138 3331/4471/3131 4273/4474/3133 3312/4485/3140
f 2792/4487/3142 3288/4488/3051 4265/4478/3053 3332/4477/3135
f 2792/4487/3142 3334/4489/3143 4266/4490/3052 3288/4488/3051
f 2792/4487/3142 3320/4491/3144 4282/4492/3145 3334/4489/3143
f 2792/4487/3142 3332/4477/3135 4281/4480/3137 3320/4491/3144
f 2793/4493/3146 3281/4494/3064 4258/4484/3034 3333/4483/3139
f 2793/4493/3146 3335/4495/3147 4259/4496/3065 3281/4494/3064
f 2793/4493/3146 3313/4497/3148 4275/4498/3149 3335/4495/3147
f 2793/4493/3146 3333/4483/3139 4274/4486/3141 3313/4497/3148
f 2794/4499/3150 3289/4500/3076 4266/4501/3052 3334/4502/3143
f 2794/4499/3150 3336/4503/3151 4267/4504/3077 3289/4500/3076
f 2794/4499/3150 3321/4505/3152 4283/4506/3153 3336/4503/3151
f 2794/4499/3150 3334/4502/3143 4282/4507/3145 3321/4505/3152
f 2795/4508/3154 3282/4509/3091 4259/4510/3065 3335/4511/3147
f 2795/4508/3154 3337/4512/3155 4260/4513/3092 3282/4509/3091
f 2795/4508/3154 3314/4514/3156 4276/4515/3113 3337/4512/3155
f 2795/4508/3154 3335/4511/3147 4275/4516/3149 3314/4514/3156
f 2796/4517/3157 3290/4518/3101 4267/4504/3077 3336/4503/3151
f 2796/4517/3157 3338/4519/3158 4268/4520/2964 3290/4518/3101
f 2796/4517/3157 3322/4521/3159 4284/4522/3160 3338/4519/3158
f 2796/4517/3157 3336/4503/3151 4283/4506/3153 3322/4521/3159
f 2797/4523/3161 3283/4524/3107 4260/4513/3092 3337/4512/3155
f 2797/4523/3161 3339/4525/3162 4261/4526/3044 3283/4524/3107
f 2797/4523/3161 3315/4527/3112 4277/4528/3116 3339/4525/3162
f 2797/4523/3161 3337/4512/3155 4276/4515/3113 3315/4527/3112
f 2798/4529/3163 3291/4530/2962 4268/4520/2964 3338/4519/3158
f 2798/4529/3163 3340/4531/3164 4269/4532/2963 3291/4530/2962
f 2798/4529/3163 3323/4533/3165 4285/4534/3166 3340/4531/3164
f 2798/4529/3163 3338/4519/3158 4284/4522/3160 3323/4533/3165
f 2799/4535/3167 3284/4536/3042 4261/4526/3044 3339/4525/3162
f 2799/4535/3167 3341/4537/3168 4262/4538/3043 3284/4536/3042
f 2799/4535/3167 3316/4539/3169 4278/4540/3170 3341/4537/3168
f 2799/4535/3167 3339/4525/3162 4277/4528/3116 3316/4539/3169
f 2800/4541/3171 3292/4542/3058 4269/4532/2963 3340/4531/3164
f 2800/4541/3171 3328/4543/3121 4270/4544/3059 3292/4542/3058
f 2800/4541/3171 3324/4545/3172 4286/4546/3123 3328/4543/3121
f 2800/4541/3171 3340/4531/3164 4285/4534/3166 3324/4545/3172
f 2801/4547/3173 3285/4548/3070 4262/4549/3043 3341/4550/3168
f 2801/4547/3173 3330/4463/3125 4263/4462/3071 3285/4548/3070
f 2801/4547/3173 3317/4551/3174 4279/4468/3129 3330/4463/3125
f 2801/4547/3173 3341/4550/3168 4278/4552/3170 3317/4551/3174
f 2802/4553/3175 3352/4554/3176 4297/4555/3177 3391/4556/3178
f 2802/4553/3175 3390/4557/3179 4298/4558/3180 3352/4554/3176
f 2802/4553/3175 3384/4559/3181 4314/4560/3182 3390/4557/3179
f 2802/4553/3175 3391/4556/3178 4313/4561/3183 3384/4559/3181
f 2803/4562/3184 3323/4563/3165 4284/4564/3160 3361/4565/3185
f 2803/4562/3184 3360/4566/3186 4285/4567/3166 3323/4563/3165
f 2803/4562/3184 3355/4568/3187 4301/4569/3188 3360/4566/3186
f 2803/4562/3184 3361/4565/3185 4300/4570/3189 3355/4568/3187
f 2804/4571/3190 3316/4572/3169 4277/4450/3116 3358/4449/3115
f 2804/4571/3190 3362/4573/3191 4278/4574/3170 3316/4572/3169
f 2804/4571/3190 3348/4575/3192 4294/4576/3193 3362/4573/3191
f 2804/4571/3190 3358/4449/3115 4293/4452/3118 3348/4575/3192
f 2805/4577/3194 3324/4578/3172 4285/4567/3166 3360/4566/3186
f 2805/4577/3194 3363/4579/3195 4286/4580/3123 3324/4578/3172
f 2805/4577/3194 3356/4581/3196 4302/4582/3197 3363/4579/3195
f 2805/4577/3194 3360/4566/3186 4301/4569/3188 3356/4581/3196
f 2806/4583/3198 3317/4584/3174 4278/4574/3170 3362/4573/3191
f 2806/4583/3198 3364/4585/3199 4279/4586/3129 3317/4584/3174
f 2806/4583/3198 3349/4587/3200 4295/4588/3201 3364/4585/3199
f 2806/4583/3198 3362/4573/3191 4294/4576/3193 3349/4587/3200
f 2807/4589/3202 3310/4590/3024 4271/4591/3026 3366/4592/3203
f 2807/4589/3202 3365/4593/3204 4272/4594/3025 3310/4590/3024
f 2807/4589/3202 3342/4595/3205 4288/4596/3206 3365/4593/3204
f 2807/4589/3202 3366/4592/3203 4287/4597/3207 3342/4595/3205
f 2808/4598/3208 3325/4599/3122 4286/4580/3123 3363/4579/3195
f 2808/4598/3208 3366/4592/3203 4271/4591/3026 3325/4599/3122
f 2808/4598/3208 3357/4600/3209 4287/4597/3207 3366/4592/3203
f 2808/4598/3208 3363/4579/3195 4302/4582/3197 3357/4600/3209
f 2809/4601/3210 3318/4602/3127 4279/4586/3129 3364/4585/3199
f 2809/4601/3210 3367/4603/3211 4280/4604/3128 3318/4602/3127
f 2809/4601/3210 3350/4605/3212 4296/4606/3213 3367/4603/3211
f 2809/4601/3210 3364/4585/3199 4295/4588/3201 3350/4605/3212
f 2810/4607/3214 3311/4608/3132 4272/4594/3025 3365/4593/3204
f 2810/4607/3214 3368/4609/3215 4273/4610/3133 3311/4608/3132
f 2810/4607/3214 3343/4611/3216 4289/4612/3217 3368/4609/3215
f 2810/4607/3214 3365/4593/3204 4288/4596/3206 3343/4611/3216
f 2811/4613/3218 3319/4614/3136 4280/4604/3128 3367/4603/3211
f 2811/4613/3218 3369/4615/3219 4281/4616/3137 3319/4614/3136
f 2811/4613/3218 3351/4617/3220 4297/4555/3177 3369/4615/3219
f 2811/4613/3218 3367/4603/3211 4296/4606/3213 3351/4617/3220
f 2812/4618/3221 3312/4619/3140 4273/4610/3133 3368/4609/3215
f 2812/4618/3221 3370/4620/3222 4274/4621/3141 3312/4619/3140
f 2812/4618/3221 3344/4622/3223 4290/4623/3224 3370/4620/3222
f 2812/4618/3221 3368/4609/3215 4289/4612/3217 3344/4622/3223
f 2813/4624/3225 3320/4625/3144 4281/4616/3137 3369/4615/3219
f 2813/4624/3225 3371/4626/3226 4282/4627/3145 3320/4625/3144
f 2813/4624/3225 3352/4554/3176 4298/4558/3180 3371/4626/3226
f 2813/4624/3225 3369/4615/3219 4297/4555/3177 3352/4554/3176
f 2814/4628/3227 3313/4629/3148 4274/4621/3141 3370/4620/3222
f 2814/4628/3227 3372/4630/3228 4275/4631/3149 3313/4629/3148
f 2814/4628/3227 3345/4632/3229 4291/4633/3230 3372/4630/3228
f 2814/4628/3227 3370/4620/3222 4290/4623/3224 3345/4632/3229
f 2815/4634/3231 3321/4635/3152 4282/4627/3145 3371/4626/3226
f 2815/4634/3231 3373/4636/3232 4283/4637/3153 3321/4635/3152
f 2815/4634/3231 3353/4638/3233 4299/4639/3234 3373/4636/3232
f 2815/4634/3231 3371/4626/3226 4298/4558/3180 3353/4638/3233
f 2816/4640/3235 3314/4641/3156 4275/4631/3149 3372/4630/3228
f 2816/4640/3235 3359/4448/3114 4276/4447/3113 3314/4641/3156
f 2816/4640/3235 3346/4642/3236 4292/4453/3119 3359/4448/3114
f 2816/4640/3235 3372/4630/3228 4291/4633/3230 3346/4642/3236
f 2817/4643/3237 3322/4644/3159 4283/4637/3153 3373/4636/3232
f 2817/4643/3237 3361/4565/3185 4284/4564/3160 3322/4644/3159
f 2817/4643/3237 3354/4645/3238 4300/4570/3189 3361/4565/3185
f 2817/4643/3237 3373/4636/3232 4299/4639/3234 3354/4645/3238
f 2818/4646/3239 3380/4647/3240 4309/4648/3241 3423/4649/3242
f 2818/4646/3239 3422/4650/3243 4310/4651/3244 3380/4647/3240
f 2818/4646/3239 3412/4652/3245 4326/4653/3246 3422/4650/3243
f 2818/4646/3239 3423/4649/3242 4325/4654/3247 3412/4652/3245
f 2819/4655/3248 3345/4632/3229 4290/4623/3224 3393/4656/3249
f 2819/4655/3248 3392/4657/3250 4291/4633/3230 3345/4632/3229
f 2819/4655/3248 3377/4658/3251 4307/4659/3252 3392/4657/3250
f 2819/4655/3248 3393/4656/3249 4306/4660/3253 3377/4658/3251
f 2820/4661/3254 3353/4638/3233 4298/4558/3180 3390/4557/3179
f 2820/4661/3254 3394/4662/3255 4299/4639/3234 3353/4638/3233
f 2820/4661/3254 3385/4663/3256 4315/4664/3257 3394/4662/3255
f 2820/4661/3254 3390/4557/3179 4314/4560/3182 3385/4663/3256
f 2821/4665/3258 3346/4642/3236 4291/4633/3230 3392/4657/3250
f 2821/4665/3258 3395/4666/3259 4292/4453/3119 3346/4642/3236
f 2821/4665/3258 3378/4667/3260 4308/4668/3261 3395/4666/3259
f 2821/4665/3258 3392/4657/3250 4307/4659/3252 3378/4667/3260
f 2822/4669/3262 3354/4645/3238 4299/4639/3234 3394/4662/3255
f 2822/4669/3262 3396/4670/3263 4300/4570/3189 3354/4645/3238
f 2822/4669/3262 3386/4671/3264 4316/4672/3265 3396/4670/3263
f 2822/4669/3262 3394/4662/3255 4315/4664/3257 3386/4671/3264
f 2823/4673/3266 3347/4451/3117 4292/4453/3119 3395/4666/3259
f 2823/4673/3266 3397/4674/3267 4293/4452/3118 3347/4451/3117
f 2823/4673/3266 3379/4675/3268 4309/4676/3241 3397/4674/3267
f 2823/4673/3266 3395/4666/3259 4308/4668/3261 3379/4675/3268
f 2824/4677/3269 3355/4568/3187 4300/4570/3189 3396/4670/3263
f 2824/4677/3269 3398/4678/3270 4301/4569/3188 3355/4568/3187
f 2824/4677/3269 3387/4679/3271 4317/4680/3272 3398/4678/3270
f 2824/4677/3269 3396/4670/3263 4316/4672/3265 3387/4679/3271
f 2825/4681/3273 3348/4575/3192 4293/4452/3118 3397/4674/3267
f 2825/4681/3273 3399/4682/3274 4294/4576/3193 3348/4575/3192
f 2825/4681/3273 3380/4683/3240 4310/4684/3244 3399/4682/3274
f 2825/4681/3273 3397/4674/3267 4309/4676/3241 3380/4683/3240
f 2826/4685/3275 3356/4581/3196 4301/4569/3188 3398/4678/3270
f 2826/4685/3275 3400/4686/3276 4302/4582/3197 3356/4581/3196
f 2826/4685/3275 3388/4687/3277 4318/4688/3278 3400/4686/3276
f 2826/4685/3275 3398/4678/3270 4317/4680/3272 3388/4687/3277
f 2827/4689/3279 3349/4587/3200 4294/4576/3193 3399/4682/3274
f 2827/4689/3279 3401/4690/3280 4295/4588/3201 3349/4587/3200
f 2827/4689/3279 3381/4691/3281 4311/4692/3282 3401/4690/3280
f 2827/4689/3279 3399/4682/3274 4310/4684/3244 3381/4691/3281
f 2828/4693/3283 3342/4595/3205 4287/4597/3207 3403/4694/3284
f 2828/4693/3283 3402/4695/3285 4288/4596/3206 3342/4595/3205
f 2828/4693/3283 3374/4696/3286 4304/4697/3287 3402/4695/3285
f 2828/4693/3283 3403/4694/3284 4303/4698/3288 3374/4696/3286
f 2829/4699/3289 3357/4600/3209 4302/4582/3197 3400/4686/3276
f 2829/4699/3289 3403/4694/3284 4287/4597/3207 3357/4600/3209
f 2829/4699/3289 3389/4700/3290 4303/4698/3288 3403/4694/3284
f 2829/4699/3289 3400/4686/3276 4318/4688/3278 3389/4700/3290
f 2830/4701/3291 3350/4605/3212 4295/4588/3201 3401/4690/3280
f 2830/4701/3291 3404/4702/3292 4296/4606/3213 3350/4605/3212
f 2830/4701/3291 3382/4703/3293 4312/4704/3294 3404/4702/3292
f 2830/4701/3291 3401/4690/3280 4311/4692/3282 3382/4703/3293
f 2831/4705/3295 3343/4611/3216 4288/4596/3206 3402/4695/3285
f 2831/4705/3295 3405/4706/3296 4289/4612/3217 3343/4611/3216
f 2831/4705/3295 3375/4707/3297 4305/4708/3298 3405/4706/3296
f 2831/4705/3295 3402/4695/3285 4304/4697/3287 3375/4707/3297
f 2832/4709/3299 3351/4617/3220 4296/4606/3213 3404/4702/3292
f 2832/4709/3299 3391/4556/3178 4297/4555/3177 3351/4617/3220
f 2832/4709/3299 3383/4710/3300 4313/4561/3183 3391/4556/3178
f 2832/4709/3299 3404/4702/3292 4312/4704/3294 3383/4710/3300
f 2833/4711/3301 3344/4622/3223 4289/4612/3217 3405/4706/3296
f 2833/4711/3301 3393/4656/3249 4290/4623/3224 3344/4622/3223
f 2833/4711/3301 3376/4712/3302 4306/4660/3253 3393/4656/3249
f 2833/4711/3301 3405/4706/3296 4305/4708/3298 3376/4712/3302
f 2834/4713/3303 3406/4714/3304 4319/4715/3305 3421/4716/3306
f 2834/4713/3303 3407/4717/3307 4320/4718/3308 3406/4714/3304
f 2834/4713/3303 3408/4719/3309 4321/4720/3310 3407/4717/3307
f 2834/4713/3303 3409/4721/3311 4322/4722/3312 3408/4719/3309
f 2834/4713/3303 3410/4723/3313 4323/4724/3314 3409/4721/3311
f 2834/4713/3303 3411/4725/3315 4324/4726/3316 3410/4723/3313
f 2834/4713/3303 3412/4727/3245 4325/4728/3247 3411/4725/3315
f 2834/4713/3303 3413/4729/3317 4326/4730/3246 3412/4727/3245
f 2834/4713/3303 3414/4731/3318 4327/4732/3319 3413/4729/3317
f 2834/4713/3303 3415/4733/3320 4328/4734/3321 3414/4731/3318
f 2834/4713/3303 3416/4735/3322 4329/4736/3323 3415/4733/3320
f 2834/4713/3303 3417/4737/3324 4330/4738/3325 3416/4735/3322
f 2834/4713/3303 3418/4739/3326 4331/4740/3327 3417/4737/3324
f 2834/4713/3303 3419/4741/3328 4332/4742/3329 3418/4739/3326
f 2834/4713/3303 3420/4743/3330 4333/4744/3331 3419/4741/3328
f 2834/4713/3303 3421/4716/3306 4334/4745/3332 3420/4743/3330
f 2835/4746/3333 3388/4747/3277 4317/4748/3272 3425/4749/3334
f 2835/4746/3333 3424/4750/3335 4318/4751/3278 3388/4747/3277
f 2835/4746/3333 3420/4752/3330 4334/4753/3332 3424/4750/3335
f 2835/4746/3333 3425/4749/3334 4333/4754/3331 3420/4752/3330
f 2836/4755/3336 3381/4756/3281 4310/4651/3244 3422/4650/3243
f 2836/4755/3336 3426/4757/3337 4311/4758/3282 3381/4756/3281
f 2836/4755/3336 3413/4759/3317 4327/4760/3319 3426/4757/3337
f 2836/4755/3336 3422/4650/3243 4326/4653/3246 3413/4759/3317
f 2837/4761/3338 3374/4762/3286 4303/4763/3288 3428/4764/3339
f 2837/4761/3338 3427/4765/3340 4304/4766/3287 3374/4762/3286
f 2837/4761/3338 3406/4767/3304 4320/4768/3308 3427/4765/3340
f 2837/4761/3338 3428/4764/3339 4319/4769/3305 3406/4767/3304
f 2838/4770/3341 3389/4771/3290 4318/4772/3278 3424/4773/3335
f 2838/4770/3341 3428/4764/3339 4303/4763/3288 3389/4771/3290
f 2838/4770/3341 3421/4774/3306 4319/4769/3305 3428/4764/3339
f 2838/4770/3341 3424/4773/3335 4334/4775/3332 3421/4774/3306
f 2839/4776/3342 3382/4777/3293 4311/4778/3282 3426/4779/3337
f 2839/4776/3342 3429/4780/3343 4312/4781/3294 3382/4777/3293
f 2839/4776/3342 3414/4782/3318 4328/4783/3321 3429/4780/3343
f 2839/4776/3342 3426/4779/3337 4327/4784/3319 3414/4782/3318
f 2840/4785/3344 3375/4786/3297 4304/4766/3287 3427/4765/3340
f 2840/4785/3344 3430/4787/3345 4305/4788/3298 3375/4786/3297
f 2840/4785/3344 3407/4789/3307 4321/4790/3310 3430/4787/3345
f 2840/4785/3344 3427/4765/3340 4320/4768/3308 3407/4789/3307
f 2841/4791/3346 3383/4792/3300 4312/4781/3294 3429/4780/3343
f 2841/4791/3346 3431/4793/3347 4313/4794/3183 3383/4792/3300
f 2841/4791/3346 3415/4795/3320 4329/4796/3323 3431/4793/3347
f 2841/4791/3346 3429/4780/3343 4328/4783/3321 3415/4795/3320
f 2842/4797/3348 3376/4798/3302 4305/4788/3298 3430/4787/3345
f 2842/4797/3348 3432/4799/3349 4306/4800/3253 3376/4798/3302
f 2842/4797/3348 3408/4801/3309 4322/4802/3312 3432/4799/3349
f 2842/4797/3348 3430/4787/3345 4321/4790/3310 3408/4801/3309
f 2843/4803/3350 3384/4804/3181 4313/4794/3183 3431/4793/3347
f 2843/4803/3350 3433/4805/3351 4314/4806/3182 3384/4804/3181
f 2843/4803/3350 3416/4807/3322 4330/4808/3325 3433/4805/3351
f 2843/4803/3350 3431/4793/3347 4329/4796/3323 3416/4807/3322
f 2844/4809/3352 3377/4810/3251 4306/4811/3253 3432/4812/3349
f 2844/4809/3352 3434/4813/3353 4307/4814/3252 3377/4810/3251
f 2844/4809/3352 3409/4815/3311 4323/4816/3314 3434/4813/3353
f 2844/4809/3352 3432/4812/3349 4322/4817/3312 3409/4815/3311
f 2845/4818/3354 3385/4819/3256 4314/4806/3182 3433/4805/3351
f 2845/4818/3354 3435/4820/3355 4315/4821/3257 3385/4819/3256
f 2845/4818/3354 3417/4822/3324 4331/4823/3327 3435/4820/3355
f 2845/4818/3354 3433/4805/3351 4330/4808/3325 3417/4822/3324
f 2846/4824/3356 3378/4825/3260 4307/4814/3252 3434/4813/3353
f 2846/4824/3356 3436/4826/3357 4308/4827/3261 3378/4825/3260
f 2846/4824/3356 3410/4828/3313 4324/4829/3316 3436/4826/3357
f 2846/4824/3356 3434/4813/3353 4323/4816/3314 3410/4828/3313
f 2847/4830/3358 3386/4831/3264 4315/4832/3257 3435/4833/3355
f 2847/4830/3358 3437/4834/3359 4316/4835/3265 3386/4831/3264
f 2847/4830/3358 3418/4836/3326 4332/4837/3329 3437/4834/3359
f 2847/4830/3358 3435/4833/3355 4331/4838/3327 3418/4836/3326
f 2848/4839/3360 3379/4840/3268 4308/4827/3261 3436/4826/3357
f 2848/4839/3360 3423/4649/3242 4309/4648/3241 3379/4840/3268
f 2848/4839/3360 3411/4841/3315 4325/4654/3247 3423/4649/3242
f 2848/4839/3360 3436/4826/3357 4324/4829/3316 3411/4841/3315
f 2849/4842/3361 3387/4843/3271 4316/4835/3265 3437/4834/3359
f 2849/4842/3361 3425/4749/3334 4317/4748/3272 3387/4843/3271
f 2849/4842/3361 3419/4844/3328 4333/4754/3331 3425/4749/3334
f 2849/4842/3361 3437/4834/3359 4332/4837/3329 3419/4844/3328
f 2850/4845/3362 3465/4846/3363 4437/4847/3364 3634/4848/3365
f 2850/4845/3362 3467/4849/3366 4364/4850/3367 3465/4846/3363
f 2850/4845/3362 3603/4851/3368 4336/4852/3369 3467/4849/3366
f 2850/4845/3362 3634/4848/3365 4422/4853/3370 3603/4851/3368
f 2851/4854/3371 3466/4855/3372 4364/4850/3367 3467/4849/3366
f 2851/4854/3371 3468/4348/3017 4365/4297/2970 3466/4855/3372
f 2851/4854/3371 3439/4856/3373 4335/4345/3014 3468/4348/3017
f 2851/4854/3371 3467/4849/3366 4336/4852/3369 3439/4856/3373
f 2852/4857/3374 3603/4851/3368 4422/4853/3370 3633/4858/3375
f 2852/4857/3374 3469/4859/3376 4336/4852/3369 3603/4851/3368
f 2852/4857/3374 3604/4860/3377 4338/4861/3378 3469/4859/3376
f 2852/4857/3374 3633/4858/3375 4423/4862/3379 3604/4860/3377
f 2853/4863/3380 3439/4856/3373 4336/4852/3369 3469/4859/3376
f 2853/4863/3380 3470/4346/3015 4335/4345/3014 3439/4856/3373
f 2853/4863/3380 3441/4864/3381 4337/4341/3010 3470/4346/3015
f 2853/4863/3380 3469/4859/3376 4338/4861/3378 3441/4864/3381
f 2854/4865/3382 3604/4860/3377 4423/4862/3379 3632/4866/3383
f 2854/4865/3382 3471/4867/3384 4338/4861/3378 3604/4860/3377
f 2854/4865/3382 3605/4868/3385 4340/4869/3386 3471/4867/3384
f 2854/4865/3382 3632/4866/3383 4424/4870/3387 3605/4868/3385
f 2855/4871/3388 3441/4864/3381 4338/4861/3378 3471/4867/3384
f 2855/4871/3388 3472/4342/3011 4337/4341/3010 3441/4864/3381
f 2855/4871/3388 3443/4872/3389 4339/4335/3006 3472/4342/3011
f 2855/4871/3388 3471/4867/3384 4340/4869/3386 3443/4872/3389
f 2856/4873/3390 3605/4868/3385 4424/4870/3387 3631/4874/3391
f 2856/4873/3390 3473/4875/3392 4340/4869/3386 3605/4868/3385
f 2856/4873/3390 3606/4876/3393 4342/4877/3394 3473/4875/3392
f 2856/4873/3390 3631/4874/3391 4425/4878/3395 3606/4876/3393
f 2857/4879/3396 3443/4872/3389 4340/4869/3386 3473/4875/3392
f 2857/4879/3396 3474/4336/3007 4339/4335/3006 3443/4872/3389
f 2857/4879/3396 3445/4880/3397 4341/4338/3001 3474/4336/3007
f 2857/4879/3396 3473/4875/3392 4342/4877/3394 3445/4880/3397
f 2858/4881/3398 3606/4882/3393 4425/4883/3395 3630/4884/3399
f 2858/4881/3398 3475/4885/3400 4342/4886/3394 3606/4882/3393
f 2858/4881/3398 3607/4887/3401 4344/4888/3402 3475/4885/3400
f 2858/4881/3398 3630/4884/3399 4426/4889/3403 3607/4887/3401
f 2859/4890/3404 3445/4891/3397 4342/4886/3394 3475/4885/3400
f 2859/4890/3404 3476/4331/3002 4341/4330/3001 3445/4891/3397
f 2859/4890/3404 3447/4892/3405 4343/4324/2995 3476/4331/3002
f 2859/4890/3404 3475/4885/3400 4344/4888/3402 3447/4892/3405
f 2860/4893/3406 3607/4887/3401 4426/4889/3403 3629/4894/3407
f 2860/4893/3406 3477/4895/3408 4344/4888/3402 3607/4887/3401
f 2860/4893/3406 3608/4896/3409 4346/4897/3410 3477/4895/3408
f 2860/4893/3406 3629/4894/3407 4427/4898/3411 3608/4896/3409
f 2861/4899/3412 3477/4900/3408 4346/4901/3410 4119/4902/3413
f 2861/4899/3412 4118/4903/3414 4344/4904/3402 3477/4900/3408
f 2861/4899/3412 4116/4905/3415 4687/4906/3416 4118/4903/3414
f 2861/4899/3412 4119/4902/3413 4689/4907/3417 4116/4905/3415
f 2862/4908/3418 3608/4896/3409 4427/4898/3411 3628/4909/3419
f 2862/4908/3418 3479/4910/3420 4346/4897/3410 3608/4896/3409
f 2862/4908/3418 3609/4911/3421 4348/4912/3422 3479/4910/3420
f 2862/4908/3418 3628/4909/3419 4428/4913/3423 3609/4911/3421
f 2863/4914/3424 3449/4915/3425 4346/4897/3410 3479/4910/3420
f 2863/4914/3424 3480/4319/2990 4345/4318/2989 3449/4915/3425
f 2863/4914/3424 3451/4916/3426 4347/4321/2992 3480/4319/2990
f 2863/4914/3424 3479/4910/3420 4348/4912/3422 3451/4916/3426
f 2864/4917/3427 3609/4911/3421 4428/4913/3423 3627/4918/3428
f 2864/4917/3427 3481/4919/3429 4348/4912/3422 3609/4911/3421
f 2864/4917/3427 3610/4920/3430 4350/4921/3431 3481/4919/3429
f 2864/4917/3427 3627/4918/3428 4429/4922/3432 3610/4920/3430
f 2865/4923/3433 3451/4924/3426 4348/4925/3422 3481/4926/3429
f 2865/4923/3433 3482/4927/3434 4347/4928/2992 3451/4924/3426
f 2865/4923/3433 3452/4929/3435 4349/4930/3436 3482/4927/3434
f 2865/4923/3433 3481/4926/3429 4350/4931/3431 3452/4929/3435
f 2866/4932/3437 3610/4933/3430 4429/4934/3432 3626/4935/3438
f 2866/4932/3437 3483/4936/3439 4350/4931/3431 3610/4933/3430
f 2866/4932/3437 3611/4937/3440 4352/4938/3441 3483/4936/3439
f 2866/4932/3437 3626/4935/3438 4430/4939/3442 3611/4937/3440
f 2867/4940/3443 3452/4929/3435 4350/4931/3431 3483/4936/3439
f 2867/4940/3443 3484/4941/3444 4349/4930/3436 3452/4929/3435
f 2867/4940/3443 3453/4942/3445 4351/4943/3446 3484/4941/3444
f 2867/4940/3443 3483/4936/3439 4352/4938/3441 3453/4942/3445
f 2868/4944/3447 3611/4937/3440 4430/4939/3442 3625/4945/3448
f 2868/4944/3447 3485/4946/3449 4352/4938/3441 3611/4937/3440
f 2868/4944/3447 3612/4947/3450 4354/4948/3451 3485/4946/3449
f 2868/4944/3447 3625/4945/3448 4431/4949/3452 3612/4947/3450
f 2869/4950/3453 3453/4942/3445 4352/4938/3441 3485/4946/3449
f 2869/4950/3453 3486/4951/3454 4351/4943/3446 3453/4942/3445
f 2869/4950/3453 3454/4952/3455 4353/4953/3456 3486/4951/3454
f 2869/4950/3453 3485/4946/3449 4354/4948/3451 3454/4952/3455
f 2870/4954/3457 3612/4947/3450 4431/4949/3452 3624/4955/3458
f 2870/4954/3457 3487/4956/3459 4354/4948/3451 3612/4947/3450
f 2870/4954/3457 3613/4957/3460 4356/4958/3461 3487/4956/3459
f 2870/4954/3457 3624/4955/3458 4432/4959/3462 3613/4957/3460
f 2871/4960/3463 3454/4952/3455 4354/4948/3451 3487/4956/3459
f 2871/4960/3463 3488/4961/3464 4353/4953/3456 3454/4952/3455
f 2871/4960/3463 3456/4962/3465 4355/4963/2985 3488/4961/3464
f 2871/4960/3463 3487/4956/3459 4356/4958/3461 3456/4962/3465
f 2872/4964/3466 3613/4965/3460 4432/4966/3462 3623/4967/3467
f 2872/4964/3466 3489/4968/3468 4356/4969/3461 3613/4965/3460
f 2872/4964/3466 3614/4970/3469 4358/4971/3470 3489/4968/3468
f 2872/4964/3466 3623/4967/3467 4433/4972/3471 3614/4970/3469
f 2873/4973/3472 3456/4974/3465 4356/4969/3461 3489/4968/3468
f 2873/4973/3472 3490/4315/2986 4355/4314/2985 3456/4974/3465
f 2873/4973/3472 3458/4975/3473 4357/4310/2981 3490/4315/2986
f 2873/4973/3472 3489/4968/3468 4358/4971/3470 3458/4975/3473
f 2874/4976/3474 3614/4970/3469 4433/4972/3471 3622/4977/3475
f 2874/4976/3474 3491/4978/3476 4358/4971/3470 3614/4970/3469
f 2874/4976/3474 3615/4979/3477 4360/4980/3478 3491/4978/3476
f 2874/4976/3474 3622/4977/3475 4434/4981/3479 3615/4979/3477
f 2875/4982/3480 3458/4975/3473 4358/4971/3470 3491/4978/3476
f 2875/4982/3480 3492/4311/2982 4357/4310/2981 3458/4975/3473
f 2875/4982/3480 3460/4983/3481 4359/4306/2977 3492/4311/2982
f 2875/4982/3480 3491/4978/3476 4360/4980/3478 3460/4983/3481
f 2876/4984/3482 3615/4979/3477 4434/4981/3479 3621/4985/3483
f 2876/4984/3482 3493/4986/3484 4360/4980/3478 3615/4979/3477
f 2876/4984/3482 3616/4987/3485 4362/4988/3486 3493/4986/3484
f 2876/4984/3482 3621/4985/3483 4435/4989/3487 3616/4987/3485
f 2877/4990/3488 3460/4983/3481 4360/4980/3478 3493/4986/3484
f 2877/4990/3488 3494/4307/2978 4359/4306/2977 3460/4983/3481
f 2877/4990/3488 3462/4991/3489 4361/4300/2973 3494/4307/2978
f 2877/4990/3488 3493/4986/3484 4362/4988/3486 3462/4991/3489
f 2878/4992/3490 3730/4993/3491 4477/4994/3492 3681/4995/3493
f 2878/4992/3490 3648/4996/3494 4476/4997/3495 3730/4993/3491
f 2878/4992/3490 3642/4998/3496 4444/4999/3497 3648/4996/3494
f 2878/4992/3490 3681/4995/3493 4440/5000/3498 3642/4998/3496
f 2879/5001/3499 3725/5002/3500 4467/5003/3501 3671/5004/3502
f 2879/5001/3499 3464/5005/3503 4451/5006/3504 3725/5002/3500
f 2879/5001/3499 3645/5007/3505 4446/5008/3506 3464/5005/3503
f 2879/5001/3499 3671/5004/3502 4442/5009/3507 3645/5007/3505
f 2880/5010/3508 3720/5011/3509 4466/5012/3510 3617/5013/3511
f 2880/5010/3508 3495/5014/3512 4456/5015/3513 3720/5011/3509
f 2880/5010/3508 3635/5016/3514 4438/5017/3515 3495/5014/3512
f 2880/5010/3508 3617/5013/3511 4439/5018/3516 3635/5016/3514
f 2881/5019/3517 3715/5020/3518 4457/5021/3519 3661/5022/3520
f 2881/5019/3517 3617/5013/3511 4466/5012/3510 3715/5020/3518
f 2881/5019/3517 3643/5023/3521 4439/5018/3516 3617/5013/3511
f 2881/5019/3517 3661/5022/3520 4445/5024/3522 3643/5023/3521
f 2882/5025/3523 3536/5026/3524 4380/2125/1562 3505/2124/1561
f 2882/5025/3523 3506/5027/3525 4381/5028/3526 3536/5026/3524
f 2882/5025/3523 3499/5029/3527 4367/5030/3528 3506/5027/3525
f 2882/5025/3523 3505/2124/1561 4366/2131/1568 3499/5029/3527
f 2883/5031/3529 3535/5032/3530 4381/5028/3526 3506/5027/3525
f 2883/5031/3529 3507/5033/3531 4382/5034/3532 3535/5032/3530
f 2883/5031/3529 3500/5035/3533 4368/5036/3534 3507/5033/3531
f 2883/5031/3529 3506/5027/3525 4367/5030/3528 3500/5035/3533
f 2884/5037/3535 3534/5038/3536 4382/5034/3532 3507/5033/3531
f 2884/5037/3535 3508/5039/3537 4383/5040/3538 3534/5038/3536
f 2884/5037/3535 3501/5041/3539 4369/5042/3540 3508/5039/3537
f 2884/5037/3535 3507/5033/3531 4368/5036/3534 3501/5041/3539
f 2885/5043/3541 3533/5044/3542 4383/5040/3538 3508/5039/3537
f 2885/5043/3541 3509/5045/3543 4384/5046/3544 3533/5044/3542
f 2885/5043/3541 3502/5047/3545 4370/5048/3546 3509/5045/3543
f 2885/5043/3541 3508/5039/3537 4369/5042/3540 3502/5047/3545
f 2886/5049/3547 3450/4320/2991 4347/4321/2992 3784/5050/3548
f 2886/5049/3547 3783/2152/1589 4249/1408/1019 3450/4320/2991
f 2886/5049/3547 3775/5051/3549 4509/2153/1590 3783/2152/1589
f 2886/5049/3547 3784/5050/3548 4510/5052/3550 3775/5051/3549
f 2887/5053/3551 3518/5054/3552 4379/2158/1595 3782/2157/1594
f 2887/5053/3551 3516/5055/3553 4378/5056/3554 3518/5054/3552
f 2887/5053/3551 3780/5057/3555 4513/5058/3556 3516/5055/3553
f 2887/5053/3551 3782/2157/1594 4514/2164/1601 3780/5057/3555
f 2888/5059/3557 3484/4941/3444 4351/4943/3446 3514/5060/3558
f 2888/5059/3557 3515/5061/3559 4349/4930/3436 3484/4941/3444
f 2888/5059/3557 3520/5062/3560 4377/5063/3561 3515/5061/3559
f 2888/5059/3557 3514/5060/3558 4376/5064/3562 3520/5062/3560
f 2889/5065/3563 3486/4951/3454 4353/4953/3456 3513/5066/3564
f 2889/5065/3563 3514/5060/3558 4351/4943/3446 3486/4951/3454
f 2889/5065/3563 3521/5067/3565 4376/5064/3562 3514/5060/3558
f 2889/5065/3563 3513/5066/3564 4375/5068/3566 3521/5067/3565
f 2890/5069/3567 3488/4961/3464 4355/4963/2985 3512/5070/3568
f 2890/5069/3567 3513/5066/3564 4353/4953/3456 3488/4961/3464
f 2890/5069/3567 3522/5071/3569 4375/5068/3566 3513/5066/3564
f 2890/5069/3567 3512/5070/3568 4374/5072/3570 3522/5071/3569
f 2891/5073/3571 3455/4313/2984 4250/1400/1011 3511/2180/1617
f 2891/5073/3571 3512/5074/3568 4355/4314/2985 3455/4313/2984
f 2891/5073/3571 3523/5075/3572 4374/5076/3570 3512/5074/3568
f 2891/5073/3571 3511/2180/1617 4373/2184/1619 3523/5075/3572
f 2892/5077/3573 3518/5078/3552 4378/5079/3554 3529/5080/3574
f 2892/5077/3573 3530/2190/1622 4379/2189/1595 3518/5078/3552
f 2892/5077/3573 3531/5081/3575 4386/2191/1623 3530/2190/1622
f 2892/5077/3573 3529/5080/3574 4385/5082/3576 3531/5081/3575
f 2893/5083/3577 3519/5084/3578 4377/5063/3561 3528/5085/3579
f 2893/5083/3577 3529/5086/3574 4378/5087/3554 3519/5084/3578
f 2893/5083/3577 3532/5088/3580 4385/5089/3576 3529/5086/3574
f 2893/5083/3577 3528/5085/3579 4384/5046/3544 3532/5088/3580
f 2894/5090/3581 3520/5062/3560 4376/5064/3562 3527/5091/3582
f 2894/5090/3581 3528/5085/3579 4377/5063/3561 3520/5062/3560
f 2894/5090/3581 3533/5044/3542 4384/5046/3544 3528/5085/3579
f 2894/5090/3581 3527/5091/3582 4383/5040/3538 3533/5044/3542
f 2895/5092/3583 3521/5067/3565 4375/5068/3566 3526/5093/3584
f 2895/5092/3583 3527/5091/3582 4376/5064/3562 3521/5067/3565
f 2895/5092/3583 3534/5038/3536 4383/5040/3538 3527/5091/3582
f 2895/5092/3583 3526/5093/3584 4382/5034/3532 3534/5038/3536
f 2896/5094/3585 3522/5071/3569 4374/5072/3570 3525/5095/3586
f 2896/5094/3585 3526/5093/3584 4375/5068/3566 3522/5071/3569
f 2896/5094/3585 3535/5032/3530 4382/5034/3532 3526/5093/3584
f 2896/5094/3585 3525/5095/3586 4381/5028/3526 3535/5032/3530
f 2897/5096/3587 3523/5097/3572 4373/2209/1619 3524/2208/1637
f 2897/5096/3587 3525/5095/3586 4374/5072/3570 3523/5097/3572
f 2897/5096/3587 3536/5026/3524 4381/5028/3526 3525/5095/3586
f 2897/5096/3587 3524/2208/1637 4380/2125/1562 3536/5026/3524
f 2898/5098/3588 3575/5099/3589 4411/5100/3590 3596/5101/3591
f 2898/5098/3588 3598/5102/3592 4415/5103/3593 3575/5099/3589
f 2898/5098/3588 3541/5104/3594 4392/5105/3595 3598/5102/3592
f 2898/5098/3588 3596/5101/3591 4391/5106/3596 3541/5104/3594
f 2899/5107/3597 3561/5108/3598 4403/5109/3599 3592/5110/3600
f 2899/5107/3597 3594/5111/3601 4407/5112/3602 3561/5108/3598
f 2899/5107/3597 3539/5113/3603 4390/5114/3604 3594/5111/3601
f 2899/5107/3597 3592/5110/3600 4389/5115/3605 3539/5113/3603
f 2900/5116/3606 3582/5117/3607 4415/5103/3593 3598/5102/3592
f 2900/5116/3606 3600/2232/1659 4418/2231/1658 3582/5117/3607
f 2900/5116/3606 3542/5118/3608 4393/5119/3609 3600/2232/1659
f 2900/5116/3606 3598/5102/3592 4392/5105/3595 3542/5118/3608
f 2901/5120/3610 3568/5121/3611 4407/5112/3602 3594/5111/3601
f 2901/5120/3610 3596/5122/3591 4411/5123/3590 3568/5121/3611
f 2901/5120/3610 3540/5124/3612 4391/5125/3596 3596/5122/3591
f 2901/5120/3610 3594/5111/3601 4390/5114/3604 3540/5124/3612
f 2902/5126/3613 3554/5127/3614 4399/5128/3615 3589/5129/3616
f 2902/5126/3613 3592/5130/3600 4403/5131/3599 3554/5127/3614
f 2902/5126/3613 3538/5132/3617 4389/5133/3605 3592/5130/3600
f 2902/5126/3613 3589/5129/3616 4388/5134/3618 3538/5132/3617
f 2903/5135/3619 3504/5136/3620 4371/5137/3621 3599/5138/3622
f 2903/5135/3619 3601/2255/1676 4372/2254/1675 3504/5136/3620
f 2903/5135/3619 3587/5139/3623 4419/2256/1677 3601/2255/1676
f 2903/5135/3619 3599/5138/3622 4414/5140/3624 3587/5139/3623
f 2904/5141/3625 3502/5142/3545 4369/5143/3540 3595/5144/3626
f 2904/5141/3625 3597/5145/3627 4370/5146/3546 3502/5142/3545
f 2904/5141/3625 3573/5147/3628 4410/5148/3629 3597/5145/3627
f 2904/5141/3625 3595/5144/3626 4406/5149/3630 3573/5147/3628
f 2905/5150/3631 3500/5151/3533 4367/5152/3528 3591/5153/3632
f 2905/5150/3631 3593/5154/3633 4368/5155/3534 3500/5151/3533
f 2905/5150/3631 3559/5156/3634 4402/5157/3635 3593/5154/3633
f 2905/5150/3631 3591/5153/3632 4398/5158/3636 3559/5156/3634
f 2906/5159/3637 3503/5160/3638 4370/5146/3546 3597/5145/3627
f 2906/5159/3637 3599/5161/3622 4371/5162/3621 3503/5160/3638
f 2906/5159/3637 3580/5163/3639 4414/5164/3624 3599/5161/3622
f 2906/5159/3637 3597/5145/3627 4410/5148/3629 3580/5163/3639
f 2907/5165/3640 3501/5166/3539 4368/5155/3534 3593/5154/3633
f 2907/5165/3640 3595/5144/3626 4369/5143/3540 3501/5166/3539
f 2907/5165/3640 3566/5167/3641 4406/5149/3630 3595/5144/3626
f 2907/5165/3640 3593/5154/3633 4402/5157/3635 3566/5167/3641
f 2908/5168/3642 3499/5169/3527 4366/2288/1568 3590/2287/1698
f 2908/5168/3642 3591/5170/3632 4367/5171/3528 3499/5169/3527
f 2908/5168/3642 3552/5172/3643 4398/5173/3636 3591/5170/3632
f 2908/5168/3642 3590/2287/1698 4394/2294/1700 3552/5172/3643
f 2909/5174/3644 3544/5175/3645 4399/5176/3615 3543/5177/3646
f 2909/5174/3644 3545/2300/1705 4395/2299/1704 3544/5175/3645
f 2909/5174/3644 3546/5178/3647 4397/2301/1706 3545/2300/1705
f 2909/5174/3644 3543/5177/3646 4401/5179/3648 3546/5178/3647
f 2910/5180/3649 3546/5178/3647 4401/5179/3648 3547/5181/3650
f 2910/5180/3649 3548/2306/1711 4397/2301/1706 3546/5178/3647
f 2910/5180/3649 3549/5182/3651 4396/2307/1712 3548/2306/1711
f 2910/5180/3649 3547/5181/3650 4400/5183/3652 3549/5182/3651
f 2911/5184/3653 3549/5182/3651 4400/5183/3652 3550/5185/3654
f 2911/5184/3653 3551/2312/1717 4396/2307/1712 3549/5182/3651
f 2911/5184/3653 3552/5172/3643 4394/2294/1700 3551/2312/1717
f 2911/5184/3653 3550/5185/3654 4398/5173/3636 3552/5172/3643
f 2912/5186/3655 3554/5187/3614 4403/5109/3599 3553/5188/3656
f 2912/5186/3655 3543/5189/3646 4399/5190/3615 3554/5187/3614
f 2912/5186/3655 3555/5191/3657 4401/5192/3648 3543/5189/3646
f 2912/5186/3655 3553/5188/3656 4405/5193/3658 3555/5191/3657
f 2913/5194/3659 3555/5191/3657 4405/5193/3658 3556/5195/3660
f 2913/5194/3659 3547/5196/3650 4401/5192/3648 3555/5191/3657
f 2913/5194/3659 3557/5197/3661 4400/5198/3652 3547/5196/3650
f 2913/5194/3659 3556/5195/3660 4404/5199/3662 3557/5197/3661
f 2914/5200/3663 3557/5197/3661 4404/5199/3662 3558/5201/3664
f 2914/5200/3663 3550/5202/3654 4400/5198/3652 3557/5197/3661
f 2914/5200/3663 3559/5156/3634 4398/5158/3636 3550/5202/3654
f 2914/5200/3663 3558/5201/3664 4402/5157/3635 3559/5156/3634
f 2915/5203/3665 3561/5108/3598 4407/5112/3602 3560/5204/3666
f 2915/5203/3665 3553/5188/3656 4403/5109/3599 3561/5108/3598
f 2915/5203/3665 3562/5205/3667 4405/5193/3658 3553/5188/3656
f 2915/5203/3665 3560/5204/3666 4409/5206/3668 3562/5205/3667
f 2916/5207/3669 3562/5205/3667 4409/5206/3668 3563/5208/3670
f 2916/5207/3669 3556/5195/3660 4405/5193/3658 3562/5205/3667
f 2916/5207/3669 3564/5209/3671 4404/5199/3662 3556/5195/3660
f 2916/5207/3669 3563/5208/3670 4408/5210/3672 3564/5209/3671
f 2917/5211/3673 3564/5209/3671 4408/5210/3672 3565/5212/3674
f 2917/5211/3673 3558/5201/3664 4404/5199/3662 3564/5209/3671
f 2917/5211/3673 3566/5167/3641 4402/5157/3635 3558/5201/3664
f 2917/5211/3673 3565/5212/3674 4406/5149/3630 3566/5167/3641
f 2918/5213/3675 3568/5121/3611 4411/5123/3590 3567/5214/3676
f 2918/5213/3675 3560/5204/3666 4407/5112/3602 3568/5121/3611
f 2918/5213/3675 3569/5215/3677 4409/5206/3668 3560/5204/3666
f 2918/5213/3675 3567/5214/3676 4413/5216/3678 3569/5215/3677
f 2919/5217/3679 3569/5215/3677 4413/5216/3678 3570/5218/3680
f 2919/5217/3679 3563/5208/3670 4409/5206/3668 3569/5215/3677
f 2919/5217/3679 3571/5219/3681 4408/5210/3672 3563/5208/3670
f 2919/5217/3679 3570/5218/3680 4412/5220/3682 3571/5219/3681
f 2920/5221/3683 3571/5219/3681 4412/5220/3682 3572/5222/3684
f 2920/5221/3683 3565/5212/3674 4408/5210/3672 3571/5219/3681
f 2920/5221/3683 3573/5147/3628 4406/5149/3630 3565/5212/3674
f 2920/5221/3683 3572/5222/3684 4410/5148/3629 3573/5147/3628
f 2921/5223/3685 3575/5224/3589 4415/5225/3593 3574/5226/3686
f 2921/5223/3685 3567/5227/3676 4411/5228/3590 3575/5224/3589
f 2921/5223/3685 3576/5229/3687 4413/5230/3678 3567/5227/3676
f 2921/5223/3685 3574/5226/3686 4417/5231/3688 3576/5229/3687
f 2922/5232/3689 3576/5233/3687 4417/5234/3688 3577/5235/3690
f 2922/5232/3689 3570/5218/3680 4413/5216/3678 3576/5233/3687
f 2922/5232/3689 3578/5236/3691 4412/5220/3682 3570/5218/3680
f 2922/5232/3689 3577/5235/3690 4416/5237/3692 3578/5236/3691
f 2923/5238/3693 3578/5236/3691 4416/5237/3692 3579/5239/3694
f 2923/5238/3693 3572/5222/3684 4412/5220/3682 3578/5236/3691
f 2923/5238/3693 3580/5163/3639 4410/5148/3629 3572/5222/3684
f 2923/5238/3693 3579/5239/3694 4414/5164/3624 3580/5163/3639
f 2924/5240/3695 3582/5241/3607 4418/2369/1658 3581/2368/1759
f 2924/5240/3695 3574/5226/3686 4415/5225/3593 3582/5241/3607
f 2924/5240/3695 3583/5242/3696 4417/5231/3688 3574/5226/3686
f 2924/5240/3695 3581/2368/1759 4420/2372/1761 3583/5242/3696
f 2925/5243/3697 3583/5242/3696 4420/2372/1761 3584/2374/1763
f 2925/5243/3697 3577/5244/3690 4417/5231/3688 3583/5242/3696
f 2925/5243/3697 3585/5245/3698 4416/5246/3692 3577/5244/3690
f 2925/5243/3697 3584/2374/1763 4421/2378/1765 3585/5245/3698
f 2926/5247/3699 3585/5245/3698 4421/2378/1765 3586/2380/1767
f 2926/5247/3699 3579/5248/3694 4416/5246/3692 3585/5245/3698
f 2926/5247/3699 3587/5139/3623 4414/5140/3624 3579/5248/3694
f 2926/5247/3699 3586/2380/1767 4419/2256/1677 3587/5139/3623
f 2927/5249/3700 3544/5250/3645 4395/2384/1704 3588/2383/1769
f 2927/5249/3700 3589/5129/3616 4399/5128/3615 3544/5250/3645
f 2927/5249/3700 3537/5251/3701 4388/5134/3618 3589/5129/3616
f 2927/5249/3700 3588/2383/1769 4387/5252/3702 3537/5251/3701
f 2928/5253/3703 3509/5045/3543 4370/5048/3546 3503/5254/3638
f 2928/5253/3703 3532/5088/3580 4384/5046/3544 3509/5045/3543
f 2928/5253/3703 3602/5255/3704 4385/5089/3576 3532/5088/3580
f 2928/5253/3703 3503/5254/3638 4371/5256/3621 3602/5255/3704
f 2929/5257/3705 3602/5258/3704 4371/5259/3621 3504/5260/3620
f 2929/5257/3705 3531/5081/3575 4385/5082/3576 3602/5258/3704
f 2929/5257/3705 3510/2396/1775 4386/2191/1623 3531/5081/3575
f 2929/5257/3705 3504/5260/3620 4372/2397/1675 3510/2396/1775
f 2930/5261/3706 3263/5262/3707 4241/5263/3057 3264/5264/3085
f 2930/5261/3706 3619/5265/3708 4436/5266/3709 3263/5262/3707
f 2930/5261/3706 3618/5267/3710 4437/4847/3364 3619/5265/3708
f 2930/5261/3706 3264/5264/3085 4226/5268/3080 3618/5267/3710
f 2931/5269/3711 3261/5270/3712 4240/5271/2961 3262/5272/3055
f 2931/5269/3711 3620/5273/3713 4435/4989/3487 3261/5270/3712
f 2931/5269/3711 3263/5274/3707 4436/5275/3709 3620/5273/3713
f 2931/5269/3711 3262/5272/3055 4241/5276/3057 3263/5274/3707
f 2932/5277/3714 3259/5278/3715 4239/5279/2958 3260/5280/2957
f 2932/5277/3714 3621/4985/3483 4434/4981/3479 3259/5278/3715
f 2932/5277/3714 3261/5270/3712 4435/4989/3487 3621/4985/3483
f 2932/5277/3714 3260/5280/2957 4240/5271/2961 3261/5270/3712
f 2933/5281/3716 3257/5282/3717 4238/5283/3075 3258/5284/3100
f 2933/5281/3716 3622/4977/3475 4433/4972/3471 3257/5282/3717
f 2933/5281/3716 3259/5278/3715 4434/4981/3479 3622/4977/3475
f 2933/5281/3716 3258/5284/3100 4239/5279/2958 3259/5278/3715
f 2934/5285/3718 3255/5286/3719 4237/5287/3050 3256/5288/3073
f 2934/5285/3718 3623/4967/3467 4432/4966/3462 3255/5286/3719
f 2934/5285/3718 3257/5282/3717 4433/4972/3471 3623/4967/3467
f 2934/5285/3718 3256/5288/3073 4238/5283/3075 3257/5282/3717
f 2935/5289/3720 3253/5290/3721 4236/5291/3047 3254/5292/3046
f 2935/5289/3720 3624/4955/3458 4431/4949/3452 3253/5290/3721
f 2935/5289/3720 3255/5293/3719 4432/4959/3462 3624/4955/3458
f 2935/5289/3720 3254/5292/3046 4237/5294/3050 3255/5293/3719
f 2936/5295/3722 3251/5296/3723 4235/5297/3096 3252/5298/3109
f 2936/5295/3722 3625/4945/3448 4430/4939/3442 3251/5296/3723
f 2936/5295/3722 3253/5290/3721 4431/4949/3452 3625/4945/3448
f 2936/5295/3722 3252/5298/3109 4236/5291/3047 3253/5290/3721
f 2937/5299/3724 3249/5300/3725 4234/5301/3069 3250/5302/3094
f 2937/5299/3724 3626/4935/3438 4429/4934/3432 3249/5300/3725
f 2937/5299/3724 3251/5296/3723 4430/4939/3442 3626/4935/3438
f 2937/5299/3724 3250/5302/3094 4235/5297/3096 3251/5296/3723
f 2938/5303/3726 3247/5304/3727 4233/5305/3041 3248/5306/3067
f 2938/5303/3726 3627/4918/3428 4428/4913/3423 3247/5304/3727
f 2938/5303/3726 3249/5307/3725 4429/4922/3432 3627/4918/3428
f 2938/5303/3726 3248/5306/3067 4234/5308/3069 3249/5307/3725
f 2939/5309/3728 3245/5310/3729 4232/5311/3038 3246/5312/3037
f 2939/5309/3728 3628/4909/3419 4427/4898/3411 3245/5310/3729
f 2939/5309/3728 3247/5304/3727 4428/4913/3423 3628/4909/3419
f 2939/5309/3728 3246/5312/3037 4233/5305/3041 3247/5304/3727
f 2940/5313/3730 3243/5314/3731 4231/5315/3090 3244/5316/3106
f 2940/5313/3730 3629/4894/3407 4426/4889/3403 3243/5314/3731
f 2940/5313/3730 3245/5310/3729 4427/4898/3411 3629/4894/3407
f 2940/5313/3730 3244/5316/3106 4232/5311/3038 3245/5310/3729
f 2941/5317/3732 3241/5318/3733 4230/5319/3063 3242/5320/3088
f 2941/5317/3732 3630/4884/3399 4425/4883/3395 3241/5318/3733
f 2941/5317/3732 3243/5314/3731 4426/4889/3403 3630/4884/3399
f 2941/5317/3732 3242/5320/3088 4231/5315/3090 3243/5314/3731
f 2942/5321/3734 3239/5322/3735 4229/5323/3032 3240/5324/3061
f 2942/5321/3734 3631/4874/3391 4424/4870/3387 3239/5322/3735
f 2942/5321/3734 3241/5325/3733 4425/4878/3395 3631/4874/3391
f 2942/5321/3734 3240/5324/3061 4230/5326/3063 3241/5325/3733
f 2943/5327/3736 3237/5328/3737 4228/5329/3029 3238/5330/3028
f 2943/5327/3736 3632/4866/3383 4423/4862/3379 3237/5328/3737
f 2943/5327/3736 3239/5322/3735 4424/4870/3387 3632/4866/3383
f 2943/5327/3736 3238/5330/3028 4229/5323/3032 3239/5322/3735
f 2944/5331/3738 3235/5332/3739 4227/5333/3083 3236/5334/3103
f 2944/5331/3738 3633/4858/3375 4422/4853/3370 3235/5332/3739
f 2944/5331/3738 3237/5328/3737 4423/4862/3379 3633/4858/3375
f 2944/5331/3738 3236/5334/3103 4228/5329/3029 3237/5328/3737
f 2945/5335/3740 3618/5267/3710 4226/5268/3080 3234/5336/3079
f 2945/5335/3740 3634/4848/3365 4437/4847/3364 3618/5267/3710
f 2945/5335/3740 3235/5332/3739 4422/4853/3370 3634/4848/3365
f 2945/5335/3740 3234/5336/3079 4227/5333/3083 3235/5332/3739
f 2946/5337/3741 3762/5338/3742 4502/5339/3743 3754/5340/3744
f 2946/5337/3741 3745/5341/3745 4501/5342/3746 3762/5338/3742
f 2946/5337/3741 3738/5343/3747 4493/5344/3748 3745/5341/3745
f 2946/5337/3741 3754/5340/3744 4489/5345/3749 3738/5343/3747
f 2947/5346/3750 3743/5347/3751 4499/5348/3752 3772/5349/3753
f 2947/5346/3750 3771/5350/3754 4487/5351/3755 3743/5347/3751
f 2947/5346/3750 3766/5352/3756 4505/5353/3757 3771/5350/3754
f 2947/5346/3750 3772/5349/3753 4507/5354/3758 3766/5352/3756
f 2948/5355/3759 3760/5356/3760 4441/5357/3761 3747/5358/3762
f 2948/5355/3759 3639/5359/3763 4496/5360/3764 3760/5356/3760
f 2948/5355/3759 3742/5361/3765 4494/5362/3766 3639/5359/3763
f 2948/5355/3759 3747/5358/3762 4495/5363/3767 3742/5361/3765
f 2949/5364/3768 3759/5365/3769 4497/5366/3770 3749/5367/3771
f 2949/5364/3768 3644/5368/3772 4498/5369/3773 3759/5365/3769
f 2949/5364/3768 3733/5370/3774 4491/5371/3775 3644/5368/3772
f 2949/5364/3768 3749/5367/3771 4492/5372/3776 3733/5370/3774
f 2950/5373/3777 3710/5374/3778 4482/5375/3779 3686/5376/3780
f 2950/5373/3777 3671/5377/3502 4467/5378/3501 3710/5374/3778
f 2950/5373/3777 3637/5379/3781 4442/5380/3507 3671/5377/3502
f 2950/5373/3777 3686/5376/3780 4443/5381/3782 3637/5379/3781
f 2951/5382/3783 3705/5383/3784 4456/5384/3513 3495/5385/3512
f 2951/5382/3783 3681/4995/3493 4477/4994/3492 3705/5383/3784
f 2951/5382/3783 3640/5386/3785 4440/5000/3498 3681/4995/3493
f 2951/5382/3783 3495/5385/3512 4438/5387/3515 3640/5386/3785
f 2952/5388/3786 3700/5389/3787 4451/5006/3504 3464/5005/3503
f 2952/5388/3786 3661/5390/3520 4457/5391/3519 3700/5389/3787
f 2952/5388/3786 3646/5392/3788 4445/5393/3522 3661/5390/3520
f 2952/5388/3786 3464/5005/3503 4446/5008/3506 3646/5392/3788
f 2953/5394/3789 3695/5395/3790 4476/5396/3495 3648/5397/3494
f 2953/5394/3789 3686/5376/3780 4482/5375/3779 3695/5395/3790
f 2953/5394/3789 3638/5398/3791 4443/5381/3782 3686/5376/3780
f 2953/5394/3789 3648/5397/3494 4444/5399/3497 3638/5398/3791
f 2954/5400/3792 3466/4855/3372 4365/4297/2970 3676/5401/3793
f 2954/5400/3792 3650/5402/3794 4364/4850/3367 3466/4855/3372
f 2954/5400/3792 3691/5403/3795 4486/5404/3796 3650/5402/3794
f 2954/5400/3792 3676/5401/3793 4472/5405/3797 3691/5403/3795
f 2955/5406/3798 3691/5403/3795 4472/5405/3797 3677/5407/3799
f 2955/5406/3798 3690/5408/3800 4486/5404/3796 3691/5403/3795
f 2955/5406/3798 3692/5409/3801 4485/5410/3802 3690/5408/3800
f 2955/5406/3798 3677/5407/3799 4473/5411/3803 3692/5409/3801
f 2956/5412/3804 3692/5409/3801 4473/5411/3803 3678/5413/3805
f 2956/5412/3804 3689/5414/3806 4485/5410/3802 3692/5409/3801
f 2956/5412/3804 3693/5415/3807 4484/5416/3808 3689/5414/3806
f 2956/5412/3804 3678/5413/3805 4474/5417/3809 3693/5415/3807
f 2957/5418/3810 3693/5415/3807 4474/5417/3809 3679/5419/3811
f 2957/5418/3810 3688/5420/3812 4484/5416/3808 3693/5415/3807
f 2957/5418/3810 3694/5421/3813 4483/5422/3814 3688/5420/3812
f 2957/5418/3810 3679/5419/3811 4475/5423/3815 3694/5421/3813
f 2958/5424/3816 3694/5425/3813 4475/5426/3815 3680/5427/3817
f 2958/5424/3816 3687/5428/3818 4483/5429/3814 3694/5425/3813
f 2958/5424/3816 3695/5395/3790 4482/5375/3779 3687/5428/3818
f 2958/5424/3816 3680/5427/3817 4476/5396/3495 3695/5395/3790
f 2959/5430/3819 3620/5431/3713 4436/5432/3709 3651/5433/3820
f 2959/5430/3819 3497/5434/3821 4435/5435/3487 3620/5431/3713
f 2959/5430/3819 3696/5436/3822 4461/5437/3823 3497/5434/3821
f 2959/5430/3819 3651/5433/3820 4447/5438/3824 3696/5436/3822
f 2960/5439/3825 3696/5436/3822 4447/5438/3824 3652/5440/3826
f 2960/5439/3825 3665/5441/3827 4461/5437/3823 3696/5436/3822
f 2960/5439/3825 3697/5442/3828 4460/5443/3829 3665/5441/3827
f 2960/5439/3825 3652/5440/3826 4448/5444/3830 3697/5442/3828
f 2961/5445/3831 3697/5442/3828 4448/5444/3830 3653/5446/3832
f 2961/5445/3831 3664/5447/3833 4460/5443/3829 3697/5442/3828
f 2961/5445/3831 3698/5448/3834 4459/5449/3835 3664/5447/3833
f 2961/5445/3831 3653/5446/3832 4449/5450/3836 3698/5448/3834
f 2962/5451/3837 3698/5448/3834 4449/5450/3836 3654/5452/3838
f 2962/5451/3837 3663/5453/3839 4459/5449/3835 3698/5448/3834
f 2962/5451/3837 3699/5454/3840 4458/5455/3841 3663/5453/3839
f 2962/5451/3837 3654/5452/3838 4450/5456/3842 3699/5454/3840
f 2963/5457/3843 3699/5454/3840 4450/5456/3842 3655/5458/3844
f 2963/5457/3843 3662/5459/3845 4458/5455/3841 3699/5454/3840
f 2963/5457/3843 3700/5389/3787 4457/5391/3519 3662/5459/3845
f 2963/5457/3843 3655/5458/3844 4451/5006/3504 3700/5389/3787
f 2964/5460/3846 3496/5461/2974 4361/5462/2973 3656/5463/3847
f 2964/5460/3846 3649/5464/3848 4363/5465/2967 3496/5461/2974
f 2964/5460/3846 3701/5466/3849 4481/5467/3850 3649/5464/3848
f 2964/5460/3846 3656/5463/3847 4452/5468/3851 3701/5466/3849
f 2965/5469/3852 3701/5466/3849 4452/5468/3851 3657/5470/3853
f 2965/5469/3852 3685/5471/3854 4481/5467/3850 3701/5466/3849
f 2965/5469/3852 3702/5472/3855 4480/5473/3856 3685/5471/3854
f 2965/5469/3852 3657/5470/3853 4453/5474/3857 3702/5472/3855
f 2966/5475/3858 3702/5472/3855 4453/5474/3857 3658/5476/3859
f 2966/5475/3858 3684/5477/3860 4480/5473/3856 3702/5472/3855
f 2966/5475/3858 3703/5478/3861 4479/5479/3862 3684/5477/3860
f 2966/5475/3858 3658/5476/3859 4454/5480/3863 3703/5478/3861
f 2967/5481/3864 3703/5478/3861 4454/5480/3863 3659/5482/3865
f 2967/5481/3864 3683/5483/3866 4479/5479/3862 3703/5478/3861
f 2967/5481/3864 3704/5484/3867 4478/5485/3868 3683/5483/3866
f 2967/5481/3864 3659/5482/3865 4455/5486/3869 3704/5484/3867
f 2968/5487/3870 3704/5484/3867 4455/5486/3869 3660/5488/3871
f 2968/5487/3870 3682/5489/3872 4478/5485/3868 3704/5484/3867
f 2968/5487/3870 3705/5383/3784 4477/4994/3492 3682/5489/3872
f 2968/5487/3870 3660/5488/3871 4456/5384/3513 3705/5383/3784
f 2969/5490/3873 3465/4846/3363 4364/4850/3367 3650/5402/3794
f 2969/5490/3873 3647/5491/3874 4437/4847/3364 3465/4846/3363
f 2969/5490/3873 3706/5492/3875 4471/5493/3876 3647/5491/3874
f 2969/5490/3873 3650/5402/3794 4486/5404/3796 3706/5492/3875
f 2970/5494/3877 3706/5492/3875 4486/5404/3796 3690/5408/3800
f 2970/5494/3877 3675/5495/3878 4471/5493/3876 3706/5492/3875
f 2970/5494/3877 3707/5496/3879 4470/5497/3880 3675/5495/3878
f 2970/5494/3877 3690/5408/3800 4485/5410/3802 3707/5496/3879
f 2971/5498/3881 3707/5496/3879 4485/5410/3802 3689/5414/3806
f 2971/5498/3881 3674/5499/3882 4470/5497/3880 3707/5496/3879
f 2971/5498/3881 3708/5500/3883 4469/5501/3884 3674/5499/3882
f 2971/5498/3881 3689/5414/3806 4484/5416/3808 3708/5500/3883
f 2972/5502/3885 3708/5500/3883 4484/5416/3808 3688/5420/3812
f 2972/5502/3885 3673/5503/3886 4469/5501/3884 3708/5500/3883
f 2972/5502/3885 3709/5504/3887 4468/5505/3888 3673/5503/3886
f 2972/5502/3885 3688/5420/3812 4483/5422/3814 3709/5504/3887
f 2973/5506/3889 3709/5507/3887 4483/5429/3814 3687/5428/3818
f 2973/5506/3889 3672/5508/3890 4468/5509/3888 3709/5507/3887
f 2973/5506/3889 3710/5374/3778 4467/5378/3501 3672/5508/3890
f 2973/5506/3889 3687/5428/3818 4482/5375/3779 3710/5374/3778
f 2974/5510/3891 3616/4987/3485 4435/4989/3487 3497/5511/3821
f 2974/5510/3891 3666/5512/3892 4362/4988/3486 3616/4987/3485
f 2974/5510/3891 3711/5513/3893 4462/5514/3894 3666/5512/3892
f 2974/5510/3891 3497/5511/3821 4461/5515/3823 3711/5513/3893
f 2975/5516/3895 3711/5517/3893 4461/5518/3823 3665/5519/3827
f 2975/5516/3895 3667/5520/3896 4462/5521/3894 3711/5517/3893
f 2975/5516/3895 3712/5522/3897 4463/5523/3898 3667/5520/3896
f 2975/5516/3895 3665/5519/3827 4460/5524/3829 3712/5522/3897
f 2976/5525/3899 3712/5522/3897 4460/5524/3829 3664/5526/3833
f 2976/5525/3899 3668/5527/3900 4463/5523/3898 3712/5522/3897
f 2976/5525/3899 3713/5528/3901 4464/5529/3902 3668/5527/3900
f 2976/5525/3899 3664/5526/3833 4459/5530/3835 3713/5528/3901
f 2977/5531/3903 3713/5528/3901 4459/5530/3835 3663/5532/3839
f 2977/5531/3903 3669/5533/3904 4464/5529/3902 3713/5528/3901
f 2977/5531/3903 3714/5534/3905 4465/5535/3906 3669/5533/3904
f 2977/5531/3903 3663/5532/3839 4458/5536/3841 3714/5534/3905
f 2978/5537/3907 3714/5538/3905 4458/5539/3841 3662/5540/3845
f 2978/5537/3907 3670/5541/3908 4465/5542/3906 3714/5538/3905
f 2978/5537/3907 3715/5020/3518 4466/5012/3510 3670/5541/3908
f 2978/5537/3907 3662/5540/3845 4457/5021/3519 3715/5020/3518
f 2979/5543/3909 3462/4991/3489 4362/4988/3486 3666/5512/3892
f 2979/5543/3909 3656/5544/3847 4361/4300/2973 3462/4991/3489
f 2979/5543/3909 3716/5545/3910 4452/5546/3851 3656/5544/3847
f 2979/5543/3909 3666/5512/3892 4462/5514/3894 3716/5545/3910
f 2980/5547/3911 3716/5548/3910 4462/5521/3894 3667/5520/3896
f 2980/5547/3911 3657/5549/3853 4452/5550/3851 3716/5548/3910
f 2980/5547/3911 3717/5551/3912 4453/5552/3857 3657/5549/3853
f 2980/5547/3911 3667/5520/3896 4463/5523/3898 3717/5551/3912
f 2981/5553/3913 3717/5551/3912 4463/5523/3898 3668/5527/3900
f 2981/5553/3913 3658/5554/3859 4453/5552/3857 3717/5551/3912
f 2981/5553/3913 3718/5555/3914 4454/5556/3863 3658/5554/3859
f 2981/5553/3913 3668/5527/3900 4464/5529/3902 3718/5555/3914
f 2982/5557/3915 3718/5555/3914 4464/5529/3902 3669/5533/3904
f 2982/5557/3915 3659/5558/3865 4454/5556/3863 3718/5555/3914
f 2982/5557/3915 3719/5559/3916 4455/5560/3869 3659/5558/3865
f 2982/5557/3915 3669/5533/3904 4465/5535/3906 3719/5559/3916
f 2983/5561/3917 3719/5562/3916 4465/5542/3906 3670/5541/3908
f 2983/5561/3917 3660/5563/3871 4455/5564/3869 3719/5562/3916
f 2983/5561/3917 3720/5011/3509 4456/5015/3513 3660/5563/3871
f 2983/5561/3917 3670/5541/3908 4466/5012/3510 3720/5011/3509
f 2984/5565/3918 3619/5566/3708 4437/5567/3364 3647/5568/3874
f 2984/5565/3918 3651/5433/3820 4436/5432/3709 3619/5566/3708
f 2984/5565/3918 3721/5569/3919 4447/5438/3824 3651/5433/3820
f 2984/5565/3918 3647/5568/3874 4471/5570/3876 3721/5569/3919
f 2985/5571/3920 3721/5569/3919 4471/5570/3876 3675/5572/3878
f 2985/5571/3920 3652/5440/3826 4447/5438/3824 3721/5569/3919
f 2985/5571/3920 3722/5573/3921 4448/5444/3830 3652/5440/3826
f 2985/5571/3920 3675/5572/3878 4470/5574/3880 3722/5573/3921
f 2986/5575/3922 3722/5573/3921 4470/5574/3880 3674/5576/3882
f 2986/5575/3922 3653/5446/3832 4448/5444/3830 3722/5573/3921
f 2986/5575/3922 3723/5577/3923 4449/5450/3836 3653/5446/3832
f 2986/5575/3922 3674/5576/3882 4469/5578/3884 3723/5577/3923
f 2987/5579/3924 3723/5577/3923 4469/5578/3884 3673/5580/3886
f 2987/5579/3924 3654/5452/3838 4449/5450/3836 3723/5577/3923
f 2987/5579/3924 3724/5581/3925 4450/5456/3842 3654/5452/3838
f 2987/5579/3924 3673/5580/3886 4468/5582/3888 3724/5581/3925
f 2988/5583/3926 3724/5581/3925 4468/5582/3888 3672/5584/3890
f 2988/5583/3926 3655/5458/3844 4450/5456/3842 3724/5581/3925
f 2988/5583/3926 3725/5002/3500 4451/5006/3504 3655/5458/3844
f 2988/5583/3926 3672/5584/3890 4467/5003/3501 3725/5002/3500
f 2989/5585/3927 3498/5586/2968 4363/5465/2967 3649/5464/3848
f 2989/5585/3927 3676/5587/3793 4365/5588/2970 3498/5586/2968
f 2989/5585/3927 3726/5589/3928 4472/5590/3797 3676/5587/3793
f 2989/5585/3927 3649/5464/3848 4481/5467/3850 3726/5589/3928
f 2990/5591/3929 3726/5589/3928 4481/5467/3850 3685/5471/3854
f 2990/5591/3929 3677/5592/3799 4472/5590/3797 3726/5589/3928
f 2990/5591/3929 3727/5593/3930 4473/5594/3803 3677/5592/3799
f 2990/5591/3929 3685/5471/3854 4480/5473/3856 3727/5593/3930
f 2991/5595/3931 3727/5593/3930 4480/5473/3856 3684/5477/3860
f 2991/5595/3931 3678/5596/3805 4473/5594/3803 3727/5593/3930
f 2991/5595/3931 3728/5597/3932 4474/5598/3809 3678/5596/3805
f 2991/5595/3931 3684/5477/3860 4479/5479/3862 3728/5597/3932
f 2992/5599/3933 3728/5597/3932 4479/5479/3862 3683/5483/3866
f 2992/5599/3933 3679/5600/3811 4474/5598/3809 3728/5597/3932
f 2992/5599/3933 3729/5601/3934 4475/5602/3815 3679/5600/3811
f 2992/5599/3933 3683/5483/3866 4478/5485/3868 3729/5601/3934
f 2993/5603/3935 3729/5601/3934 4478/5485/3868 3682/5489/3872
f 2993/5603/3935 3680/5604/3817 4475/5602/3815 3729/5601/3934
f 2993/5603/3935 3730/4993/3491 4476/4997/3495 3680/5604/3817
f 2993/5603/3935 3682/5489/3872 4477/4994/3492 3730/4993/3491
f 2994/5605/3936 3739/5606/3937 4494/5607/3766 3742/5608/3765
f 2994/5605/3936 3735/5609/3938 4488/5610/3939 3739/5606/3937
f 2994/5605/3936 3740/5611/3940 4490/5612/3941 3735/5609/3938
f 2994/5605/3936 3742/5608/3765 4495/5613/3767 3740/5611/3940
f 2995/5614/3942 3731/5615/3943 4488/5610/3939 3735/5609/3938
f 2995/5614/3942 3736/5616/3944 4487/5617/3755 3731/5615/3943
f 2995/5614/3942 3732/5618/3945 4489/5619/3749 3736/5616/3944
f 2995/5614/3942 3735/5609/3938 4490/5612/3941 3732/5618/3945
f 2996/5620/3946 3740/5621/3940 4495/5622/3767 3741/5623/3947
f 2996/5620/3946 3737/5624/3948 4490/5625/3941 3740/5621/3940
f 2996/5620/3946 3733/5370/3774 4492/5372/3776 3737/5624/3948
f 2996/5620/3946 3741/5623/3947 4491/5371/3775 3733/5370/3774
f 2997/5626/3949 3732/5627/3945 4490/5625/3941 3737/5624/3948
f 2997/5626/3949 3738/5628/3747 4489/5629/3749 3732/5627/3945
f 2997/5626/3949 3734/5630/3950 4493/5631/3748 3738/5628/3747
f 2997/5626/3949 3737/5624/3948 4492/5372/3776 3734/5630/3950
f 2998/5632/3951 3758/5633/3952 4499/5348/3752 3743/5347/3751
f 2998/5632/3951 3754/5340/3744 4502/5339/3743 3758/5633/3952
f 2998/5632/3951 3736/5634/3944 4489/5345/3749 3754/5340/3744
f 2998/5632/3951 3743/5347/3751 4487/5351/3755 3736/5634/3944
f 2999/5635/3953 3757/5636/3954 4501/5637/3746 3745/5638/3745
f 2999/5635/3953 3749/5367/3771 4497/5366/3770 3757/5636/3954
f 2999/5635/3953 3734/5630/3950 4492/5372/3776 3749/5367/3771
f 2999/5635/3953 3745/5638/3745 4493/5631/3748 3734/5630/3950
f 3000/5639/3955 3756/5640/3956 4498/5641/3773 3644/5642/3772
f 3000/5639/3955 3747/5358/3762 4441/5357/3761 3756/5640/3956
f 3000/5639/3955 3741/5643/3947 4495/5363/3767 3747/5358/3762
f 3000/5639/3955 3644/5642/3772 4491/5644/3775 3741/5643/3947
f 3001/5645/3957 3639/5359/3763 4494/5362/3766 3770/5646/3958
f 3001/5645/3957 3752/5647/3959 4496/5360/3764 3639/5359/3763
f 3001/5645/3957 3763/5648/3960 4503/5649/3961 3752/5647/3959
f 3001/5645/3957 3770/5646/3958 4504/5650/3962 3763/5648/3960
f 3002/5651/3963 3643/5652/3521 4445/5653/3522 3748/5654/3964
f 3002/5651/3963 3744/5655/3965 4439/5656/3516 3643/5652/3521
f 3002/5651/3963 3755/5657/3966 4500/5658/3967 3744/5655/3965
f 3002/5651/3963 3748/5654/3964 4496/5659/3764 3755/5657/3966
f 3003/5660/3968 3645/5007/3505 4442/5009/3507 3750/5661/3969
f 3003/5660/3968 3636/5662/3970 4446/5008/3506 3645/5007/3505
f 3003/5660/3968 3756/5640/3956 4441/5357/3761 3636/5662/3970
f 3003/5660/3968 3750/5661/3969 4498/5641/3773 3756/5640/3956
f 3004/5663/3971 3638/5664/3791 4444/5665/3497 3753/5666/3972
f 3004/5663/3971 3641/5667/3973 4443/5668/3782 3638/5664/3791
f 3004/5663/3971 3757/5636/3954 4497/5366/3770 3641/5667/3973
f 3004/5663/3971 3753/5666/3972 4501/5637/3746 3757/5636/3954
f 3005/5669/3974 3640/5386/3785 4438/5387/3515 3751/5670/3975
f 3005/5669/3974 3746/5671/3976 4440/5000/3498 3640/5386/3785
f 3005/5669/3974 3758/5633/3952 4502/5339/3743 3746/5671/3976
f 3005/5669/3974 3751/5670/3975 4499/5348/3752 3758/5633/3952
f 3006/5672/3977 3637/5673/3781 4443/5668/3782 3641/5667/3973
f 3006/5672/3977 3750/5674/3969 4442/5675/3507 3637/5673/3781
f 3006/5672/3977 3759/5365/3769 4498/5369/3773 3750/5674/3969
f 3006/5672/3977 3641/5667/3973 4497/5366/3770 3759/5365/3769
f 3007/5676/3978 3646/5392/3788 4446/5008/3506 3636/5662/3970
f 3007/5676/3978 3748/5677/3964 4445/5393/3522 3646/5392/3788
f 3007/5676/3978 3760/5356/3760 4496/5360/3764 3748/5677/3964
f 3007/5676/3978 3636/5662/3970 4441/5357/3761 3760/5356/3760
f 3008/5678/3979 3635/5679/3514 4439/5656/3516 3744/5655/3965
f 3008/5678/3979 3751/5680/3975 4438/5681/3515 3635/5679/3514
f 3008/5678/3979 3761/5682/3980 4499/5683/3752 3751/5680/3975
f 3008/5678/3979 3744/5655/3965 4500/5658/3967 3761/5682/3980
f 3009/5684/3981 3642/4998/3496 4440/5000/3498 3746/5671/3976
f 3009/5684/3981 3753/5685/3972 4444/4999/3497 3642/4998/3496
f 3009/5684/3981 3762/5338/3742 4501/5342/3746 3753/5685/3972
f 3009/5684/3981 3746/5671/3976 4502/5339/3743 3762/5338/3742
f 3010/5686/3982 3769/5687/3983 4508/5688/3984 3767/5689/3985
f 3010/5686/3982 3766/5690/3756 4507/5691/3758 3769/5687/3983
f 3010/5686/3982 3764/5692/3986 4505/5693/3757 3766/5690/3756
f 3010/5686/3982 3767/5689/3985 4506/5694/3987 3764/5692/3986
f 3011/5695/3988 3768/5696/3989 4503/5697/3961 3763/5698/3960
f 3011/5695/3988 3767/5689/3985 4508/5688/3984 3768/5696/3989
f 3011/5695/3988 3765/5699/3990 4506/5694/3987 3767/5689/3985
f 3011/5695/3988 3763/5698/3960 4504/5700/3962 3765/5699/3990
f 3012/5701/3991 3761/5702/3980 4500/5703/3967 3773/5704/3992
f 3012/5701/3991 3772/5705/3753 4499/5706/3752 3761/5702/3980
f 3012/5701/3991 3769/5707/3983 4507/5708/3758 3772/5705/3753
f 3012/5701/3991 3773/5704/3992 4508/5709/3984 3769/5707/3983
f 3013/5710/3993 3739/5606/3937 4488/5610/3939 3774/5711/3994
f 3013/5710/3993 3770/5712/3958 4494/5607/3766 3739/5606/3937
f 3013/5710/3993 3765/5699/3990 4504/5700/3962 3770/5712/3958
f 3013/5710/3993 3774/5711/3994 4506/5694/3987 3765/5699/3990
f 3014/5713/3995 3755/5714/3966 4496/5715/3764 3752/5716/3959
f 3014/5713/3995 3773/5704/3992 4500/5703/3967 3755/5714/3966
f 3014/5713/3995 3768/5717/3989 4508/5709/3984 3773/5704/3992
f 3014/5713/3995 3752/5716/3959 4503/5718/3961 3768/5717/3989
f 3015/5719/3996 3731/5615/3943 4487/5617/3755 3771/5720/3754
f 3015/5719/3996 3774/5711/3994 4488/5610/3939 3731/5615/3943
f 3015/5719/3996 3764/5692/3986 4506/5694/3987 3774/5711/3994
f 3015/5719/3996 3771/5720/3754 4505/5693/3757 3764/5692/3986
f 3016/5721/3997 3792/5722/3998 4510/5723/3550 3816/5724/3999
f 3016/5721/3997 3815/5725/4000 4516/5726/4001 3792/5722/3998
f 3016/5721/3997 3813/5727/4002 4531/5728/4003 3815/5725/4000
f 3016/5721/3997 3816/5724/3999 4530/5729/4004 3813/5727/4002
f 3017/5730/4005 3780/5731/3555 4514/2869/1601 3791/2868/2076
f 3017/5730/4005 3778/5732/4006 4513/5733/3556 3780/5731/3555
f 3017/5730/4005 3789/5734/4007 4519/5735/4008 3778/5732/4006
f 3017/5730/4005 3791/2868/2076 4520/2875/2080 3789/5734/4007
f 3018/5736/4009 3519/5737/3578 4378/5056/3554 3516/5055/3553
f 3018/5736/4009 3785/5738/4010 4377/5739/3561 3519/5737/3578
f 3018/5736/4009 3781/5740/4011 4512/5741/4012 3785/5738/4010
f 3018/5736/4009 3516/5055/3553 4513/5058/3556 3781/5740/4011
f 3019/5742/4013 3787/5743/4014 4516/5744/4001 3815/5745/4000
f 3019/5742/4013 3776/5746/4015 4517/5747/4016 3787/5743/4014
f 3019/5742/4013 3812/5748/4017 4532/5749/4018 3776/5746/4015
f 3019/5742/4013 3815/5745/4000 4531/5750/4003 3812/5748/4017
f 3020/5751/4019 3515/5752/3559 4377/5739/3561 3785/5738/4010
f 3020/5751/4019 3517/5753/4020 4349/5754/3436 3515/5752/3559
f 3020/5751/4019 3777/5755/4021 4511/5756/4022 3517/5753/4020
f 3020/5751/4019 3785/5738/4010 4512/5741/4012 3777/5755/4021
f 3021/5757/4023 3787/5758/4014 4517/5759/4016 3805/5760/4024
f 3021/5757/4023 3804/5761/4025 4516/5762/4001 3787/5758/4014
f 3021/5757/4023 3798/5763/4026 4522/5764/4027 3804/5761/4025
f 3021/5757/4023 3805/5760/4024 4523/5765/4028 3798/5763/4026
f 3022/5766/4029 3781/5767/4011 4513/5733/3556 3778/5732/4006
f 3022/5766/4029 3794/5768/4030 4512/5769/4012 3781/5767/4011
f 3022/5766/4029 3790/5770/4031 4518/5771/4032 3794/5768/4030
f 3022/5766/4029 3778/5732/4006 4519/5735/4008 3790/5770/4031
f 3023/5772/4033 3777/5755/4021 4512/5741/4012 3794/5773/4030
f 3023/5772/4033 3793/5774/4034 4511/5756/4022 3777/5755/4021
f 3023/5772/4033 3788/5775/4035 4517/5776/4016 3793/5774/4034
f 3023/5772/4033 3794/5773/4030 4518/5777/4032 3788/5775/4035
f 3024/5778/4036 3775/5779/3549 4510/5723/3550 3792/5722/3998
f 3024/5778/4036 3779/2921/2109 4509/2920/1590 3775/5779/3549
f 3024/5778/4036 3786/5780/4037 4515/2922/2110 3779/2921/2109
f 3024/5778/4036 3792/5722/3998 4516/5726/4001 3786/5780/4037
f 3025/5781/4038 3789/5734/4007 4520/2875/2080 3796/2925/2113
f 3025/5781/4038 3795/5782/4039 4519/5735/4008 3789/5734/4007
f 3025/5781/4038 3800/5783/4040 4526/5784/4041 3795/5782/4039
f 3025/5781/4038 3796/2925/2113 4525/2929/2117 3800/5783/4040
f 3026/5785/4042 3798/5786/4026 4523/5787/4028 3799/5788/4043
f 3026/5785/4042 3803/5789/4044 4522/5790/4027 3798/5786/4026
f 3026/5785/4042 3801/5791/4045 4526/5792/4041 3803/5789/4044
f 3026/5785/4042 3799/5788/4043 4524/5793/4046 3801/5791/4045
f 3027/5794/4047 3797/5795/4048 4522/5790/4027 3803/5789/4044
f 3027/5794/4047 3802/2942/2126 4521/2941/2125 3797/5795/4048
f 3027/5794/4047 3800/5796/4040 4525/2943/2117 3802/2942/2126
f 3027/5794/4047 3803/5789/4044 4526/5792/4041 3800/5796/4040
f 3028/5797/4049 3790/5770/4031 4519/5735/4008 3795/5782/4039
f 3028/5797/4049 3806/5798/4050 4518/5771/4032 3790/5770/4031
f 3028/5797/4049 3801/5799/4045 4524/5800/4046 3806/5798/4050
f 3028/5797/4049 3795/5782/4039 4526/5784/4041 3801/5799/4045
f 3029/5801/4051 3788/5802/4035 4518/5803/4032 3806/5804/4050
f 3029/5801/4051 3805/5760/4024 4517/5759/4016 3788/5802/4035
f 3029/5801/4051 3799/5805/4043 4523/5765/4028 3805/5760/4024
f 3029/5801/4051 3806/5804/4050 4524/5806/4046 3799/5805/4043
f 3030/5807/4052 3786/5780/4037 4516/5726/4001 3804/5808/4025
f 3030/5807/4052 3807/2957/2131 4515/2922/2110 3786/5780/4037
f 3030/5807/4052 3797/5809/4048 4521/2958/2125 3807/2957/2131
f 3030/5807/4052 3804/5808/4025 4522/5810/4027 3797/5809/4048
f 3031/5811/4053 3810/5812/4054 4529/5813/4055 3814/5814/4056
f 3031/5811/4053 3813/5727/4002 4530/5729/4004 3810/5812/4054
f 3031/5811/4053 3812/5815/4017 4531/5728/4003 3813/5727/4002
f 3031/5811/4053 3814/5814/4056 4532/5816/4018 3812/5815/4017
f 3032/5817/4057 3808/5818/4058 4528/5819/4059 3809/5820/4060
f 3032/5817/4057 3811/5821/4061 4527/5822/4062 3808/5818/4058
f 3032/5817/4057 3810/5812/4054 4530/5729/4004 3811/5821/4061
f 3032/5817/4057 3809/5820/4060 4529/5813/4055 3810/5812/4054
f 3033/5823/4063 3517/5753/4020 4511/5756/4022 3818/5824/4064
f 3033/5823/4063 3817/5825/4065 4349/5754/3436 3517/5753/4020
f 3033/5823/4063 3809/5826/4060 4528/5827/4059 3817/5825/4065
f 3033/5823/4063 3818/5824/4064 4529/5828/4055 3809/5826/4060
f 3034/5829/4066 3482/5830/3434 4349/5831/3436 3817/5832/4065
f 3034/5829/4066 3819/5833/4067 4347/4321/2992 3482/5830/3434
f 3034/5829/4066 3808/5834/4058 4527/5835/4062 3819/5833/4067
f 3034/5829/4066 3817/5832/4065 4528/5836/4059 3808/5834/4058
f 3035/5837/4068 3784/5050/3548 4347/4321/2992 3819/5833/4067
f 3035/5837/4068 3816/5838/3999 4510/5052/3550 3784/5050/3548
f 3035/5837/4068 3811/5839/4061 4530/5840/4004 3816/5838/3999
f 3035/5837/4068 3819/5833/4067 4527/5835/4062 3811/5839/4061
f 3036/5841/4069 3793/5842/4034 4517/5843/4016 3776/5844/4015
f 3036/5841/4069 3818/5845/4064 4511/5846/4022 3793/5842/4034
f 3036/5841/4069 3814/5814/4056 4529/5813/4055 3818/5845/4064
f 3036/5841/4069 3776/5844/4015 4532/5816/4018 3814/5814/4056
f 3037/5847/4070 3273/5848/3003 4247/5849/2998 3822/5850/4071
f 3037/5847/4070 3823/3002/2151 4246/3001/1032 3273/5848/3003
f 3037/5847/4070 3821/5851/4072 4533/3003/2152 3823/3002/2151
f 3037/5847/4070 3822/5850/4071 4534/5852/4073 3821/5851/4072
f 3038/5853/4074 3272/5854/2997 4248/3008/1017 3824/3007/2156
f 3038/5853/4074 3822/5850/4071 4247/5849/2998 3272/5854/2997
f 3038/5853/4074 3820/5855/4075 4534/5852/4073 3822/5850/4071
f 3038/5853/4074 3824/3007/2156 4535/3011/2158 3820/5855/4075
f 3039/5856/4076 3834/5857/4077 4539/5858/4078 3830/5859/4079
f 3039/5856/4076 3828/3017/2164 4540/3016/2163 3834/5857/4077
f 3039/5856/4076 3826/5860/4080 4536/3018/2165 3828/3017/2164
f 3039/5856/4076 3830/5859/4079 4537/5861/4081 3826/5860/4080
f 3040/5862/4082 3833/5863/4083 4541/3023/2170 3832/3022/2169
f 3040/5862/4082 3830/5859/4079 4539/5858/4078 3833/5863/4083
f 3040/5862/4082 3825/5864/4084 4537/5861/4081 3830/5859/4079
f 3040/5862/4082 3832/3022/2169 4538/3026/2173 3825/5864/4084
f 3041/5865/4085 3820/5855/4075 4535/3011/2158 3829/3028/2175
f 3041/5865/4085 3827/5866/4086 4534/5852/4073 3820/5855/4075
f 3041/5865/4085 3833/5863/4083 4539/5858/4078 3827/5866/4086
f 3041/5865/4085 3829/3028/2175 4541/3023/2170 3833/5863/4083
f 3042/5867/4087 3821/5851/4072 4534/5852/4073 3827/5866/4086
f 3042/5867/4087 3831/3031/2178 4533/3003/2152 3821/5851/4072
f 3042/5867/4087 3834/5857/4077 4540/3016/2163 3831/3031/2178
f 3042/5867/4087 3827/5866/4086 4539/5858/4078 3834/5857/4077
f 3043/5868/4088 3826/5869/4080 4537/5870/4081 3838/5871/4089
f 3043/5868/4088 3837/3037/2181 4536/3036/2165 3826/5869/4080
f 3043/5868/4088 3836/5872/4090 4542/3038/2182 3837/3037/2181
f 3043/5868/4088 3838/5871/4089 4572/5873/4091 3836/5872/4090
f 3044/5874/4092 3825/5875/4084 4538/3043/2173 3839/3042/2186
f 3044/5874/4092 3838/5876/4089 4537/5877/4081 3825/5875/4084
f 3044/5874/4092 3835/5878/4093 4572/5879/4091 3838/5876/4089
f 3044/5874/4092 3839/3042/2186 4544/3049/2188 3835/5878/4093
f 3045/5880/4094 3836/5881/4090 4572/5882/4091 3843/5883/4095
f 3045/5880/4094 3842/3055/2191 4542/3054/2182 3836/5881/4090
f 3045/5880/4094 3841/5884/4096 4545/3056/2192 3842/3055/2191
f 3045/5880/4094 3843/5883/4095 4573/5885/4097 3841/5884/4096
f 3046/5886/4098 3844/5887/4099 4576/5888/4100 3899/5889/4101
f 3046/5886/4098 3898/5890/4102 4574/5891/4103 3844/5887/4099
f 3046/5886/4098 3894/5892/4104 4577/5893/4105 3898/5890/4102
f 3046/5886/4098 3899/5889/4101 4575/5894/4106 3894/5892/4104
f 3047/5895/4107 3841/5884/4096 4573/5885/4097 3848/5896/4108
f 3047/5895/4107 3847/3070/2206 4545/3056/2192 3841/5884/4096
f 3047/5895/4107 3846/5897/4109 4548/3071/2207 3847/3070/2206
f 3047/5895/4107 3848/5896/4108 4549/5898/4110 3846/5897/4109
f 3048/5899/4111 3840/5900/4112 4547/3076/2212 3849/3075/2211
f 3048/5899/4111 3848/5901/4108 4573/5902/4097 3840/5900/4112
f 3048/5899/4111 3845/5903/4113 4549/5904/4110 3848/5901/4108
f 3048/5899/4111 3849/3075/2211 4550/3082/2215 3845/5903/4113
f 3049/5905/4114 3846/5906/4109 4549/5907/4110 3983/5908/4115
f 3049/5905/4114 3982/5909/4116 4548/3087/2207 3846/5906/4109
f 3049/5905/4114 3974/5910/4117 4616/5911/4118 3982/5909/4116
f 3049/5905/4114 3983/5908/4115 4617/5912/4119 3974/5910/4117
f 3050/5913/4120 3845/5903/4113 4550/3082/2215 3854/3093/2223
f 3050/5913/4120 3853/5914/4121 4549/5904/4110 3845/5903/4113
f 3050/5913/4120 3850/5915/4122 4552/5916/4123 3853/5914/4121
f 3050/5913/4120 3854/3093/2223 4553/3097/2227 3850/5915/4122
f 3051/5917/4124 3857/3101/2231 4551/3100/2230 3981/5918/4125
f 3051/5917/4124 3851/5919/4126 4554/3102/2232 3857/3101/2231
f 3051/5917/4124 3979/5920/4127 4620/5921/4128 3851/5919/4126
f 3051/5917/4124 3981/5918/4125 4618/5922/4129 3979/5920/4127
f 3052/5923/4130 3850/5924/4122 4553/3109/2227 3859/3108/2238
f 3052/5923/4130 3858/5925/4131 4552/5926/4123 3850/5924/4122
f 3052/5923/4130 3855/5927/4132 4555/5928/4133 3858/5925/4131
f 3052/5923/4130 3859/3108/2238 4556/3115/2242 3855/5927/4132
f 3053/5929/4134 3856/5930/4135 4555/5931/4133 3862/5932/4136
f 3053/5929/4134 3861/3120/2246 4554/3102/2232 3856/5930/4135
f 3053/5929/4134 3860/5933/4137 4557/3121/2247 3861/3120/2246
f 3053/5929/4134 3862/5932/4136 4558/5934/4138 3860/5933/4137
f 3054/5935/4139 3860/5933/4137 4558/5934/4138 3865/5936/4140
f 3054/5935/4139 3864/3126/2252 4557/3121/2247 3860/5933/4137
f 3054/5935/4139 3863/5937/4141 4559/3127/2253 3864/3126/2252
f 3054/5935/4139 3865/5936/4140 4560/5938/4142 3863/5937/4141
f 3055/5939/4143 3862/5940/4136 4555/5928/4133 3868/5941/4144
f 3055/5939/4143 3869/5942/4145 4558/5943/4138 3862/5940/4136
f 3055/5939/4143 3867/5944/4146 4563/5945/4147 3869/5942/4145
f 3055/5939/4143 3868/5941/4144 4561/5946/4148 3867/5944/4146
f 3056/5947/4149 3855/5927/4132 4556/3115/2242 3870/3139/2263
f 3056/5947/4149 3868/5941/4144 4555/5928/4133 3855/5927/4132
f 3056/5947/4149 3866/5948/4150 4561/5946/4148 3868/5941/4144
f 3056/5947/4149 3870/3139/2263 4562/3141/2265 3866/5948/4150
f 3057/5949/4151 3867/5944/4146 4561/5946/4148 3873/5950/4152
f 3057/5949/4151 3874/5951/4153 4563/5945/4147 3867/5944/4146
f 3057/5949/4151 3872/3146/2270 4566/3145/2269 3874/5951/4153
f 3057/5949/4151 3873/5950/4152 4564/3147/2271 3872/3146/2270
f 3058/5952/4154 3866/5948/4150 4562/3141/2265 3875/3149/2273
f 3058/5952/4154 3873/5950/4152 4561/5946/4148 3866/5948/4150
f 3058/5952/4154 3871/3150/2274 4564/3147/2271 3873/5950/4152
f 3058/5952/4154 3875/3149/2273 4565/3151/2275 3871/3150/2274
f 3059/5953/4155 3869/5942/4145 4563/5945/4147 3880/5954/4156
f 3059/5953/4155 3881/5955/4157 4558/5943/4138 3869/5942/4145
f 3059/5953/4155 3878/5956/4158 4567/5957/4159 3881/5955/4157
f 3059/5953/4155 3880/5954/4156 4570/5958/4160 3878/5956/4158
f 3060/5959/4161 3865/5960/4140 4558/5943/4138 3881/5955/4157
f 3060/5959/4161 3882/5961/4162 4560/5962/4142 3865/5960/4140
f 3060/5959/4161 3877/5963/4163 4569/5964/4164 3882/5961/4162
f 3060/5959/4161 3881/5955/4157 4567/5957/4159 3877/5963/4163
f 3061/5965/4165 3863/5966/4141 4560/5962/4142 3882/5961/4162
f 3061/5965/4165 3883/3167/2287 4559/3166/2253 3863/5966/4141
f 3061/5965/4165 3876/5967/4166 4568/3168/2288 3883/3167/2287
f 3061/5965/4165 3882/5961/4162 4569/5964/4164 3876/5967/4166
f 3062/5968/4167 3874/5951/4153 4566/3145/2269 3884/3171/2291
f 3062/5968/4167 3880/5954/4156 4563/5945/4147 3874/5951/4153
f 3062/5968/4167 3879/5969/4168 4570/5958/4160 3880/5954/4156
f 3062/5968/4167 3884/3171/2291 4571/3173/2293 3879/5969/4168
f 3063/5970/4169 3885/3175/2295 4568/3168/2288 3876/5967/4166
f 3063/5970/4169 3879/5969/4168 4571/3173/2293 3885/3175/2295
f 3063/5970/4169 3878/5956/4158 4570/5958/4160 3879/5969/4168
f 3063/5970/4169 3877/5963/4163 4567/5957/4159 3878/5956/4158
f 3063/5970/4169 3876/5967/4166 4569/5964/4164 3877/5963/4163
f 3064/5971/4170 3886/5972/4171 4543/5973/4172 3890/5974/4173
f 3064/5971/4170 3891/5975/4174 4574/5976/4103 3886/5972/4171
f 3064/5971/4170 3835/5977/4093 4544/3182/2188 3891/5975/4174
f 3064/5971/4170 3890/5974/4173 4572/5978/4091 3835/5977/4093
f 3065/5979/4175 3887/5980/4176 4576/5981/4100 3892/5982/4177
f 3065/5979/4175 3893/5983/4178 4546/5984/4179 3887/5980/4176
f 3065/5979/4175 3840/5900/4112 4573/5902/4097 3893/5983/4178
f 3065/5979/4175 3892/5982/4177 4547/3076/2212 3840/5900/4112
f 3066/5985/4180 3888/5986/4181 4546/5984/4179 3893/5983/4178
f 3066/5985/4180 3890/5974/4173 4543/5973/4172 3888/5986/4181
f 3066/5985/4180 3843/5987/4095 4572/5978/4091 3890/5974/4173
f 3066/5985/4180 3893/5983/4178 4573/5902/4097 3843/5987/4095
f 3067/5988/4182 3844/5989/4099 4574/5976/4103 3891/5975/4174
f 3067/5988/4182 3892/5982/4177 4576/5981/4100 3844/5989/4099
f 3067/5988/4182 3889/3196/2309 4547/3076/2212 3892/5982/4177
f 3067/5988/4182 3891/5975/4174 4544/3182/2188 3889/3196/2309
f 3068/5990/4183 3897/5991/4184 4578/5992/4185 3907/5993/4186
f 3068/5990/4183 3906/5994/4187 4579/5995/4188 3897/5991/4184
f 3068/5990/4183 3905/5996/4189 4583/5997/4190 3906/5994/4187
f 3068/5990/4183 3907/5993/4186 4582/5998/4191 3905/5996/4189
f 3069/5999/4192 3888/6000/4181 4543/6001/4172 3901/6002/4193
f 3069/5999/4192 3900/6003/4194 4546/6004/4179 3888/6000/4181
f 3069/5999/4192 3897/5991/4184 4579/5995/4188 3900/6003/4194
f 3069/5999/4192 3901/6002/4193 4578/5992/4185 3897/5991/4184
f 3070/6005/4195 3886/6006/4171 4574/6007/4103 3898/6008/4102
f 3070/6005/4195 3901/6009/4193 4543/6010/4172 3886/6006/4171
f 3070/6005/4195 3895/6011/4196 4578/6012/4185 3901/6009/4193
f 3070/6005/4195 3898/6008/4102 4577/6013/4105 3895/6011/4196
f 3071/6014/4197 3887/6015/4176 4546/6016/4179 3900/6017/4194
f 3071/6014/4197 3899/6018/4101 4576/6019/4100 3887/6015/4176
f 3071/6014/4197 3896/6020/4198 4575/6021/4106 3899/6018/4101
f 3071/6014/4197 3900/6017/4194 4579/6022/4188 3896/6020/4198
f 3072/6023/4199 4113/6024/4200 4684/6025/4201 4108/6026/4202
f 3072/6023/4199 3914/6027/4203 4682/6028/4204 4113/6024/4200
f 3072/6023/4199 3912/6029/4205 4584/6030/4206 3914/6027/4203
f 3072/6023/4199 4108/6026/4202 4587/6031/4207 3912/6029/4205
f 3073/6032/4208 3895/6033/4196 4577/6034/4105 3908/6035/4209
f 3073/6032/4208 3907/6036/4186 4578/6037/4185 3895/6033/4196
f 3073/6032/4208 3903/6038/4210 4582/6039/4191 3907/6036/4186
f 3073/6032/4208 3908/6035/4209 4581/6040/4211 3903/6038/4210
f 3074/6041/4212 3896/6020/4198 4579/6022/4188 3906/6042/4187
f 3074/6041/4212 3909/6043/4213 4575/6021/4106 3896/6020/4198
f 3074/6041/4212 3904/6044/4214 4580/6045/4215 3909/6043/4213
f 3074/6041/4212 3906/6042/4187 4583/6046/4190 3904/6044/4214
f 3075/6047/4216 3894/5892/4104 4575/5894/4106 3909/6048/4213
f 3075/6047/4216 3908/6049/4209 4577/5893/4105 3894/5892/4104
f 3075/6047/4216 3902/6050/4217 4581/6051/4211 3908/6049/4209
f 3075/6047/4216 3909/6048/4213 4580/6052/4215 3902/6050/4217
f 3076/6053/4218 3910/6054/4219 4584/6055/4206 3923/6056/4220
f 3076/6053/4218 3922/6057/4221 4585/6058/4222 3910/6054/4219
f 3076/6053/4218 3918/6059/4223 4589/6060/4224 3922/6057/4221
f 3076/6053/4218 3923/6056/4220 4588/6061/4225 3918/6059/4223
f 3077/6062/4226 4112/6063/4227 4682/6064/4204 3914/6065/4203
f 3077/6062/4226 3916/6066/4228 4683/6067/4229 4112/6063/4227
f 3077/6062/4226 3910/6054/4219 4585/6058/4222 3916/6066/4228
f 3077/6062/4226 3914/6065/4203 4584/6055/4206 3910/6054/4219
f 3078/6068/4230 4111/6069/4231 4685/6070/4232 4109/6071/4233
f 3078/6068/4230 4108/6072/4202 4684/6073/4201 4111/6069/4231
f 3078/6068/4230 3913/6074/4234 4587/6075/4207 4108/6072/4202
f 3078/6068/4230 4109/6071/4233 4586/6076/4235 3913/6074/4234
f 3079/6077/4236 4110/6078/4237 4683/6079/4229 3916/6080/4228
f 3079/6077/4236 4109/6081/4233 4685/6082/4232 4110/6078/4237
f 3079/6077/4236 3911/6083/4238 4586/6084/4235 4109/6081/4233
f 3079/6077/4236 3916/6080/4228 4585/6085/4222 3911/6083/4238
f 3080/6086/4239 3921/6087/4240 4590/6088/4241 3931/6089/4242
f 3080/6086/4239 3930/6090/4243 4591/6091/4244 3921/6087/4240
f 3080/6086/4239 3929/6092/4245 4595/6093/4246 3930/6090/4243
f 3080/6086/4239 3931/6089/4242 4594/6094/4247 3929/6092/4245
f 3081/6095/4248 3913/6074/4234 4586/6076/4235 3925/6096/4249
f 3081/6095/4248 3924/6097/4250 4587/6075/4207 3913/6074/4234
f 3081/6095/4248 3921/6087/4240 4591/6091/4244 3924/6097/4250
f 3081/6095/4248 3925/6096/4249 4590/6088/4241 3921/6087/4240
f 3082/6098/4251 3911/6099/4238 4585/6058/4222 3922/6057/4221
f 3082/6098/4251 3925/6100/4249 4586/6101/4235 3911/6099/4238
f 3082/6098/4251 3919/6102/4252 4590/6103/4241 3925/6100/4249
f 3082/6098/4251 3922/6057/4221 4589/6060/4224 3919/6102/4252
f 3083/6104/4253 3912/6029/4205 4587/6031/4207 3924/6105/4250
f 3083/6104/4253 3923/6106/4220 4584/6030/4206 3912/6029/4205
f 3083/6104/4253 3920/6107/4254 4588/6108/4225 3923/6106/4220
f 3083/6104/4253 3924/6105/4250 4591/6109/4244 3920/6107/4254
f 3084/6110/4255 3928/6111/4256 4595/6112/4246 3939/6113/4257
f 3084/6110/4255 3938/6114/4258 4592/6115/4259 3928/6111/4256
f 3084/6110/4255 3936/6116/4260 4596/6117/4261 3938/6114/4258
f 3084/6110/4255 3939/6113/4257 4599/6118/4262 3936/6116/4260
f 3085/6119/4263 3919/6120/4252 4589/6121/4224 3932/6122/4264
f 3085/6119/4263 3931/6123/4242 4590/6124/4241 3919/6120/4252
f 3085/6119/4263 3927/6125/4265 4594/6126/4247 3931/6123/4242
f 3085/6119/4263 3932/6122/4264 4593/6127/4266 3927/6125/4265
f 3086/6128/4267 3920/6129/4254 4591/6130/4244 3930/6131/4243
f 3086/6128/4267 3933/6132/4268 4588/6133/4225 3920/6129/4254
f 3086/6128/4267 3928/6134/4256 4592/6135/4259 3933/6132/4268
f 3086/6128/4267 3930/6131/4243 4595/6136/4246 3928/6134/4256
f 3087/6137/4269 3918/6059/4223 4588/6061/4225 3933/6138/4268
f 3087/6137/4269 3932/6139/4264 4589/6060/4224 3918/6059/4223
f 3087/6137/4269 3926/6140/4270 4593/6141/4266 3932/6139/4264
f 3087/6137/4269 3933/6138/4268 4592/6142/4259 3926/6140/4270
f 3088/6143/4271 3936/6144/4260 4599/6145/4262 3947/6146/4272
f 3088/6143/4271 3946/6147/4273 4596/6148/4261 3936/6144/4260
f 3088/6143/4271 3944/6149/4274 4600/6150/4275 3946/6147/4273
f 3088/6143/4271 3947/6146/4272 4603/6151/4276 3944/6149/4274
f 3089/6152/4277 3926/6140/4270 4592/6142/4259 3938/6153/4258
f 3089/6152/4277 3940/6154/4278 4593/6141/4266 3926/6140/4270
f 3089/6152/4277 3934/6155/4279 4597/6156/4280 3940/6154/4278
f 3089/6152/4277 3938/6153/4258 4596/6157/4261 3934/6155/4279
f 3090/6158/4281 3929/6092/4245 4594/6094/4247 3941/6159/4282
f 3090/6158/4281 3939/6160/4257 4595/6093/4246 3929/6092/4245
f 3090/6158/4281 3937/6161/4283 4599/6162/4262 3939/6160/4257
f 3090/6158/4281 3941/6159/4282 4598/6163/4284 3937/6161/4283
f 3091/6164/4285 3927/6165/4265 4593/6166/4266 3940/6167/4278
f 3091/6164/4285 3941/6168/4282 4594/6169/4247 3927/6165/4265
f 3091/6164/4285 3935/6170/4286 4598/6171/4284 3941/6168/4282
f 3091/6164/4285 3940/6167/4278 4597/6172/4280 3935/6170/4286
f 3092/6173/4287 3944/6149/4274 4603/6151/4276 3955/6174/4288
f 3092/6173/4287 3954/6175/4289 4600/6150/4275 3944/6149/4274
f 3092/6173/4287 3952/6176/4290 4604/6177/4291 3954/6175/4289
f 3092/6173/4287 3955/6174/4288 4607/6178/4292 3952/6176/4290
f 3093/6179/4293 3934/6155/4279 4596/6157/4261 3946/6180/4273
f 3093/6179/4293 3948/6181/4294 4597/6156/4280 3934/6155/4279
f 3093/6179/4293 3942/6182/4295 4601/6183/4296 3948/6181/4294
f 3093/6179/4293 3946/6180/4273 4600/6184/4275 3942/6182/4295
f 3094/6185/4297 3937/6161/4283 4598/6163/4284 3949/6186/4298
f 3094/6185/4297 3947/6187/4272 4599/6162/4262 3937/6161/4283
f 3094/6185/4297 3945/6188/4299 4603/6189/4276 3947/6187/4272
f 3094/6185/4297 3949/6186/4298 4602/6190/4300 3945/6188/4299
f 3095/6191/4301 3935/6192/4286 4597/6156/4280 3948/6181/4294
f 3095/6191/4301 3949/6193/4298 4598/6194/4284 3935/6192/4286
f 3095/6191/4301 3943/6195/4302 4602/6196/4300 3949/6193/4298
f 3095/6191/4301 3948/6181/4294 4601/6183/4296 3943/6195/4302
f 3096/6197/4303 3973/6198/4304 4613/6199/4305 3967/6200/4306
f 3096/6197/4303 3962/6201/4307 4612/6202/4308 3973/6198/4304
f 3096/6197/4303 3961/6203/4309 4611/6204/4310 3962/6201/4307
f 3096/6197/4303 3967/6200/4306 4610/6205/4311 3961/6203/4309
f 3097/6206/4312 3942/6182/4295 4600/6184/4275 3954/6207/4289
f 3097/6206/4312 3956/6208/4313 4601/6183/4296 3942/6182/4295
f 3097/6206/4312 3950/6209/4314 4605/6210/4315 3956/6208/4313
f 3097/6206/4312 3954/6207/4289 4604/6211/4291 3950/6209/4314
f 3098/6212/4316 3945/6188/4299 4602/6190/4300 3957/6213/4317
f 3098/6212/4316 3955/6214/4288 4603/6189/4276 3945/6188/4299
f 3098/6212/4316 3953/6215/4318 4607/6216/4292 3955/6214/4288
f 3098/6212/4316 3957/6213/4317 4606/6217/4319 3953/6215/4318
f 3099/6218/4320 3943/6195/4302 4601/6183/4296 3956/6208/4313
f 3099/6218/4320 3957/6219/4317 4602/6196/4300 3943/6195/4302
f 3099/6218/4320 3951/6220/4321 4606/6221/4319 3957/6219/4317
f 3099/6218/4320 3956/6208/4313 4605/6210/4315 3951/6220/4321
f 3100/6222/4322 3959/6223/4323 4609/6224/4324 3958/6225/4325
f 3100/6222/4322 3961/6226/4309 4610/6227/4311 3959/6223/4323
f 3100/6222/4322 3960/6228/4326 4611/6229/4310 3961/6226/4309
f 3100/6222/4322 3958/6225/4325 4608/6230/4327 3960/6228/4326
f 3101/6231/4328 3972/6232/4329 4614/6233/4330 3968/6234/4331
f 3101/6231/4328 3967/6235/4306 4613/6236/4305 3972/6232/4329
f 3101/6231/4328 3959/6237/4323 4610/6238/4311 3967/6235/4306
f 3101/6231/4328 3968/6234/4331 4609/6239/4324 3959/6237/4323
f 3102/6240/4332 3971/6241/4333 4612/6242/4308 3962/6243/4307
f 3102/6240/4332 3965/6244/4334 4615/6245/4335 3971/6241/4333
f 3102/6240/4332 3960/6246/4326 4608/6247/4327 3965/6244/4334
f 3102/6240/4332 3962/6243/4307 4611/6248/4310 3960/6246/4326
f 3103/6249/4336 3970/6250/4337 4615/6251/4335 3965/6252/4334
f 3103/6249/4336 3968/6253/4331 4614/6254/4330 3970/6250/4337
f 3103/6249/4336 3958/6255/4325 4609/6256/4324 3968/6253/4331
f 3103/6249/4336 3965/6252/4334 4608/6257/4327 3958/6255/4325
f 3104/6258/4338 3950/6209/4314 4604/6211/4291 3969/6259/4339
f 3104/6258/4338 3964/6260/4340 4605/6210/4315 3950/6209/4314
f 3104/6258/4338 3970/6250/4337 4614/6254/4330 3964/6260/4340
f 3104/6258/4338 3969/6259/4339 4615/6251/4335 3970/6250/4337
f 3105/6261/4341 3952/6262/4290 4607/6263/4292 3966/6264/4342
f 3105/6261/4341 3969/6265/4339 4604/6266/4291 3952/6262/4290
f 3105/6261/4341 3971/6267/4333 4615/6268/4335 3969/6265/4339
f 3105/6261/4341 3966/6264/4342 4612/6269/4308 3971/6267/4333
f 3106/6270/4343 3951/6271/4321 4605/6272/4315 3964/6273/4340
f 3106/6270/4343 3963/6274/4344 4606/6275/4319 3951/6271/4321
f 3106/6270/4343 3972/6232/4329 4613/6236/4305 3963/6274/4344
f 3106/6270/4343 3964/6273/4340 4614/6233/4330 3972/6232/4329
f 3107/6276/4345 3953/6215/4318 4606/6217/4319 3963/6277/4344
f 3107/6276/4345 3966/6278/4342 4607/6216/4292 3953/6215/4318
f 3107/6276/4345 3973/6198/4304 4612/6202/4308 3966/6278/4342
f 3107/6276/4345 3963/6277/4344 4613/6199/4305 3973/6198/4304
f 3108/6279/4346 3978/6280/4347 4620/6281/4128 3994/6282/4348
f 3108/6279/4346 3993/6283/4349 4621/6284/4350 3978/6280/4347
f 3108/6279/4346 3990/6285/4351 4627/6286/4352 3993/6283/4349
f 3108/6279/4346 3994/6282/4348 4626/6287/4353 3990/6285/4351
f 3109/6288/4354 3980/6289/4355 4621/6290/4350 3993/6291/4349
f 3109/6288/4354 3975/6292/4356 4619/6293/4357 3980/6289/4355
f 3109/6288/4354 3992/6294/4358 4625/6295/4359 3975/6292/4356
f 3109/6288/4354 3993/6291/4349 4627/6296/4352 3992/6294/4358
f 3110/6297/4360 3853/6298/4121 4552/6299/4123 3984/6300/4361
f 3110/6297/4360 3983/5908/4115 4549/5907/4110 3853/6298/4121
f 3110/6297/4360 3977/6301/4362 4617/5912/4119 3983/5908/4115
f 3110/6297/4360 3984/6300/4361 4619/6302/4357 3977/6301/4362
f 3111/6303/4363 3858/6304/4131 4555/6305/4133 3985/6306/4364
f 3111/6303/4363 3984/6307/4361 4552/6308/4123 3858/6304/4131
f 3111/6303/4363 3980/6309/4355 4619/6310/4357 3984/6307/4361
f 3111/6303/4363 3985/6306/4364 4621/6311/4350 3980/6309/4355
f 3112/6312/4365 3856/5930/4135 4554/3102/2232 3851/5919/4126
f 3112/6312/4365 3985/6313/4364 4555/5931/4133 3856/5930/4135
f 3112/6312/4365 3978/6314/4347 4621/6315/4350 3985/6313/4364
f 3112/6312/4365 3851/5919/4126 4620/5921/4128 3978/6314/4347
f 3113/6316/4366 3852/3526/2494 4548/3525/2207 3982/6317/4116
f 3113/6316/4366 3981/6318/4125 4551/3527/2230 3852/3526/2494
f 3113/6316/4366 3976/6319/4367 4618/6320/4129 3981/6318/4125
f 3113/6316/4366 3982/6317/4116 4616/6321/4118 3976/6319/4367
f 3114/6322/4368 3989/6323/4369 4625/6295/4359 4007/6324/4370
f 3114/6322/4368 4006/6325/4371 4623/6326/4372 3989/6323/4369
f 3114/6322/4368 4001/6327/4373 4629/6328/4374 4006/6325/4371
f 3114/6322/4368 4007/6324/4370 4631/6329/4375 4001/6327/4373
f 3115/6330/4376 3991/6331/4377 4624/6332/4378 4005/6333/4379
f 3115/6330/4376 3987/6334/4380 4626/6287/4353 3991/6331/4377
f 3115/6330/4376 4003/6335/4381 4632/6336/4382 3987/6334/4380
f 3115/6330/4376 4005/6333/4379 4630/6337/4383 4003/6335/4381
f 3116/6338/4384 3976/6339/4367 4616/6340/4118 3996/6341/4385
f 3116/6338/4384 3995/6342/4386 4618/6343/4129 3976/6339/4367
f 3116/6338/4384 3988/6344/4387 4624/6345/4378 3995/6342/4386
f 3116/6338/4384 3996/6341/4385 4622/6346/4388 3988/6344/4387
f 3117/6347/4389 3974/6348/4117 4617/6349/4119 3997/6350/4390
f 3117/6347/4389 3996/6351/4385 4616/6352/4118 3974/6348/4117
f 3117/6347/4389 3986/6353/4391 4622/6354/4388 3996/6351/4385
f 3117/6347/4389 3997/6350/4390 4623/6355/4372 3986/6353/4391
f 3118/6356/4392 3979/6357/4127 4618/6343/4129 3995/6342/4386
f 3118/6356/4392 3994/6358/4348 4620/6359/4128 3979/6357/4127
f 3118/6356/4392 3991/6360/4377 4626/6361/4353 3994/6358/4348
f 3118/6356/4392 3995/6342/4386 4624/6345/4378 3991/6360/4377
f 3119/6362/4393 3977/6363/4362 4619/6293/4357 3975/6292/4356
f 3119/6362/4393 3997/6364/4390 4617/6365/4119 3977/6363/4362
f 3119/6362/4393 3989/6323/4369 4623/6326/4372 3997/6364/4390
f 3119/6362/4393 3975/6292/4356 4625/6295/4359 3989/6323/4369
f 3120/6366/4394 4000/6367/4395 4628/6368/4396 4019/6369/4397
f 3120/6366/4394 4018/6370/4398 4630/6371/4383 4000/6367/4395
f 3120/6366/4394 4012/6372/4399 4636/6373/4400 4018/6370/4398
f 3120/6366/4394 4019/6369/4397 4634/6374/4401 4012/6372/4399
f 3121/6375/4402 4002/6376/4403 4632/6377/4382 4017/6378/4404
f 3121/6375/4402 3999/6379/4405 4633/6380/4406 4002/6376/4403
f 3121/6375/4402 4014/6381/4407 4639/6382/4408 3999/6379/4405
f 3121/6375/4402 4017/6378/4404 4638/6383/4409 4014/6381/4407
f 3122/6384/4410 3992/6294/4358 4627/6296/4352 4008/6385/4411
f 3122/6384/4410 4007/6324/4370 4625/6295/4359 3992/6294/4358
f 3122/6384/4410 4004/6386/4412 4631/6329/4375 4007/6324/4370
f 3122/6384/4410 4008/6385/4411 4633/6387/4406 4004/6386/4412
f 3123/6388/4413 3990/6285/4351 4626/6287/4353 3987/6334/4380
f 3123/6388/4413 4008/6389/4411 4627/6286/4352 3990/6285/4351
f 3123/6388/4413 4002/6390/4403 4633/6391/4406 4008/6389/4411
f 3123/6388/4413 3987/6334/4380 4632/6336/4382 4002/6390/4403
f 3124/6392/4414 3988/6344/4387 4622/6346/4388 4009/6393/4415
f 3124/6392/4414 4005/6394/4379 4624/6345/4378 3988/6344/4387
f 3124/6392/4414 4000/6367/4395 4630/6371/4383 4005/6394/4379
f 3124/6392/4414 4009/6393/4415 4628/6368/4396 4000/6367/4395
f 3125/6395/4416 3986/6353/4391 4623/6355/4372 4006/6396/4371
f 3125/6395/4416 4009/6397/4415 4622/6354/4388 3986/6353/4391
f 3125/6395/4416 3998/6398/4417 4628/6399/4396 4009/6397/4415
f 3125/6395/4416 4006/6396/4371 4629/6400/4374 3998/6398/4417
f 3126/6401/4418 4045/6402/4419 4648/6403/4420 4036/6404/4421
f 3126/6401/4418 4035/6405/4422 4647/6406/4423 4045/6402/4419
f 3126/6401/4418 4028/6407/4424 4643/6408/4425 4035/6405/4422
f 3126/6401/4418 4036/6404/4421 4645/6409/4426 4028/6407/4424
f 3127/6410/4427 4044/6411/4428 4647/6406/4423 4035/6405/4422
f 3127/6410/4427 4011/6412/4429 4646/6413/4430 4044/6411/4428
f 3127/6410/4427 4025/6414/4431 4641/6415/4432 4011/6412/4429
f 3127/6410/4427 4035/6405/4422 4643/6408/4425 4025/6414/4431
f 3128/6416/4433 3998/6398/4417 4629/6400/4374 4020/6417/4434
f 3128/6416/4433 4019/6418/4397 4628/6399/4396 3998/6398/4417
f 3128/6416/4433 4010/6419/4435 4634/6420/4401 4019/6418/4397
f 3128/6416/4433 4020/6417/4434 4635/6421/4436 4010/6419/4435
f 3129/6422/4437 4003/6423/4381 4630/6371/4383 4018/6370/4398
f 3129/6422/4437 4017/6424/4404 4632/6425/4382 4003/6423/4381
f 3129/6422/4437 4015/6426/4438 4638/6427/4409 4017/6424/4404
f 3129/6422/4437 4018/6370/4398 4636/6373/4400 4015/6426/4438
f 3130/6428/4439 4001/6327/4373 4631/6329/4375 4021/6429/4440
f 3130/6428/4439 4020/6430/4434 4629/6328/4374 4001/6327/4373
f 3130/6428/4439 4013/6431/4441 4635/6432/4436 4020/6430/4434
f 3130/6428/4439 4021/6429/4440 4637/6433/4442 4013/6431/4441
f 3131/6434/4443 4004/6386/4412 4633/6387/4406 3999/6435/4405
f 3131/6434/4443 4021/6429/4440 4631/6329/4375 4004/6386/4412
f 3131/6434/4443 4016/6436/4444 4637/6433/4442 4021/6429/4440
f 3131/6434/4443 3999/6435/4405 4639/6437/4408 4016/6436/4444
f 3132/6438/4445 4193/6439/4446 4723/6440/4447 4187/6441/4448
f 3132/6438/4445 4182/6442/4449 4722/6443/4450 4193/6439/4446
f 3132/6438/4445 4179/6444/4451 4720/6445/4452 4182/6442/4449
f 3132/6438/4445 4187/6441/4448 4721/6446/4453 4179/6444/4451
f 3133/6447/4454 4028/6407/4424 4645/6409/4426 4053/6448/4455
f 3133/6447/4454 4023/6449/4456 4643/6408/4425 4028/6407/4424
f 3133/6447/4454 4052/6450/4457 4655/6451/4458 4023/6449/4456
f 3133/6447/4454 4053/6448/4455 4657/6452/4459 4052/6450/4457
f 3134/6453/4460 4043/6454/4461 4649/6455/4462 4037/6456/4463
f 3134/6453/4460 4036/6457/4421 4648/6458/4420 4043/6454/4461
f 3134/6453/4460 4026/6459/4464 4645/6460/4426 4036/6457/4421
f 3134/6453/4460 4037/6456/4463 4644/6461/4465 4026/6459/4464
f 3135/6462/4466 4042/6463/4467 4651/6464/4468 4039/6465/4469
f 3135/6462/4466 4032/6466/4470 4650/6467/4471 4042/6463/4467
f 3135/6462/4466 4024/6468/4472 4642/6469/4473 4032/6466/4470
f 3135/6462/4466 4039/6465/4469 4640/6470/4474 4024/6468/4472
f 3136/6471/4475 4041/6472/4476 4646/6473/4430 4011/6474/4429
f 3136/6471/4475 4039/6475/4469 4651/6476/4468 4041/6472/4476
f 3136/6471/4475 4022/6477/4477 4640/6478/4474 4039/6475/4469
f 3136/6471/4475 4011/6474/4429 4641/6479/4432 4022/6477/4477
f 3137/6480/4478 4040/6481/4479 4650/6482/4471 4032/6483/4470
f 3137/6480/4478 4037/6456/4463 4649/6455/4462 4040/6481/4479
f 3137/6480/4478 4027/6484/4480 4644/6461/4465 4037/6456/4463
f 3137/6480/4478 4032/6483/4470 4642/6485/4473 4027/6484/4480
f 3138/6486/4481 4015/6487/4438 4636/6488/4400 4038/6489/4482
f 3138/6486/4481 4031/6490/4483 4638/6383/4409 4015/6487/4438
f 3138/6486/4481 4040/6481/4479 4649/6455/4462 4031/6490/4483
f 3138/6486/4481 4038/6489/4482 4650/6482/4471 4040/6481/4479
f 3139/6491/4484 4010/6492/4435 4635/6493/4436 4034/6494/4485
f 3139/6491/4484 4033/6495/4486 4634/6496/4401 4010/6492/4435
f 3139/6491/4484 4041/6472/4476 4651/6476/4468 4033/6495/4486
f 3139/6491/4484 4034/6494/4485 4646/6473/4430 4041/6472/4476
f 3140/6497/4487 4012/6372/4399 4634/6374/4401 4033/6498/4486
f 3140/6497/4487 4038/6499/4482 4636/6373/4400 4012/6372/4399
f 3140/6497/4487 4042/6463/4467 4650/6467/4471 4038/6499/4482
f 3140/6497/4487 4033/6498/4486 4651/6464/4468 4042/6463/4467
f 3141/6500/4488 4014/6381/4407 4638/6383/4409 4031/6490/4483
f 3141/6500/4488 4030/6501/4489 4639/6382/4408 4014/6381/4407
f 3141/6500/4488 4043/6454/4461 4648/6458/4420 4030/6501/4489
f 3141/6500/4488 4031/6490/4483 4649/6455/4462 4043/6454/4461
f 3142/6502/4490 4013/6431/4441 4637/6433/4442 4029/6503/4491
f 3142/6502/4490 4034/6504/4485 4635/6432/4436 4013/6431/4441
f 3142/6502/4490 4044/6411/4428 4646/6413/4430 4034/6504/4485
f 3142/6502/4490 4029/6503/4491 4647/6406/4423 4044/6411/4428
f 3143/6505/4492 4016/6436/4444 4639/6437/4408 4030/6506/4489
f 3143/6505/4492 4029/6503/4491 4637/6433/4442 4016/6436/4444
f 3143/6505/4492 4045/6402/4419 4647/6406/4423 4029/6503/4491
f 3143/6505/4492 4030/6506/4489 4648/6403/4420 4045/6402/4419
f 3144/6507/4493 4046/6508/4494 4653/6509/4495 4049/6510/4496
f 3144/6507/4493 4048/6511/4497 4652/6512/4498 4046/6508/4494
f 3144/6507/4493 4047/6513/4499 4654/6514/4500 4048/6511/4497
f 3144/6507/4493 4049/6510/4496 4655/6515/4458 4047/6513/4499
f 3145/6516/4501 4047/6517/4499 4655/6518/4458 4052/6519/4457
f 3145/6516/4501 4051/6520/4502 4654/6521/4500 4047/6517/4499
f 3145/6516/4501 4050/6522/4503 4656/6523/4504 4051/6520/4502
f 3145/6516/4501 4052/6519/4457 4657/6524/4459 4050/6522/4503
f 3146/6525/4505 4024/6526/4472 4640/6527/4474 4070/6528/4506
f 3146/6525/4505 4069/6529/4507 4642/6530/4473 4024/6526/4472
f 3146/6525/4505 4060/6531/4508 4662/6532/4509 4069/6529/4507
f 3146/6525/4505 4070/6528/4506 4658/6533/4510 4060/6531/4508
f 3147/6534/4511 4046/6535/4494 4652/6536/4498 4057/6537/4512
f 3147/6534/4511 4068/6538/4513 4653/6539/4495 4046/6535/4494
f 3147/6534/4511 4062/6540/4514 4664/6541/4515 4068/6538/4513
f 3147/6534/4511 4057/6537/4512 4663/6542/4516 4062/6540/4514
f 3148/6543/4517 4027/6484/4480 4642/6485/4473 4055/6544/4518
f 3148/6543/4517 4054/6545/4519 4644/6461/4465 4027/6484/4480
f 3148/6543/4517 4051/6546/4502 4656/6547/4504 4054/6545/4519
f 3148/6543/4517 4055/6544/4518 4654/6548/4500 4051/6546/4502
f 3149/6549/4520 4048/6550/4497 4654/6551/4500 4056/6552/4521
f 3149/6549/4520 4057/6537/4512 4652/6536/4498 4048/6550/4497
f 3149/6549/4520 4063/6553/4522 4663/6542/4516 4057/6537/4512
f 3149/6549/4520 4056/6552/4521 4665/6554/4523 4063/6553/4522
f 3150/6555/4524 4209/6556/4525 4729/6557/4526 4197/6558/4527
f 3150/6555/4524 4196/6559/4528 4728/6560/4529 4209/6556/4525
f 3150/6555/4524 4080/6561/4530 4669/6562/4531 4196/6559/4528
f 3150/6555/4524 4197/6558/4527 4672/6563/4532 4080/6561/4530
f 3151/6564/4533 4208/6565/4534 4728/6566/4529 4196/6567/4528
f 3151/6564/4533 4194/6568/4535 4726/6569/4536 4208/6565/4534
f 3151/6564/4533 4075/6570/4537 4668/6571/4538 4194/6568/4535
f 3151/6564/4533 4196/6567/4528 4669/6572/4531 4075/6570/4537
f 3152/6573/4539 4205/6574/4540 4732/6575/4541 4223/6576/4542
f 3152/6573/4539 4222/6577/4543 4731/6578/4544 4205/6574/4540
f 3152/6573/4539 4218/6579/4545 4739/6580/4546 4222/6577/4543
f 3152/6573/4539 4223/6576/4542 4741/6581/4547 4218/6579/4545
f 3153/6582/4548 4055/6583/4518 4642/6584/4473 4069/6585/4507
f 3153/6582/4548 4056/6586/4521 4654/6587/4500 4055/6583/4518
f 3153/6582/4548 4065/6588/4549 4665/6589/4523 4056/6586/4521
f 3153/6582/4548 4069/6585/4507 4662/6590/4509 4065/6588/4549
f 3154/6591/4550 4022/6592/4477 4641/6593/4432 4071/6594/4551
f 3154/6591/4550 4070/6528/4506 4640/6527/4474 4022/6592/4477
f 3154/6591/4550 4058/6595/4552 4658/6533/4510 4070/6528/4506
f 3154/6591/4550 4071/6594/4551 4659/6596/4553 4058/6595/4552
f 3155/6597/4554 4049/6598/4496 4653/6539/4495 4068/6538/4513
f 3155/6597/4554 4072/6599/4555 4655/6600/4458 4049/6598/4496
f 3155/6597/4554 4064/6601/4556 4661/6602/4557 4072/6599/4555
f 3155/6597/4554 4068/6538/4513 4664/6541/4515 4064/6601/4556
f 3156/6603/4558 4025/6604/4431 4643/6605/4425 4073/6606/4559
f 3156/6603/4558 4071/6594/4551 4641/6593/4432 4025/6604/4431
f 3156/6603/4558 4061/6607/4560 4659/6596/4553 4071/6594/4551
f 3156/6603/4558 4073/6606/4559 4660/6608/4561 4061/6607/4560
f 3157/6609/4562 4023/6449/4456 4655/6451/4458 4072/6610/4555
f 3157/6609/4562 4073/6611/4559 4643/6408/4425 4023/6449/4456
f 3157/6609/4562 4059/6612/4563 4660/6613/4561 4073/6611/4559
f 3157/6609/4562 4072/6610/4555 4661/6614/4557 4059/6612/4563
f 3158/6615/4564 4076/6616/4565 4666/6617/4566 4082/6618/4567
f 3158/6615/4564 4081/6619/4568 4670/6620/4569 4076/6616/4565
f 3158/6615/4564 4079/6621/4570 4673/6622/4571 4081/6619/4568
f 3158/6615/4564 4082/6618/4567 4671/6623/4572 4079/6621/4570
f 3159/6624/4573 4074/6625/4574 4667/6626/4575 4083/6627/4576
f 3159/6624/4573 4082/6618/4567 4666/6617/4566 4074/6625/4574
f 3159/6624/4573 4078/6628/4577 4671/6623/4572 4082/6618/4567
f 3159/6624/4573 4083/6627/4576 4672/6629/4532 4078/6628/4577
f 3160/6630/4578 4077/6631/4579 4668/6632/4538 4075/6633/4537
f 3160/6630/4578 4083/6627/4576 4667/6626/4575 4077/6631/4579
f 3160/6630/4578 4080/6634/4530 4672/6629/4532 4083/6627/4576
f 3160/6630/4578 4075/6633/4537 4669/6635/4531 4080/6634/4530
f 3161/6636/4580 4206/6637/4581 4730/6638/4582 4198/6639/4583
f 3161/6636/4580 4197/6558/4527 4729/6557/4526 4206/6637/4581
f 3161/6636/4580 4078/6640/4577 4672/6563/4532 4197/6558/4527
f 3161/6636/4580 4198/6639/4583 4671/6641/4572 4078/6640/4577
f 3162/6642/4584 4207/6643/4585 4726/6644/4536 4221/6645/4586
f 3162/6642/4584 4220/6646/4587 4727/6647/4588 4207/6643/4585
f 3162/6642/4584 4219/6648/4589 4734/6649/4590 4220/6646/4587
f 3162/6642/4584 4221/6645/4586 4740/6650/4591 4219/6648/4589
f 3163/6651/4592 4077/6631/4579 4667/6626/4575 4067/6652/4593
f 3163/6651/4592 4200/6653/4594 4668/6632/4538 4077/6631/4579
f 3163/6651/4592 4213/6654/4595 4738/6655/4596 4200/6653/4594
f 3163/6651/4592 4067/6652/4593 4735/6656/4597 4213/6654/4595
f 3164/6657/4598 4203/6658/4599 4731/6659/4544 4087/6660/4600
f 3164/6657/4598 4089/6661/4601 4733/6662/4602 4203/6658/4599
f 3164/6657/4598 4081/6663/4568 4673/6664/4571 4089/6661/4601
f 3164/6657/4598 4087/6660/4600 4670/6665/4569 4081/6663/4568
f 3165/6666/4603 4202/6667/4604 4733/6668/4602 4089/6669/4601
f 3165/6666/4603 4198/6639/4583 4730/6638/4582 4202/6667/4604
f 3165/6666/4603 4079/6670/4570 4671/6641/4572 4198/6639/4583
f 3165/6666/4603 4089/6669/4601 4673/6671/4571 4079/6670/4570
f 3166/6672/4605 3903/6038/4210 4581/6040/4211 4094/6673/4606
f 3166/6672/4605 3917/6674/4607 4582/6039/4191 3903/6038/4210
f 3166/6672/4605 4098/6675/4608 4681/6676/4609 3917/6674/4607
f 3166/6672/4605 4094/6673/4606 4678/6677/4610 4098/6675/4608
f 3167/6678/4611 4098/6675/4608 4678/6677/4610 4095/6679/4612
f 3167/6678/4611 4097/6680/4613 4681/6676/4609 4098/6675/4608
f 3167/6678/4611 4099/6681/4614 4680/6682/4615 4097/6680/4613
f 3167/6678/4611 4095/6679/4612 4679/6683/4616 4099/6681/4614
f 3168/6684/4617 3905/5996/4189 4582/5998/4191 3917/6685/4607
f 3168/6684/4617 3915/6686/4618 4583/5997/4190 3905/5996/4189
f 3168/6684/4617 4100/6687/4619 4677/6688/4620 3915/6686/4618
f 3168/6684/4617 3917/6685/4607 4681/6689/4609 4100/6687/4619
f 3169/6690/4621 4100/6687/4619 4681/6689/4609 4097/6691/4613
f 3169/6690/4621 4093/6692/4622 4677/6688/4620 4100/6687/4619
f 3169/6690/4621 4101/6693/4623 4676/6694/4624 4093/6692/4622
f 3169/6690/4621 4097/6691/4613 4680/6695/4615 4101/6693/4623
f 3170/6696/4625 3902/6050/4217 4580/6052/4215 4090/6697/4626
f 3170/6696/4625 4094/6698/4606 4581/6051/4211 3902/6050/4217
f 3170/6696/4625 4102/6699/4627 4678/6700/4610 4094/6698/4606
f 3170/6696/4625 4090/6697/4626 4674/6701/4628 4102/6699/4627
f 3171/6702/4629 4102/6699/4627 4674/6701/4628 4091/6703/4630
f 3171/6702/4629 4095/6704/4612 4678/6700/4610 4102/6699/4627
f 3171/6702/4629 4103/6705/4631 4679/6706/4616 4095/6704/4612
f 3171/6702/4629 4091/6703/4630 4675/6707/4632 4103/6705/4631
f 3172/6708/4633 3904/6044/4214 4583/6046/4190 3915/6709/4618
f 3172/6708/4633 4090/6710/4626 4580/6045/4215 3904/6044/4214
f 3172/6708/4633 4104/6711/4634 4674/6712/4628 4090/6710/4626
f 3172/6708/4633 3915/6709/4618 4677/6713/4620 4104/6711/4634
f 3173/6714/4635 4104/6711/4634 4677/6713/4620 4093/6715/4622
f 3173/6714/4635 4091/6716/4630 4674/6712/4628 4104/6711/4634
f 3173/6714/4635 4105/6717/4636 4675/6718/4632 4091/6716/4630
f 3173/6714/4635 4093/6715/4622 4676/6719/4624 4105/6717/4636
f 3174/6720/4637 4099/6681/4614 4679/6683/4616 4107/6721/4638
f 3174/6720/4637 4096/6722/4639 4680/6682/4615 4099/6681/4614
f 3174/6720/4637 4110/6078/4237 4685/6082/4232 4096/6722/4639
f 3174/6720/4637 4107/6721/4638 4683/6079/4229 4110/6078/4237
f 3175/6723/4640 4101/6693/4623 4680/6695/4615 4096/6724/4639
f 3175/6723/4640 4092/6725/4641 4676/6694/4624 4101/6693/4623
f 3175/6723/4640 4111/6069/4231 4684/6073/4201 4092/6725/4641
f 3175/6723/4640 4096/6724/4639 4685/6070/4232 4111/6069/4231
f 3176/6726/4642 4103/6705/4631 4675/6707/4632 4106/6727/4643
f 3176/6726/4642 4107/6728/4638 4679/6706/4616 4103/6705/4631
f 3176/6726/4642 4112/6063/4227 4683/6067/4229 4107/6728/4638
f 3176/6726/4642 4106/6727/4643 4682/6064/4204 4112/6063/4227
f 3177/6729/4644 4105/6717/4636 4676/6719/4624 4092/6730/4641
f 3177/6729/4644 4106/6731/4643 4675/6718/4632 4105/6717/4636
f 3177/6729/4644 4113/6024/4200 4682/6028/4204 4106/6731/4643
f 3177/6729/4644 4092/6730/4641 4684/6025/4201 4113/6024/4200
f 3178/6732/4645 4117/6733/4646 4686/6734/4647 4127/6735/4648
f 3178/6732/4645 4126/6736/4649 4688/6737/4650 4117/6733/4646
f 3178/6732/4645 4125/6738/4651 4692/6739/4652 4126/6736/4649
f 3178/6732/4645 4127/6735/4648 4690/6740/4653 4125/6738/4651
f 3179/6741/4654 3449/6742/3425 4345/6743/2989 4120/6744/4655
f 3179/6741/4654 4119/6745/3413 4346/6746/3410 3449/6742/3425
f 3179/6741/4654 4115/6747/4656 4689/6748/3417 4119/6745/3413
f 3179/6741/4654 4120/6744/4655 4688/6749/4650 4115/6747/4656
f 3180/6750/4657 3447/6751/3405 4344/6752/3402 4118/6753/3414
f 3180/6750/4657 4121/6754/4658 4343/6755/2995 3447/6751/3405
f 3180/6750/4657 4114/6756/4659 4686/6757/4647 4121/6754/4658
f 3180/6750/4657 4118/6753/3414 4687/6758/3416 4114/6756/4659
f 3181/6759/4660 3478/6760/2996 4343/6761/2995 4121/6762/4658
f 3181/6759/4660 4120/6763/4655 4345/6764/2989 3478/6760/2996
f 3181/6759/4660 4117/6733/4646 4688/6737/4650 4120/6763/4655
f 3181/6759/4660 4121/6762/4658 4686/6734/4647 4117/6733/4646
f 3182/6765/4661 4124/6766/4662 4693/6767/4663 4135/6768/4664
f 3182/6765/4661 4134/6769/4665 4691/6770/4666 4124/6766/4662
f 3182/6765/4661 4132/6771/4667 4695/6772/4668 4134/6769/4665
f 3182/6765/4661 4135/6768/4664 4697/6773/4669 4132/6771/4667
f 3183/6774/4670 4115/6775/4656 4688/6776/4650 4126/6777/4649
f 3183/6774/4670 4128/6778/4671 4689/6779/3417 4115/6775/4656
f 3183/6774/4670 4123/6780/4672 4693/6781/4663 4128/6778/4671
f 3183/6774/4670 4126/6777/4649 4692/6782/4652 4123/6780/4672
f 3184/6783/4673 4116/4905/3415 4689/4907/3417 4128/6784/4671
f 3184/6783/4673 4129/6785/4674 4687/4906/3416 4116/4905/3415
f 3184/6783/4673 4124/6766/4662 4691/6770/4666 4129/6785/4674
f 3184/6783/4673 4128/6784/4671 4693/6767/4663 4124/6766/4662
f 3185/6786/4675 4114/6787/4659 4687/6788/3416 4129/6789/4674
f 3185/6786/4675 4127/6790/4648 4686/6791/4647 4114/6787/4659
f 3185/6786/4675 4122/6792/4676 4690/6793/4653 4127/6790/4648
f 3185/6786/4675 4129/6789/4674 4691/6794/4666 4122/6792/4676
f 3186/6795/4677 4130/6796/4678 4695/6797/4668 4132/6798/4667
f 3186/6795/4677 4133/6799/4679 4694/6800/4680 4130/6796/4678
f 3186/6795/4677 4131/6801/4681 4696/6802/4682 4133/6799/4679
f 3186/6795/4677 4132/6798/4667 4697/6803/4669 4131/6801/4681
f 3187/6804/4683 4122/6792/4676 4691/6794/4666 4134/6805/4665
f 3187/6804/4683 4136/6806/4684 4690/6793/4653 4122/6792/4676
f 3187/6804/4683 4130/6807/4678 4694/6808/4680 4136/6806/4684
f 3187/6804/4683 4134/6805/4665 4695/6809/4668 4130/6807/4678
f 3188/6810/4685 4125/6738/4651 4690/6740/4653 4136/6811/4684
f 3188/6810/4685 4137/6812/4686 4692/6739/4652 4125/6738/4651
f 3188/6810/4685 4133/6813/4679 4696/6814/4682 4137/6812/4686
f 3188/6810/4685 4136/6811/4684 4694/6815/4680 4133/6813/4679
f 3189/6816/4687 4169/6817/4688 4711/6818/4689 4163/6819/4690
f 3189/6816/4687 4142/6820/4691 4710/6821/4692 4169/6817/4688
f 3189/6816/4687 4141/6822/4693 4698/6823/4694 4142/6820/4691
f 3189/6816/4687 4163/6819/4690 4700/6824/4695 4141/6822/4693
f 3190/6825/4696 4138/6826/4697 4698/6827/4694 4159/6828/4698
f 3190/6825/4696 4158/6829/4699 4699/6830/4700 4138/6826/4697
f 3190/6825/4696 4154/6831/4701 4707/6832/4702 4158/6829/4699
f 3190/6825/4696 4159/6828/4698 4706/6833/4703 4154/6831/4701
f 3191/6834/4704 4168/6835/4705 4713/6836/4706 4165/6837/4707
f 3191/6834/4704 4144/6838/4708 4712/6839/4709 4168/6835/4705
f 3191/6834/4704 4140/6840/4710 4701/6841/4711 4144/6838/4708
f 3191/6834/4704 4165/6837/4707 4699/6842/4700 4140/6840/4710
f 3192/6843/4712 4167/6844/4713 4712/6845/4709 4144/6846/4708
f 3192/6843/4712 4163/6847/4690 4711/6848/4689 4167/6844/4713
f 3192/6843/4712 4139/6849/4714 4700/6850/4695 4163/6847/4690
f 3192/6843/4712 4144/6846/4708 4701/6851/4711 4139/6849/4714
f 3193/6852/4715 4166/6853/4716 4710/6854/4692 4142/6855/4691
f 3193/6852/4715 4165/6856/4707 4713/6857/4706 4166/6853/4716
f 3193/6852/4715 4138/6826/4697 4699/6830/4700 4165/6856/4707
f 3193/6852/4715 4142/6855/4691 4698/6827/4694 4138/6826/4697
f 3194/6858/4717 4146/6859/4718 4702/6860/4719 4149/6861/4720
f 3194/6858/4717 4148/6862/4721 4703/6863/4722 4146/6859/4718
f 3194/6858/4717 4147/6864/4723 4705/6865/4724 4148/6862/4721
f 3194/6858/4717 4149/6861/4720 4704/6866/4725 4147/6864/4723
f 3195/6867/4726 4141/6822/4693 4700/6824/4695 4152/6868/4727
f 3195/6867/4726 4151/6869/4728 4698/6823/4694 4141/6822/4693
f 3195/6867/4726 4149/6870/4720 4702/6871/4719 4151/6869/4728
f 3195/6867/4726 4152/6868/4727 4704/6872/4725 4149/6870/4720
f 3196/6873/4729 4139/6849/4714 4701/6851/4711 4153/6874/4730
f 3196/6873/4729 4152/6875/4727 4700/6850/4695 4139/6849/4714
f 3196/6873/4729 4147/6876/4723 4704/6877/4725 4152/6875/4727
f 3196/6873/4729 4153/6874/4730 4705/6878/4724 4147/6876/4723
f 3197/6879/4731 4140/6840/4710 4699/6842/4700 4150/6880/4732
f 3197/6879/4731 4153/6881/4730 4701/6841/4711 4140/6840/4710
f 3197/6879/4731 4148/6882/4721 4705/6883/4724 4153/6881/4730
f 3197/6879/4731 4150/6880/4732 4703/6884/4722 4148/6882/4721
f 3198/6885/4733 4154/6886/4701 4706/6887/4703 4157/6888/4734
f 3198/6885/4733 4156/6889/4735 4707/6890/4702 4154/6886/4701
f 3198/6885/4733 4155/6891/4736 4709/6892/4737 4156/6889/4735
f 3198/6885/4733 4157/6888/4734 4708/6893/4738 4155/6891/4736
f 3199/6894/4739 4150/6880/4732 4699/6842/4700 4158/6895/4699
f 3199/6894/4739 4160/6896/4740 4703/6884/4722 4150/6880/4732
f 3199/6894/4739 4156/6889/4735 4709/6892/4737 4160/6896/4740
f 3199/6894/4739 4158/6895/4699 4707/6890/4702 4156/6889/4735
f 3200/6897/4741 4146/6859/4718 4703/6863/4722 4160/6898/4740
f 3200/6897/4741 4161/6899/4742 4702/6860/4719 4146/6859/4718
f 3200/6897/4741 4155/6900/4736 4708/6901/4738 4161/6899/4742
f 3200/6897/4741 4160/6898/4740 4709/6902/4737 4155/6900/4736
f 3201/6903/4743 4151/6869/4728 4702/6871/4719 4161/6904/4742
f 3201/6903/4743 4159/6905/4698 4698/6823/4694 4151/6869/4728
f 3201/6903/4743 4157/6906/4734 4706/6907/4703 4159/6905/4698
f 3201/6903/4743 4161/6904/4742 4708/6908/4738 4157/6906/4734
f 3202/6909/4744 4177/6910/4745 4716/6911/4746 4162/6912/4747
f 3202/6909/4744 4171/6913/4748 4715/6914/4749 4177/6910/4745
f 3202/6909/4744 4166/6853/4716 4713/6857/4706 4171/6913/4748
f 3202/6909/4744 4162/6912/4747 4710/6854/4692 4166/6853/4716
f 3203/6915/4750 4176/6916/4751 4717/6917/4752 4164/6918/4753
f 3203/6915/4750 4170/6919/4754 4714/6920/4755 4176/6916/4751
f 3203/6915/4750 4167/6844/4713 4711/6848/4689 4170/6919/4754
f 3203/6915/4750 4164/6918/4753 4712/6845/4709 4167/6844/4713
f 3204/6921/4756 4175/6922/4757 4715/6923/4749 4171/6924/4748
f 3204/6921/4756 4164/6925/4753 4717/6926/4752 4175/6922/4757
f 3204/6921/4756 4168/6835/4705 4712/6839/4709 4164/6925/4753
f 3204/6921/4756 4171/6924/4748 4713/6836/4706 4168/6835/4705
f 3205/6927/4758 4174/6928/4759 4714/6929/4755 4170/6930/4754
f 3205/6927/4758 4162/6931/4747 4716/6932/4746 4174/6928/4759
f 3205/6927/4758 4169/6817/4688 4710/6821/4692 4162/6931/4747
f 3205/6927/4758 4170/6930/4754 4711/6818/4689 4169/6817/4688
f 3206/6933/4760 4137/6812/4686 4696/6814/4682 4143/6934/4761
f 3206/6933/4760 4172/6935/4762 4692/6739/4652 4137/6812/4686
f 3206/6933/4760 4174/6928/4759 4716/6932/4746 4172/6935/4762
f 3206/6933/4760 4143/6934/4761 4714/6929/4755 4174/6928/4759
f 3207/6936/4763 4135/6768/4664 4693/6767/4663 4145/6937/4764
f 3207/6936/4763 4173/6938/4765 4697/6773/4669 4135/6768/4664
f 3207/6936/4763 4175/6922/4757 4717/6926/4752 4173/6938/4765
f 3207/6936/4763 4145/6937/4764 4715/6923/4749 4175/6922/4757
f 3208/6939/4766 4131/6801/4681 4697/6803/4669 4173/6940/4765
f 3208/6939/4766 4143/6941/4761 4696/6802/4682 4131/6801/4681
f 3208/6939/4766 4176/6916/4751 4714/6920/4755 4143/6941/4761
f 3208/6939/4766 4173/6940/4765 4717/6917/4752 4176/6916/4751
f 3209/6942/4767 4123/6943/4672 4692/6944/4652 4172/6945/4762
f 3209/6942/4767 4145/6946/4764 4693/6947/4663 4123/6943/4672
f 3209/6942/4767 4177/6910/4745 4715/6914/4749 4145/6946/4764
f 3209/6942/4767 4172/6945/4762 4716/6911/4746 4177/6910/4745
f 3210/6948/4768 4178/6949/4769 4718/6950/4770 4181/6951/4771
f 3210/6948/4768 4180/6952/4772 4719/6953/4773 4178/6949/4769
f 3210/6948/4768 4179/6954/4451 4721/6955/4453 4180/6952/4772
f 3210/6948/4768 4181/6951/4771 4720/6956/4452 4179/6954/4451
f 3211/6957/4774 4192/6958/4775 4725/6959/4776 4189/6960/4777
f 3211/6957/4774 4184/6961/4778 4724/6962/4779 4192/6958/4775
f 3211/6957/4774 4178/6963/4769 4719/6964/4773 4184/6961/4778
f 3211/6957/4774 4189/6960/4777 4718/6965/4770 4178/6963/4769
f 3212/6966/4780 4191/6967/4781 4724/6968/4779 4184/6969/4778
f 3212/6966/4780 4187/6970/4448 4723/6971/4447 4191/6967/4781
f 3212/6966/4780 4180/6972/4772 4721/6973/4453 4187/6970/4448
f 3212/6966/4780 4184/6969/4778 4719/6974/4773 4180/6972/4772
f 3213/6975/4782 4190/6976/4783 4722/6977/4450 4182/6978/4449
f 3213/6975/4782 4189/6979/4777 4725/6980/4776 4190/6976/4783
f 3213/6975/4782 4181/6981/4771 4718/6982/4770 4189/6979/4777
f 3213/6975/4782 4182/6978/4449 4720/6983/4452 4181/6981/4771
f 3214/6984/4784 4054/6985/4519 4656/6986/4504 4186/6987/4785
f 3214/6984/4784 4185/6988/4786 4644/6989/4465 4054/6985/4519
f 3214/6984/4784 4190/6976/4783 4725/6980/4776 4185/6988/4786
f 3214/6984/4784 4186/6987/4785 4722/6977/4450 4190/6976/4783
f 3215/6990/4787 4053/6448/4455 4645/6409/4426 4188/6991/4788
f 3215/6990/4787 4183/6992/4789 4657/6452/4459 4053/6448/4455
f 3215/6990/4787 4191/6967/4781 4723/6971/4447 4183/6992/4789
f 3215/6990/4787 4188/6991/4788 4724/6968/4779 4191/6967/4781
f 3216/6993/4790 4026/6459/4464 4644/6461/4465 4185/6994/4786
f 3216/6993/4790 4188/6995/4788 4645/6460/4426 4026/6459/4464
f 3216/6993/4790 4192/6996/4775 4724/6997/4779 4188/6995/4788
f 3216/6993/4790 4185/6994/4786 4725/6998/4776 4192/6996/4775
f 3217/6999/4791 4050/6522/4503 4657/6524/4459 4183/7000/4789
f 3217/6999/4791 4186/7001/4785 4656/6523/4504 4050/6522/4503
f 3217/6999/4791 4193/6439/4446 4722/6443/4450 4186/7001/4785
f 3217/6999/4791 4183/7000/4789 4723/6440/4447 4193/6439/4446
f 3218/7002/4792 4063/6553/4522 4665/6554/4523 4201/7003/4793
f 3218/7002/4792 4086/7004/4794 4663/6542/4516 4063/6553/4522
f 3218/7002/4792 4202/6667/4604 4730/6638/4582 4086/7004/4794
f 3218/7002/4792 4201/7003/4793 4733/6668/4602 4202/6667/4604
f 3219/7005/4795 4065/6588/4549 4662/6590/4509 4199/7006/4796
f 3219/7005/4795 4201/7007/4793 4665/6589/4523 4065/6588/4549
f 3219/7005/4795 4203/6658/4599 4733/6662/4602 4201/7007/4793
f 3219/7005/4795 4199/7006/4796 4731/6659/4544 4203/6658/4599
f 3220/7008/4797 4058/6595/4552 4659/6596/4553 4195/7009/4798
f 3220/7008/4797 4088/7010/4799 4658/6533/4510 4058/6595/4552
f 3220/7008/4797 4204/7011/4800 4732/7012/4541 4088/7010/4799
f 3220/7008/4797 4195/7009/4798 4727/7013/4588 4204/7011/4800
f 3221/7014/4801 4060/6531/4508 4658/6533/4510 4088/7010/4799
f 3221/7014/4801 4199/7015/4796 4662/6532/4509 4060/6531/4508
f 3221/7014/4801 4205/7016/4540 4731/7017/4544 4199/7015/4796
f 3221/7014/4801 4088/7010/4799 4732/7012/4541 4205/7016/4540
f 3222/7018/4802 4062/6540/4514 4663/6542/4516 4086/7004/4794
f 3222/7018/4802 4085/7019/4803 4664/6541/4515 4062/6540/4514
f 3222/7018/4802 4206/6637/4581 4729/6557/4526 4085/7019/4803
f 3222/7018/4802 4086/7004/4794 4730/6638/4582 4206/6637/4581
f 3223/7020/4804 4061/6607/4560 4660/6608/4561 4066/7021/4805
f 3223/7020/4804 4195/7009/4798 4659/6596/4553 4061/6607/4560
f 3223/7020/4804 4207/7022/4585 4727/7013/4588 4195/7009/4798
f 3223/7020/4804 4066/7021/4805 4726/7023/4536 4207/7022/4585
f 3224/7024/4806 4059/6612/4563 4661/6614/4557 4084/7025/4807
f 3224/7024/4806 4066/7026/4805 4660/6613/4561 4059/6612/4563
f 3224/7024/4806 4208/6565/4534 4726/6569/4536 4066/7026/4805
f 3224/7024/4806 4084/7025/4807 4728/6566/4529 4208/6565/4534
f 3225/7027/4808 4064/6601/4556 4664/6541/4515 4085/7019/4803
f 3225/7027/4808 4084/7028/4807 4661/6602/4557 4064/6601/4556
f 3225/7027/4808 4209/6556/4525 4728/6560/4529 4084/7028/4807
f 3225/7027/4808 4085/7019/4803 4729/6557/4526 4209/6556/4525
f 3226/7029/4809 4219/7030/4589 4740/7031/4591 4215/7032/4810
f 3226/7029/4809 4210/7033/4811 4734/7034/4590 4219/7030/4589
f 3226/7029/4809 4213/7035/4595 4735/7036/4597 4210/7033/4811
f 3226/7029/4809 4215/7032/4810 4738/7037/4596 4213/7035/4595
f 3227/7038/4812 4218/7039/4545 4741/7040/4547 4216/7041/4813
f 3227/7038/4812 4214/7042/4814 4739/7043/4546 4218/7039/4545
f 3227/7038/4812 4212/7044/4815 4737/7045/4816 4214/7042/4814
f 3227/7038/4812 4216/7041/4813 4736/7046/4817 4212/7044/4815
f 3228/7047/4818 4217/7048/4819 4734/7034/4590 4210/7033/4811
f 3228/7047/4818 4216/7041/4813 4741/7040/4547 4217/7048/4819
f 3228/7047/4818 4211/7049/4820 4736/7046/4817 4216/7041/4813
f 3228/7047/4818 4210/7033/4811 4735/7036/4597 4211/7049/4820
f 3229/7050/4821 4194/6568/4535 4668/6571/4538 4200/7051/4594
f 3229/7050/4821 4221/7052/4586 4726/6569/4536 4194/6568/4535
f 3229/7050/4821 4215/7053/4810 4740/7054/4591 4221/7052/4586
f 3229/7050/4821 4200/7051/4594 4738/7055/4596 4215/7053/4810
f 3230/7056/4822 4076/6616/4565 4670/6620/4569 4225/7057/4823
f 3230/7056/4822 4224/7058/4824 4666/6617/4566 4076/6616/4565
f 3230/7056/4822 4212/7059/4815 4736/7060/4817 4224/7058/4824
f 3230/7056/4822 4225/7057/4823 4737/7061/4816 4212/7059/4815
f 3231/7062/4825 4087/6660/4600 4731/6659/4544 4222/7063/4543
f 3231/7062/4825 4225/7064/4823 4670/6665/4569 4087/6660/4600
f 3231/7062/4825 4214/7065/4814 4737/7066/4816 4225/7064/4823
f 3231/7062/4825 4222/7063/4543 4739/7067/4546 4214/7065/4814
f 3232/7068/4826 4074/6625/4574 4666/6617/4566 4224/7058/4824
f 3232/7068/4826 4067/6652/4593 4667/6626/4575 4074/6625/4574
f 3232/7068/4826 4211/7069/4820 4735/6656/4597 4067/6652/4593
f 3232/7068/4826 4224/7058/4824 4736/7060/4817 4211/7069/4820
f 3233/7070/4827 4204/7071/4800 4727/6647/4588 4220/6646/4587
f 3233/7070/4827 4223/6576/4542 4732/6575/4541 4204/7071/4800
f 3233/7070/4827 4217/7072/4819 4741/6581/4547 4223/6576/4542
f 3233/7070/4827 4220/6646/4587 4734/6649/4590 4217/7072/4819
o Cone
v -0.125127 0.018201 0.367356
v -0.097560 0.020480 0.378545
v -0.086141 0.025982 0.405558
v -0.097560 0.031484 0.432571
v -0.125127 0.033763 0.443760
v -0.133475 0.250110 0.371705
v -0.152694 0.031484 0.432571
v -0.164113 0.025982 0.405558
v -0.152694 0.020480 0.378545
v 0.125127 0.018201 0.367356
v 0.097560 0.020480 0.378545
v 0.086141 0.025982 0.405558
v 0.097560 0.031484 0.432571
v 0.125127 0.033763 0.443760
v 0.133475 0.250110 0.371705
v 0.152694 0.031484 0.432571
v 0.164113 0.025982 0.405558
v 0.152694 0.020480 0.378545
vn 0.0068 -0.7023 -0.7118
vn -0.0359 0.9879 -0.1505
vn 0.5929 -0.6500 -0.4753
vn 0.8343 -0.5421 0.1007
vn 0.5898 -0.4428 0.6753
vn 0.0069 -0.4107 0.9117
vn -0.5729 -0.4630 0.6763
vn -0.8153 -0.5692 0.1061
vn -0.5770 -0.6683 -0.4694
vn -0.0068 -0.7023 -0.7118
vn -0.5929 -0.6500 -0.4753
vn 0.0359 0.9879 -0.1505
vn -0.8343 -0.5421 0.1007
vn -0.5898 -0.4428 0.6753
vn -0.0069 -0.4107 0.9117
vn 0.5729 -0.4630 0.6763
vn 0.8153 -0.5692 0.1061
vn 0.5770 -0.6683 -0.4694
usemtl Material.002
s 1
f 4742//4828 4747//4829 4743//4830
f 4743//4830 4747//4829 4744//4831
f 4744//4831 4747//4829 4745//4832
f 4745//4832 4747//4829 4746//4833
f 4746//4833 4747//4829 4748//4834
f 4748//4834 4747//4829 4749//4835
f 4749//4835 4747//4829 4750//4836
f 4750//4836 4747//4829 4742//4828
f 4742//4828 4743//4830 4744//4831 4745//4832 4746//4833 4748//4834 4749//4835 4750//4836
f 4751//4837 4752//4838 4756//4839
f 4752//4838 4753//4840 4756//4839
f 4753//4840 4754//4841 4756//4839
f 4754//4841 4755//4842 4756//4839
f 4755//4842 4757//4843 4756//4839
f 4757//4843 4758//4844 4756//4839
f 4758//4844 4759//4845 4756//4839
f 4759//4845 4751//4837 4756//4839
f 4751//4837 4759//4845 4758//4844 4757//4843 4755//4842 4754//4841 4753//4840 4752//4838
o Sphere
v -1.473690 0.013763 -0.069193
v -1.453112 0.026998 -0.135727
v -1.419695 0.039195 -0.197044
v -1.374723 0.049885 -0.250790
v -1.319924 0.058659 -0.294898
v -1.257405 0.065178 -0.327673
v -1.189568 0.069193 -0.347856
v -1.119020 0.070548 -0.354671
v -1.048471 0.069193 -0.347856
v -0.980634 0.065178 -0.327673
v -0.918115 0.058659 -0.294898
v -0.863316 0.049885 -0.250790
v -0.818344 0.039195 -0.197044
v -0.784927 0.026998 -0.135726
v -0.764349 0.013763 -0.069193
v -1.473690 0.026998 -0.065178
v -1.453112 0.052958 -0.127852
v -1.419695 0.076883 -0.185612
v -1.374723 0.097853 -0.236239
v -1.319924 0.115063 -0.277788
v -1.257405 0.127852 -0.308661
v -1.189568 0.135727 -0.327673
v -1.119020 0.138386 -0.334092
v -1.048471 0.135727 -0.327673
v -0.980634 0.127852 -0.308661
v -0.918115 0.115063 -0.277788
v -0.863316 0.097853 -0.236239
v -0.818344 0.076883 -0.185612
v -0.784927 0.052958 -0.127852
v -0.764349 0.026998 -0.065178
v -1.473690 0.039195 -0.058659
v -1.453112 0.076883 -0.115063
v -1.419695 0.111617 -0.167046
v -1.374723 0.142061 -0.212609
v -1.319924 0.167046 -0.250002
v -1.257405 0.185612 -0.277788
v -1.189568 0.197044 -0.294898
v -1.119020 0.200905 -0.300675
v -1.048471 0.197044 -0.294898
v -0.980634 0.185612 -0.277788
v -0.918115 0.167046 -0.250002
v -0.863316 0.142061 -0.212609
v -0.818344 0.111617 -0.167046
v -0.784927 0.076883 -0.115063
v -0.764349 0.039195 -0.058659
v -1.473690 0.049885 -0.049885
v -1.453112 0.097854 -0.097853
v -1.419695 0.142061 -0.142061
v -1.374723 0.180810 -0.180809
v -1.319924 0.212610 -0.212609
v -1.257405 0.236239 -0.236239
v -1.189568 0.250790 -0.250790
v -1.119020 0.255703 -0.255703
v -1.048471 0.250790 -0.250790
v -0.980634 0.236239 -0.236239
v -0.918115 0.212609 -0.212609
v -0.863316 0.180809 -0.180809
v -0.818344 0.142061 -0.142061
v -0.784927 0.097853 -0.097853
v -0.764349 0.049885 -0.049885
v -1.473690 0.058659 -0.039195
v -1.453112 0.115064 -0.076883
v -1.419695 0.167046 -0.111617
v -1.374723 0.212610 -0.142061
v -1.319924 0.250002 -0.167046
v -1.257405 0.277788 -0.185612
v -1.189568 0.294898 -0.197044
v -1.119020 0.300675 -0.200905
v -1.048471 0.294898 -0.197044
v -0.980634 0.277788 -0.185612
v -0.918115 0.250002 -0.167046
v -0.863316 0.212609 -0.142061
v -0.818344 0.167046 -0.111617
v -0.784927 0.115063 -0.076883
v -0.764349 0.058659 -0.039194
v -0.757401 -0.000000 0.000000
v -1.473690 0.065178 -0.026998
v -1.453112 0.127852 -0.052958
v -1.419695 0.185612 -0.076883
v -1.374723 0.236239 -0.097853
v -1.319924 0.277788 -0.115063
v -1.257405 0.308661 -0.127852
v -1.189568 0.327673 -0.135726
v -1.119020 0.334092 -0.138385
v -1.048471 0.327673 -0.135726
v -0.980634 0.308661 -0.127852
v -0.918115 0.277788 -0.115063
v -0.863316 0.236239 -0.097853
v -0.818344 0.185612 -0.076883
v -0.784927 0.127852 -0.052958
v -0.764349 0.065178 -0.026998
v -1.473690 0.069193 -0.013763
v -1.453112 0.135727 -0.026998
v -1.419695 0.197045 -0.039195
v -1.374723 0.250790 -0.049885
v -1.319924 0.294898 -0.058659
v -1.257405 0.327673 -0.065178
v -1.189568 0.347856 -0.069193
v -1.119020 0.354671 -0.070548
v -1.048471 0.347856 -0.069193
v -0.980634 0.327673 -0.065178
v -0.918115 0.294898 -0.058659
v -0.863316 0.250790 -0.049885
v -0.818344 0.197044 -0.039194
v -0.784927 0.135727 -0.026998
v -0.764349 0.069193 -0.013763
v -1.473690 0.070549 0.000000
v -1.453112 0.138386 0.000000
v -1.419695 0.200905 0.000000
v -1.374723 0.255703 0.000000
v -1.319924 0.300675 0.000000
v -1.257405 0.334092 0.000000
v -1.189568 0.354671 0.000000
v -1.119020 0.361619 0.000000
v -1.048471 0.354671 0.000000
v -0.980634 0.334092 0.000000
v -0.918115 0.300675 0.000000
v -0.863316 0.255703 0.000000
v -0.818344 0.200905 0.000000
v -0.784927 0.138386 0.000000
v -0.764349 0.070548 0.000000
v -1.473690 0.069193 0.013763
v -1.453112 0.135727 0.026998
v -1.419695 0.197045 0.039195
v -1.374723 0.250790 0.049885
v -1.319924 0.294898 0.058659
v -1.257405 0.327673 0.065178
v -1.189568 0.347856 0.069193
v -1.119020 0.354671 0.070549
v -1.048471 0.347856 0.069193
v -0.980634 0.327673 0.065178
v -0.918115 0.294898 0.058659
v -0.863316 0.250790 0.049885
v -0.818344 0.197044 0.039195
v -0.784927 0.135727 0.026998
v -0.764349 0.069193 0.013763
v -1.473690 0.065178 0.026998
v -1.453112 0.127852 0.052958
v -1.419695 0.185612 0.076883
v -1.374723 0.236239 0.097853
v -1.319924 0.277788 0.115064
v -1.257405 0.308661 0.127852
v -1.189568 0.327673 0.135727
v -1.119020 0.334092 0.138386
v -1.048471 0.327673 0.135727
v -0.980634 0.308661 0.127852
v -0.918115 0.277788 0.115064
v -0.863316 0.236239 0.097854
v -0.818344 0.185612 0.076883
v -0.784927 0.127852 0.052958
v -0.764349 0.065178 0.026998
v -1.473690 0.058659 0.039195
v -1.453112 0.115064 0.076883
v -1.419695 0.167046 0.111617
v -1.374723 0.212610 0.142061
v -1.319924 0.250002 0.167046
v -1.257405 0.277788 0.185612
v -1.189568 0.294898 0.197044
v -1.119020 0.300675 0.200905
v -1.048471 0.294898 0.197045
v -0.980634 0.277788 0.185612
v -0.918115 0.250002 0.167046
v -0.863316 0.212609 0.142061
v -0.818344 0.167046 0.111617
v -0.784927 0.115063 0.076883
v -0.764349 0.058659 0.039195
v -1.473690 0.049885 0.049885
v -1.453112 0.097854 0.097853
v -1.419695 0.142061 0.142061
v -1.374723 0.180810 0.180810
v -1.319924 0.212609 0.212610
v -1.257405 0.236239 0.236239
v -1.189568 0.250790 0.250790
v -1.119020 0.255703 0.255703
v -1.048471 0.250790 0.250790
v -0.980634 0.236239 0.236239
v -0.918115 0.212609 0.212610
v -0.863316 0.180809 0.180810
v -0.818344 0.142061 0.142061
v -0.784927 0.097853 0.097854
v -0.764349 0.049885 0.049885
v -1.473690 0.039195 0.058659
v -1.453112 0.076883 0.115064
v -1.419695 0.111617 0.167046
v -1.374723 0.142061 0.212610
v -1.319924 0.167046 0.250002
v -1.257405 0.185612 0.277788
v -1.189568 0.197044 0.294898
v -1.119020 0.200905 0.300675
v -1.048471 0.197044 0.294898
v -0.980634 0.185612 0.277788
v -0.918115 0.167046 0.250002
v -0.863316 0.142061 0.212610
v -0.818344 0.111617 0.167046
v -0.784927 0.076883 0.115064
v -0.764349 0.039195 0.058659
v -1.473690 0.026998 0.065178
v -1.453112 0.052958 0.127852
v -1.419695 0.076883 0.185612
v -1.374723 0.097853 0.236239
v -1.319924 0.115063 0.277788
v -1.257405 0.127852 0.308661
v -1.189568 0.135727 0.327673
v -1.119020 0.138386 0.334092
v -1.048471 0.135726 0.327673
v -0.980634 0.127852 0.308661
v -0.918115 0.115063 0.277788
v -0.863316 0.097853 0.236239
v -0.818344 0.076883 0.185612
v -0.784927 0.052958 0.127852
v -0.764349 0.026998 0.065178
v -1.473690 0.013763 0.069193
v -1.453112 0.026998 0.135727
v -1.419695 0.039195 0.197044
v -1.374723 0.049885 0.250790
v -1.319924 0.058659 0.294898
v -1.257405 0.065178 0.327673
v -1.189568 0.069193 0.347856
v -1.119020 0.070548 0.354671
v -1.048471 0.069193 0.347856
v -0.980634 0.065178 0.327673
v -0.918115 0.058659 0.294898
v -0.863316 0.049885 0.250790
v -0.818344 0.039195 0.197045
v -0.784927 0.026998 0.135727
v -0.764349 0.013763 0.069193
v -1.473690 0.000000 0.070548
v -1.453112 0.000000 0.138386
v -1.419695 0.000000 0.200905
v -1.374723 0.000000 0.255703
v -1.319924 0.000000 0.300675
v -1.257405 0.000000 0.334092
v -1.189568 -0.000000 0.354671
v -1.119020 -0.000000 0.361619
v -1.048471 -0.000000 0.354671
v -0.980634 -0.000000 0.334092
v -0.918115 -0.000000 0.300675
v -0.863316 -0.000000 0.255703
v -0.818344 -0.000000 0.200905
v -0.784927 -0.000000 0.138386
v -0.764349 -0.000000 0.070549
v -1.473690 -0.013763 0.069193
v -1.453112 -0.026998 0.135727
v -1.419695 -0.039195 0.197044
v -1.374723 -0.049885 0.250790
v -1.319924 -0.058659 0.294898
v -1.257405 -0.065178 0.327673
v -1.189568 -0.069193 0.347856
v -1.119020 -0.070548 0.354671
v -1.048471 -0.069193 0.347856
v -0.980634 -0.065178 0.327673
v -0.918115 -0.058659 0.294898
v -0.863316 -0.049885 0.250790
v -0.818344 -0.039195 0.197045
v -0.784927 -0.026998 0.135727
v -0.764349 -0.013763 0.069193
v -1.473690 -0.026998 0.065178
v -1.453112 -0.052958 0.127852
v -1.419695 -0.076883 0.185612
v -1.374723 -0.097853 0.236239
v -1.319924 -0.115063 0.277788
v -1.257405 -0.127852 0.308661
v -1.189568 -0.135727 0.327673
v -1.119020 -0.138386 0.334092
v -1.048471 -0.135727 0.327673
v -0.980634 -0.127852 0.308661
v -0.918115 -0.115063 0.277788
v -0.863316 -0.097853 0.236239
v -0.818344 -0.076883 0.185612
v -0.784927 -0.052958 0.127852
v -0.764349 -0.026998 0.065178
v -1.480639 0.000000 0.000000
v -1.473690 -0.039195 0.058659
v -1.453112 -0.076883 0.115063
v -1.419695 -0.111617 0.167046
v -1.374723 -0.142061 0.212610
v -1.319924 -0.167046 0.250002
v -1.257405 -0.185612 0.277788
v -1.189568 -0.197044 0.294898
v -1.119020 -0.200905 0.300675
v -1.048471 -0.197044 0.294898
v -0.980634 -0.185612 0.277788
v -0.918115 -0.167046 0.250002
v -0.863316 -0.142061 0.212610
v -0.818344 -0.111617 0.167046
v -0.784927 -0.076883 0.115064
v -0.764349 -0.039195 0.058659
v -1.473690 -0.049885 0.049885
v -1.453112 -0.097853 0.097853
v -1.419695 -0.142061 0.142061
v -1.374723 -0.180809 0.180810
v -1.319924 -0.212609 0.212609
v -1.257405 -0.236239 0.236239
v -1.189568 -0.250790 0.250790
v -1.119020 -0.255703 0.255703
v -1.048471 -0.250790 0.250790
v -0.980634 -0.236239 0.236239
v -0.918115 -0.212609 0.212609
v -0.863316 -0.180810 0.180810
v -0.818344 -0.142061 0.142061
v -0.784927 -0.097853 0.097854
v -0.764349 -0.049885 0.049885
v -1.473690 -0.058659 0.039195
v -1.453112 -0.115063 0.076883
v -1.419695 -0.167046 0.111617
v -1.374723 -0.212609 0.142061
v -1.319924 -0.250002 0.167046
v -1.257405 -0.277788 0.185612
v -1.189568 -0.294898 0.197044
v -1.119020 -0.300675 0.200905
v -1.048471 -0.294898 0.197044
v -0.980634 -0.277788 0.185612
v -0.918115 -0.250002 0.167046
v -0.863316 -0.212609 0.142061
v -0.818344 -0.167046 0.111617
v -0.784927 -0.115063 0.076883
v -0.764349 -0.058659 0.039195
v -1.473690 -0.065178 0.026998
v -1.453112 -0.127852 0.052958
v -1.419695 -0.185612 0.076883
v -1.374723 -0.236239 0.097853
v -1.319924 -0.277787 0.115063
v -1.257405 -0.308661 0.127852
v -1.189568 -0.327673 0.135727
v -1.119020 -0.334092 0.138386
v -1.048471 -0.327673 0.135727
v -0.980634 -0.308661 0.127852
v -0.918115 -0.277788 0.115063
v -0.863316 -0.236239 0.097853
v -0.818344 -0.185612 0.076883
v -0.784927 -0.127852 0.052958
v -0.764349 -0.065178 0.026998
v -1.473690 -0.069193 0.013763
v -1.453112 -0.135726 0.026998
v -1.419695 -0.197044 0.039195
v -1.374723 -0.250790 0.049885
v -1.319924 -0.294898 0.058659
v -1.257405 -0.327673 0.065178
v -1.189568 -0.347856 0.069193
v -1.119020 -0.354670 0.070548
v -1.048471 -0.347856 0.069193
v -0.980634 -0.327673 0.065178
v -0.918115 -0.294898 0.058659
v -0.863316 -0.250790 0.049885
v -0.818344 -0.197044 0.039195
v -0.784927 -0.135727 0.026998
v -0.764349 -0.069193 0.013763
v -1.473690 -0.070548 0.000000
v -1.453112 -0.138385 0.000000
v -1.419695 -0.200905 0.000000
v -1.374723 -0.255703 0.000000
v -1.319924 -0.300675 0.000000
v -1.257405 -0.334092 0.000000
v -1.189568 -0.354670 0.000000
v -1.119020 -0.361619 0.000000
v -1.048471 -0.354670 0.000000
v -0.980634 -0.334092 0.000000
v -0.918115 -0.300675 0.000000
v -0.863316 -0.255703 0.000000
v -0.818344 -0.200905 0.000000
v -0.784927 -0.138386 0.000000
v -0.764349 -0.070548 0.000000
v -1.473690 -0.069193 -0.013763
v -1.453112 -0.135726 -0.026998
v -1.419695 -0.197044 -0.039195
v -1.374723 -0.250790 -0.049885
v -1.319924 -0.294898 -0.058659
v -1.257405 -0.327673 -0.065178
v -1.189568 -0.347855 -0.069193
v -1.119020 -0.354670 -0.070548
v -1.048471 -0.347855 -0.069193
v -0.980634 -0.327673 -0.065178
v -0.918115 -0.294898 -0.058659
v -0.863316 -0.250790 -0.049885
v -0.818344 -0.197044 -0.039194
v -0.784927 -0.135727 -0.026998
v -0.764349 -0.069193 -0.013763
v -1.473690 -0.065178 -0.026998
v -1.453112 -0.127852 -0.052958
v -1.419695 -0.185612 -0.076883
v -1.374723 -0.236239 -0.097853
v -1.319924 -0.277787 -0.115063
v -1.257405 -0.308661 -0.127852
v -1.189568 -0.327673 -0.135726
v -1.119020 -0.334092 -0.138386
v -1.048471 -0.327673 -0.135726
v -0.980634 -0.308661 -0.127851
v -0.918115 -0.277787 -0.115063
v -0.863316 -0.236239 -0.097853
v -0.818344 -0.185612 -0.076883
v -0.784927 -0.127852 -0.052958
v -0.764349 -0.065178 -0.026998
v -1.473690 -0.058659 -0.039195
v -1.453112 -0.115063 -0.076883
v -1.419695 -0.167046 -0.111617
v -1.374723 -0.212609 -0.142061
v -1.319924 -0.250002 -0.167046
v -1.257405 -0.277788 -0.185612
v -1.189568 -0.294898 -0.197044
v -1.119020 -0.300675 -0.200905
v -1.048471 -0.294898 -0.197044
v -0.980634 -0.277788 -0.185612
v -0.918115 -0.250002 -0.167046
v -0.863316 -0.212609 -0.142061
v -0.818344 -0.167046 -0.111617
v -0.784927 -0.115063 -0.076883
v -0.764349 -0.058659 -0.039194
v -1.473690 -0.049885 -0.049885
v -1.453112 -0.097853 -0.097853
v -1.419695 -0.142061 -0.142061
v -1.374723 -0.180809 -0.180809
v -1.319924 -0.212609 -0.212609
v -1.257405 -0.236239 -0.236239
v -1.189568 -0.250790 -0.250790
v -1.119020 -0.255703 -0.255703
v -1.048471 -0.250790 -0.250790
v -0.980634 -0.236239 -0.236239
v -0.918115 -0.212609 -0.212609
v -0.863316 -0.180809 -0.180809
v -0.818344 -0.142061 -0.142061
v -0.784927 -0.097853 -0.097853
v -0.764349 -0.049885 -0.049885
v -1.473690 -0.039195 -0.058659
v -1.453112 -0.076883 -0.115063
v -1.419695 -0.111617 -0.167046
v -1.374723 -0.142061 -0.212609
v -1.319924 -0.167046 -0.250002
v -1.257405 -0.185612 -0.277788
v -1.189568 -0.197044 -0.294898
v -1.119020 -0.200905 -0.300675
v -1.048471 -0.197044 -0.294898
v -0.980634 -0.185612 -0.277787
v -0.918115 -0.167046 -0.250002
v -0.863316 -0.142061 -0.212609
v -0.818344 -0.111617 -0.167046
v -0.784927 -0.076883 -0.115063
v -0.764349 -0.039195 -0.058659
v -1.473690 -0.026998 -0.065178
v -1.453112 -0.052958 -0.127852
v -1.419695 -0.076883 -0.185612
v -1.374723 -0.097853 -0.236239
v -1.319924 -0.115063 -0.277787
v -1.257405 -0.127852 -0.308661
v -1.189568 -0.135726 -0.327673
v -1.119020 -0.138385 -0.334092
v -1.048471 -0.135726 -0.327673
v -0.980634 -0.127852 -0.308661
v -0.918115 -0.115063 -0.277787
v -0.863316 -0.097853 -0.236239
v -0.818344 -0.076883 -0.185612
v -0.784927 -0.052958 -0.127851
v -0.764349 -0.026998 -0.065178
v -1.473690 -0.013763 -0.069193
v -1.453112 -0.026998 -0.135726
v -1.419695 -0.039194 -0.197044
v -1.374723 -0.049885 -0.250790
v -1.319924 -0.058659 -0.294898
v -1.257405 -0.065178 -0.327673
v -1.189568 -0.069193 -0.347855
v -1.119020 -0.070548 -0.354670
v -1.048471 -0.069193 -0.347855
v -0.980634 -0.065178 -0.327673
v -0.918115 -0.058659 -0.294897
v -0.863316 -0.049885 -0.250790
v -0.818344 -0.039195 -0.197044
v -0.784927 -0.026998 -0.135726
v -0.764349 -0.013763 -0.069193
v -1.473690 0.000000 -0.070548
v -1.453112 0.000000 -0.138385
v -1.419695 0.000000 -0.200905
v -1.374723 0.000000 -0.255703
v -1.319924 0.000000 -0.300675
v -1.257405 0.000000 -0.334092
v -1.189568 0.000000 -0.354670
v -1.119020 0.000000 -0.361619
v -1.048471 0.000000 -0.354670
v -0.980634 -0.000000 -0.334092
v -0.918115 0.000000 -0.300675
v -0.863316 0.000000 -0.255703
v -0.818344 -0.000000 -0.200904
v -0.784927 -0.000000 -0.138385
v -0.764349 -0.000000 -0.070548
v 1.473690 0.013763 -0.069193
v 1.453112 0.026998 -0.135727
v 1.419695 0.039195 -0.197044
v 1.374723 0.049885 -0.250790
v 1.319924 0.058659 -0.294898
v 1.257405 0.065178 -0.327673
v 1.189568 0.069193 -0.347856
v 1.119019 0.070548 -0.354671
v 1.048471 0.069193 -0.347856
v 0.980634 0.065178 -0.327673
v 0.918115 0.058659 -0.294898
v 0.863316 0.049885 -0.250790
v 0.818344 0.039195 -0.197044
v 0.784927 0.026998 -0.135726
v 0.764349 0.013763 -0.069193
v 1.473690 0.026998 -0.065178
v 1.453112 0.052958 -0.127852
v 1.419695 0.076883 -0.185612
v 1.374723 0.097853 -0.236239
v 1.319924 0.115063 -0.277788
v 1.257405 0.127852 -0.308661
v 1.189568 0.135727 -0.327673
v 1.119019 0.138386 -0.334092
v 1.048471 0.135727 -0.327673
v 0.980634 0.127852 -0.308661
v 0.918115 0.115063 -0.277788
v 0.863316 0.097853 -0.236239
v 0.818344 0.076883 -0.185612
v 0.784927 0.052958 -0.127852
v 0.764349 0.026998 -0.065178
v 1.473690 0.039195 -0.058659
v 1.453112 0.076883 -0.115063
v 1.419695 0.111617 -0.167046
v 1.374723 0.142061 -0.212609
v 1.319924 0.167046 -0.250002
v 1.257405 0.185612 -0.277788
v 1.189568 0.197044 -0.294898
v 1.119019 0.200905 -0.300675
v 1.048471 0.197044 -0.294898
v 0.980634 0.185612 -0.277788
v 0.918115 0.167046 -0.250002
v 0.863316 0.142061 -0.212609
v 0.818344 0.111617 -0.167046
v 0.784927 0.076883 -0.115063
v 0.764349 0.039195 -0.058659
v 1.473690 0.049885 -0.049885
v 1.453112 0.097854 -0.097853
v 1.419695 0.142061 -0.142061
v 1.374723 0.180810 -0.180809
v 1.319924 0.212610 -0.212609
v 1.257405 0.236239 -0.236239
v 1.189568 0.250790 -0.250790
v 1.119019 0.255703 -0.255703
v 1.048471 0.250790 -0.250790
v 0.980634 0.236239 -0.236239
v 0.918115 0.212609 -0.212609
v 0.863316 0.180809 -0.180809
v 0.818344 0.142061 -0.142061
v 0.784927 0.097853 -0.097853
v 0.764349 0.049885 -0.049885
v 1.473690 0.058659 -0.039195
v 1.453112 0.115064 -0.076883
v 1.419695 0.167046 -0.111617
v 1.374723 0.212610 -0.142061
v 1.319924 0.250002 -0.167046
v 1.257405 0.277788 -0.185612
v 1.189568 0.294898 -0.197044
v 1.119019 0.300675 -0.200905
v 1.048471 0.294898 -0.197044
v 0.980634 0.277788 -0.185612
v 0.918115 0.250002 -0.167046
v 0.863317 0.212609 -0.142061
v 0.818344 0.167046 -0.111617
v 0.784927 0.115063 -0.076883
v 0.764349 0.058659 -0.039194
v 0.757401 -0.000000 0.000000
v 1.473690 0.065178 -0.026998
v 1.453112 0.127852 -0.052958
v 1.419695 0.185612 -0.076883
v 1.374723 0.236239 -0.097853
v 1.319924 0.277788 -0.115063
v 1.257405 0.308661 -0.127852
v 1.189568 0.327673 -0.135726
v 1.119019 0.334092 -0.138385
v 1.048471 0.327673 -0.135726
v 0.980634 0.308661 -0.127852
v 0.918115 0.277788 -0.115063
v 0.863316 0.236239 -0.097853
v 0.818344 0.185612 -0.076883
v 0.784927 0.127852 -0.052958
v 0.764349 0.065178 -0.026998
v 1.473690 0.069193 -0.013763
v 1.453112 0.135727 -0.026998
v 1.419695 0.197045 -0.039195
v 1.374723 0.250790 -0.049885
v 1.319924 0.294898 -0.058659
v 1.257405 0.327673 -0.065178
v 1.189568 0.347856 -0.069193
v 1.119019 0.354671 -0.070548
v 1.048471 0.347856 -0.069193
v 0.980634 0.327673 -0.065178
v 0.918115 0.294898 -0.058659
v 0.863316 0.250790 -0.049885
v 0.818344 0.197044 -0.039194
v 0.784927 0.135727 -0.026998
v 0.764349 0.069193 -0.013763
v 1.473690 0.070549 0.000000
v 1.453112 0.138386 0.000000
v 1.419695 0.200905 0.000000
v 1.374723 0.255703 0.000000
v 1.319924 0.300675 0.000000
v 1.257405 0.334092 0.000000
v 1.189568 0.354671 0.000000
v 1.119019 0.361619 0.000000
v 1.048471 0.354671 0.000000
v 0.980634 0.334092 0.000000
v 0.918115 0.300675 0.000000
v 0.863316 0.255703 0.000000
v 0.818344 0.200905 0.000000
v 0.784927 0.138386 0.000000
v 0.764349 0.070548 0.000000
v 1.473690 0.069193 0.013763
v 1.453112 0.135727 0.026998
v 1.419695 0.197045 0.039195
v 1.374723 0.250790 0.049885
v 1.319924 0.294898 0.058659
v 1.257405 0.327673 0.065178
v 1.189568 0.347856 0.069193
v 1.119019 0.354671 0.070549
v 1.048471 0.347856 0.069193
v 0.980634 0.327673 0.065178
v 0.918115 0.294898 0.058659
v 0.863316 0.250790 0.049885
v 0.818344 0.197044 0.039195
v 0.784927 0.135727 0.026998
v 0.764349 0.069193 0.013763
v 1.473690 0.065178 0.026998
v 1.453112 0.127852 0.052958
v 1.419695 0.185612 0.076883
v 1.374723 0.236239 0.097853
v 1.319924 0.277788 0.115064
v 1.257405 0.308661 0.127852
v 1.189568 0.327673 0.135727
v 1.119020 0.334092 0.138386
v 1.048471 0.327673 0.135727
v 0.980634 0.308661 0.127852
v 0.918115 0.277788 0.115064
v 0.863316 0.236239 0.097854
v 0.818345 0.185612 0.076883
v 0.784927 0.127852 0.052958
v 0.764349 0.065178 0.026998
v 1.473690 0.058659 0.039195
v 1.453112 0.115064 0.076883
v 1.419695 0.167046 0.111617
v 1.374723 0.212610 0.142061
v 1.319924 0.250002 0.167046
v 1.257405 0.277788 0.185612
v 1.189568 0.294898 0.197044
v 1.119020 0.300675 0.200905
v 1.048471 0.294898 0.197045
v 0.980634 0.277788 0.185612
v 0.918115 0.250002 0.167046
v 0.863316 0.212609 0.142061
v 0.818345 0.167046 0.111617
v 0.784927 0.115063 0.076883
v 0.764349 0.058659 0.039195
v 1.473690 0.049885 0.049885
v 1.453112 0.097854 0.097853
v 1.419695 0.142061 0.142061
v 1.374723 0.180810 0.180810
v 1.319924 0.212609 0.212610
v 1.257405 0.236239 0.236239
v 1.189568 0.250790 0.250790
v 1.119020 0.255703 0.255703
v 1.048471 0.250790 0.250790
v 0.980634 0.236239 0.236239
v 0.918115 0.212609 0.212610
v 0.863317 0.180809 0.180810
v 0.818345 0.142061 0.142061
v 0.784927 0.097853 0.097854
v 0.764349 0.049885 0.049885
v 1.473690 0.039195 0.058659
v 1.453112 0.076883 0.115064
v 1.419695 0.111617 0.167046
v 1.374723 0.142061 0.212610
v 1.319924 0.167046 0.250002
v 1.257405 0.185612 0.277788
v 1.189568 0.197044 0.294898
v 1.119020 0.200905 0.300675
v 1.048471 0.197044 0.294898
v 0.980634 0.185612 0.277788
v 0.918115 0.167046 0.250002
v 0.863317 0.142061 0.212610
v 0.818345 0.111617 0.167046
v 0.784927 0.076883 0.115064
v 0.764349 0.039195 0.058659
v 1.473690 0.026998 0.065178
v 1.453112 0.052958 0.127852
v 1.419695 0.076883 0.185612
v 1.374723 0.097853 0.236239
v 1.319924 0.115063 0.277788
v 1.257405 0.127852 0.308661
v 1.189568 0.135727 0.327673
v 1.119020 0.138386 0.334092
v 1.048471 0.135726 0.327673
v 0.980634 0.127852 0.308661
v 0.918115 0.115063 0.277788
v 0.863317 0.097853 0.236239
v 0.818345 0.076883 0.185612
v 0.784927 0.052958 0.127852
v 0.764349 0.026998 0.065178
v 1.473690 0.013763 0.069193
v 1.453112 0.026998 0.135727
v 1.419695 0.039195 0.197044
v 1.374723 0.049885 0.250790
v 1.319924 0.058659 0.294898
v 1.257405 0.065178 0.327673
v 1.189568 0.069193 0.347856
v 1.119020 0.070548 0.354671
v 1.048472 0.069193 0.347856
v 0.980634 0.065178 0.327673
v 0.918115 0.058659 0.294898
v 0.863317 0.049885 0.250790
v 0.818345 0.039195 0.197045
v 0.784927 0.026998 0.135727
v 0.764349 0.013763 0.069193
v 1.473690 0.000000 0.070548
v 1.453112 0.000000 0.138386
v 1.419695 0.000000 0.200905
v 1.374723 0.000000 0.255703
v 1.319924 0.000000 0.300675
v 1.257405 0.000000 0.334092
v 1.189568 -0.000000 0.354671
v 1.119020 -0.000000 0.361619
v 1.048472 -0.000000 0.354671
v 0.980634 -0.000000 0.334092
v 0.918115 -0.000000 0.300675
v 0.863317 -0.000000 0.255703
v 0.818345 -0.000000 0.200905
v 0.784927 -0.000000 0.138386
v 0.764349 -0.000000 0.070549
v 1.473690 -0.013763 0.069193
v 1.453112 -0.026998 0.135727
v 1.419695 -0.039195 0.197044
v 1.374723 -0.049885 0.250790
v 1.319924 -0.058659 0.294898
v 1.257405 -0.065178 0.327673
v 1.189568 -0.069193 0.347856
v 1.119020 -0.070548 0.354671
v 1.048472 -0.069193 0.347856
v 0.980634 -0.065178 0.327673
v 0.918115 -0.058659 0.294898
v 0.863317 -0.049885 0.250790
v 0.818345 -0.039195 0.197045
v 0.784927 -0.026998 0.135727
v 0.764349 -0.013763 0.069193
v 1.473690 -0.026998 0.065178
v 1.453112 -0.052958 0.127852
v 1.419695 -0.076883 0.185612
v 1.374723 -0.097853 0.236239
v 1.319924 -0.115063 0.277788
v 1.257405 -0.127852 0.308661
v 1.189568 -0.135727 0.327673
v 1.119020 -0.138386 0.334092
v 1.048472 -0.135727 0.327673
v 0.980634 -0.127852 0.308661
v 0.918115 -0.115063 0.277788
v 0.863317 -0.097853 0.236239
v 0.818345 -0.076883 0.185612
v 0.784927 -0.052958 0.127852
v 0.764349 -0.026998 0.065178
v 1.480639 0.000000 0.000000
v 1.473690 -0.039195 0.058659
v 1.453112 -0.076883 0.115063
v 1.419695 -0.111617 0.167046
v 1.374723 -0.142061 0.212609
v 1.319924 -0.167046 0.250002
v 1.257405 -0.185612 0.277788
v 1.189568 -0.197044 0.294898
v 1.119020 -0.200905 0.300675
v 1.048472 -0.197044 0.294898
v 0.980634 -0.185612 0.277788
v 0.918115 -0.167046 0.250002
v 0.863317 -0.142061 0.212610
v 0.818345 -0.111617 0.167046
v 0.784927 -0.076883 0.115064
v 0.764349 -0.039195 0.058659
v 1.473690 -0.049885 0.049885
v 1.453112 -0.097853 0.097853
v 1.419695 -0.142061 0.142061
v 1.374723 -0.180809 0.180810
v 1.319924 -0.212609 0.212609
v 1.257405 -0.236239 0.236239
v 1.189568 -0.250790 0.250790
v 1.119020 -0.255703 0.255703
v 1.048472 -0.250790 0.250790
v 0.980634 -0.236239 0.236239
v 0.918115 -0.212609 0.212609
v 0.863317 -0.180810 0.180810
v 0.818345 -0.142061 0.142061
v 0.784927 -0.097853 0.097853
v 0.764349 -0.049885 0.049885
v 1.473690 -0.058659 0.039195
v 1.453112 -0.115063 0.076883
v 1.419695 -0.167046 0.111617
v 1.374723 -0.212609 0.142061
v 1.319924 -0.250002 0.167046
v 1.257405 -0.277788 0.185612
v 1.189568 -0.294898 0.197044
v 1.119020 -0.300675 0.200905
v 1.048472 -0.294898 0.197044
v 0.980634 -0.277788 0.185612
v 0.918115 -0.250002 0.167046
v 0.863316 -0.212609 0.142061
v 0.818345 -0.167046 0.111617
v 0.784927 -0.115063 0.076883
v 0.764349 -0.058659 0.039195
v 1.473690 -0.065178 0.026998
v 1.453112 -0.127852 0.052958
v 1.419695 -0.185612 0.076883
v 1.374723 -0.236239 0.097853
v 1.319924 -0.277787 0.115063
v 1.257405 -0.308661 0.127852
v 1.189568 -0.327673 0.135727
v 1.119020 -0.334092 0.138386
v 1.048472 -0.327673 0.135727
v 0.980634 -0.308661 0.127852
v 0.918115 -0.277788 0.115063
v 0.863317 -0.236239 0.097853
v 0.818345 -0.185612 0.076883
v 0.784927 -0.127852 0.052958
v 0.764349 -0.065178 0.026998
v 1.473690 -0.069193 0.013763
v 1.453112 -0.135726 0.026998
v 1.419695 -0.197044 0.039195
v 1.374723 -0.250790 0.049885
v 1.319924 -0.294898 0.058659
v 1.257405 -0.327673 0.065178
v 1.189568 -0.347856 0.069193
v 1.119020 -0.354671 0.070548
v 1.048472 -0.347856 0.069193
v 0.980634 -0.327673 0.065178
v 0.918115 -0.294898 0.058659
v 0.863317 -0.250790 0.049885
v 0.818345 -0.197044 0.039195
v 0.784927 -0.135727 0.026998
v 0.764349 -0.069193 0.013763
v 1.473690 -0.070548 0.000000
v 1.453112 -0.138386 0.000000
v 1.419695 -0.200905 0.000000
v 1.374723 -0.255703 0.000000
v 1.319924 -0.300675 0.000000
v 1.257405 -0.334092 0.000000
v 1.189568 -0.354670 0.000000
v 1.119020 -0.361619 0.000000
v 1.048472 -0.354670 0.000000
v 0.980634 -0.334092 0.000000
v 0.918115 -0.300675 0.000000
v 0.863317 -0.255703 0.000000
v 0.818345 -0.200905 0.000000
v 0.784927 -0.138386 0.000000
v 0.764349 -0.070548 0.000000
v 1.473690 -0.069193 -0.013763
v 1.453112 -0.135726 -0.026998
v 1.419695 -0.197044 -0.039195
v 1.374723 -0.250790 -0.049885
v 1.319924 -0.294898 -0.058659
v 1.257405 -0.327673 -0.065178
v 1.189568 -0.347855 -0.069193
v 1.119020 -0.354670 -0.070548
v 1.048472 -0.347855 -0.069193
v 0.980634 -0.327673 -0.065178
v 0.918115 -0.294898 -0.058659
v 0.863317 -0.250790 -0.049885
v 0.818345 -0.197044 -0.039194
v 0.784927 -0.135727 -0.026998
v 0.764349 -0.069193 -0.013763
v 1.473690 -0.065178 -0.026998
v 1.453112 -0.127852 -0.052958
v 1.419695 -0.185612 -0.076883
v 1.374723 -0.236239 -0.097853
v 1.319924 -0.277787 -0.115063
v 1.257405 -0.308661 -0.127852
v 1.189568 -0.327673 -0.135726
v 1.119020 -0.334092 -0.138386
v 1.048472 -0.327673 -0.135726
v 0.980634 -0.308661 -0.127851
v 0.918115 -0.277787 -0.115063
v 0.863317 -0.236239 -0.097853
v 0.818345 -0.185612 -0.076883
v 0.784927 -0.127852 -0.052958
v 0.764349 -0.065178 -0.026998
v 1.473690 -0.058659 -0.039195
v 1.453112 -0.115063 -0.076883
v 1.419695 -0.167046 -0.111617
v 1.374723 -0.212609 -0.142061
v 1.319924 -0.250002 -0.167046
v 1.257405 -0.277788 -0.185612
v 1.189568 -0.294898 -0.197044
v 1.119020 -0.300675 -0.200905
v 1.048472 -0.294898 -0.197044
v 0.980634 -0.277788 -0.185612
v 0.918115 -0.250002 -0.167046
v 0.863317 -0.212609 -0.142061
v 0.818345 -0.167046 -0.111617
v 0.784927 -0.115063 -0.076883
v 0.764349 -0.058659 -0.039194
v 1.473690 -0.049885 -0.049885
v 1.453112 -0.097853 -0.097853
v 1.419695 -0.142061 -0.142061
v 1.374723 -0.180809 -0.180809
v 1.319924 -0.212609 -0.212609
v 1.257405 -0.236239 -0.236239
v 1.189568 -0.250790 -0.250790
v 1.119020 -0.255703 -0.255703
v 1.048471 -0.250790 -0.250790
v 0.980634 -0.236239 -0.236239
v 0.918115 -0.212609 -0.212609
v 0.863317 -0.180809 -0.180809
v 0.818345 -0.142061 -0.142061
v 0.784927 -0.097853 -0.097853
v 0.764349 -0.049885 -0.049885
v 1.473690 -0.039195 -0.058659
v 1.453112 -0.076883 -0.115063
v 1.419695 -0.111617 -0.167046
v 1.374723 -0.142061 -0.212609
v 1.319924 -0.167046 -0.250002
v 1.257405 -0.185612 -0.277787
v 1.189568 -0.197044 -0.294898
v 1.119020 -0.200905 -0.300675
v 1.048471 -0.197044 -0.294897
v 0.980634 -0.185612 -0.277787
v 0.918115 -0.167046 -0.250002
v 0.863317 -0.142061 -0.212609
v 0.818345 -0.111617 -0.167046
v 0.784927 -0.076883 -0.115063
v 0.764349 -0.039195 -0.058659
v 1.473690 -0.026998 -0.065178
v 1.453112 -0.052958 -0.127852
v 1.419695 -0.076883 -0.185612
v 1.374723 -0.097853 -0.236239
v 1.319924 -0.115063 -0.277787
v 1.257405 -0.127852 -0.308661
v 1.189568 -0.135726 -0.327673
v 1.119020 -0.138385 -0.334092
v 1.048471 -0.135726 -0.327673
v 0.980634 -0.127852 -0.308661
v 0.918115 -0.115063 -0.277787
v 0.863317 -0.097853 -0.236239
v 0.818345 -0.076883 -0.185612
v 0.784927 -0.052958 -0.127851
v 0.764349 -0.026998 -0.065178
v 1.473690 -0.013763 -0.069193
v 1.453112 -0.026998 -0.135726
v 1.419695 -0.039194 -0.197044
v 1.374723 -0.049885 -0.250790
v 1.319924 -0.058659 -0.294898
v 1.257405 -0.065178 -0.327673
v 1.189568 -0.069193 -0.347855
v 1.119020 -0.070548 -0.354670
v 1.048471 -0.069193 -0.347855
v 0.980634 -0.065178 -0.327673
v 0.918115 -0.058659 -0.294897
v 0.863316 -0.049885 -0.250790
v 0.818345 -0.039195 -0.197044
v 0.784927 -0.026998 -0.135726
v 0.764349 -0.013763 -0.069193
v 1.473690 0.000000 -0.070548
v 1.453112 0.000000 -0.138385
v 1.419695 0.000000 -0.200905
v 1.374723 0.000000 -0.255703
v 1.319924 0.000000 -0.300675
v 1.257405 0.000000 -0.334092
v 1.189568 0.000000 -0.354670
v 1.119020 0.000000 -0.361619
v 1.048471 0.000000 -0.354670
v 0.980634 -0.000000 -0.334092
v 0.918115 0.000000 -0.300675
v 0.863316 0.000000 -0.255703
v 0.818344 -0.000000 -0.200904
v 0.784927 -0.000000 -0.138385
v 0.764349 -0.000000 -0.070548
vt 0.4830 0.4993
vt 0.4742 0.4548
vt 0.5105 0.4548
vt 0.5139 0.4993
vt 0.4692 0.0984
vt 0.4766 0.0456
vt 0.5075 0.0456
vt 0.5055 0.0984
vt 0.2384 0.9042
vt 0.2373 0.9533
vt 0.2072 0.9577
vt 0.2148 0.9077
vt 0.4639 0.1569
vt 0.5042 0.1569
vt 0.2365 0.8487
vt 0.2202 0.8511
vt 0.4610 0.2190
vt 0.5038 0.2190
vt 0.2317 0.7889
vt 0.2234 0.7901
vt 0.4607 0.2822
vt 0.5043 0.2822
vt 0.4784 0.6643
vt 0.5174 0.6911
vt 0.4750 0.6753
vt 0.2243 0.7270
vt 0.4628 0.3441
vt 0.5056 0.3441
vt 0.4408 0.6420
vt 0.4343 0.6635
vt 0.4674 0.4024
vt 0.5077 0.4024
vt 0.4062 0.6251
vt 0.3967 0.6562
vt 0.4860 0.0007
vt 0.5102 0.0007
vt 0.5488 0.4013
vt 0.5475 0.4538
vt 0.5349 0.0000
vt 0.5389 0.0447
vt 0.5454 0.4984
vt 0.5424 0.0973
vt 0.1771 0.9533
vt 0.1911 0.9042
vt 0.5453 0.1557
vt 0.2039 0.8487
vt 0.5475 0.2177
vt 0.2151 0.7889
vt 0.5488 0.2809
vt 0.4733 0.6869
vt 0.5493 0.3429
vt 0.4310 0.6863
vt 0.3919 0.6893
vt 0.1882 0.8417
vt 0.2071 0.7853
vt 0.5903 0.2153
vt 0.5924 0.2784
vt 0.4733 0.6987
vt 0.5920 0.3404
vt 0.4310 0.7095
vt 0.5891 0.3990
vt 0.3919 0.7231
vt 0.5838 0.4517
vt 0.3577 0.6959
vt 0.3577 0.7388
vt 0.5762 0.4967
vt 0.5698 0.0430
vt 0.5787 0.0952
vt 0.1481 0.9404
vt 0.1683 0.8941
vt 0.5856 0.1534
vt 0.3967 0.7562
vt 0.3638 0.7809
vt 0.1284 0.9788
vt 0.0969 0.9541
vt 0.1213 0.9193
vt 0.5988 0.0404
vt 0.6129 0.0922
vt 0.1472 0.8775
vt 0.6236 0.1501
vt 0.1737 0.8303
vt 0.6305 0.2117
vt 0.1997 0.7795
vt 0.6335 0.2748
vt 0.4750 0.7104
vt 0.6323 0.3369
vt 0.4343 0.7323
vt 0.6271 0.3956
vt 0.6179 0.4487
vt 0.6668 0.2072
vt 0.6704 0.2702
vt 0.4784 0.7213
vt 0.1932 0.7717
vt 0.6686 0.3323
vt 0.4408 0.7538
vt 0.6612 0.3913
vt 0.4062 0.7873
vt 0.6486 0.4448
vt 0.3758 0.8206
vt 0.0692 0.9207
vt 0.0978 0.8910
vt 0.6249 0.0371
vt 0.6436 0.0884
vt 0.1287 0.8553
vt 0.6577 0.1458
vt 0.1610 0.8150
vt 0.0464 0.8801
vt 0.0784 0.8564
vt 0.3509 0.8524
vt 0.3933 0.8563
vt 0.3715 0.8944
vt 0.1135 0.8281
vt 0.6697 0.0839
vt 0.6867 0.1408
vt 0.1505 0.7963
vt 0.6976 0.2018
vt 0.1879 0.7621
vt 0.7018 0.2647
vt 0.4832 0.7312
vt 0.6994 0.3270
vt 0.4503 0.7731
vt 0.6902 0.3863
vt 0.4199 0.8154
vt 0.0443 0.9434
vt 0.0189 0.8983
vt 0.1839 0.7513
vt 0.8780 0.4484
vt 0.8337 0.4539
vt 0.8302 0.4092
vt 0.8746 0.4046
vt 0.4893 0.7395
vt 0.4623 0.7896
vt 0.9211 0.4336
vt 0.9178 0.3924
vt 0.4374 0.8393
vt 0.0000 0.8468
vt 0.0294 0.8338
vt 0.4156 0.8867
vt 0.0639 0.8170
vt 0.3977 0.9301
vt 0.1021 0.7972
vt 0.3553 0.9280
vt 0.3844 0.9677
vt 0.1427 0.7750
vt 0.7899 0.4497
vt 0.7482 0.4361
vt 0.7450 0.3948
vt 0.7864 0.4059
vt 0.0549 0.7743
vt 0.0950 0.7636
vt 0.7075 0.3765
vt 0.7051 0.3328
vt 0.7423 0.3463
vt 0.1378 0.7518
vt 0.7836 0.3544
vt 0.1814 0.7395
vt 0.8273 0.3567
vt 0.4965 0.7461
vt 0.8717 0.3531
vt 0.4765 0.8025
vt 0.9152 0.3439
vt 0.4580 0.8580
vt 0.9584 0.3729
vt 0.9560 0.3292
vt 0.4417 0.9106
vt 0.0188 0.7835
vt 0.4284 0.9581
vt 0.5046 0.7507
vt 0.4922 0.8114
vt 0.8696 0.2959
vt 0.9132 0.2899
vt 0.4808 0.8709
vt 0.9542 0.2807
vt 0.4708 0.9270
vt 0.0150 0.7312
vt 0.0516 0.7298
vt 0.4626 0.9774
vt 0.0925 0.7286
vt 0.7033 0.2842
vt 0.7404 0.2924
vt 0.1360 0.7278
vt 0.7815 0.2971
vt 0.1805 0.7272
vt 0.8252 0.2983
vt 0.7022 0.2327
vt 0.7392 0.2351
vt 0.0946 0.6937
vt 0.1375 0.7037
vt 0.7802 0.2363
vt 0.1813 0.7149
vt 0.8238 0.2363
vt 0.5131 0.7530
vt 0.8683 0.2350
vt 0.5089 0.8159
vt 0.9120 0.2326
vt 0.5050 0.8775
vt 0.9531 0.2291
vt 0.5017 0.9354
vt 0.9911 0.2685
vt 0.9902 0.2247
vt 0.4989 0.9873
vt 0.0543 0.6853
vt 0.8679 0.1730
vt 0.9116 0.1742
vt 0.5259 0.8159
vt 0.5298 0.8775
vt 0.9528 0.1766
vt 0.5331 0.9354
vt 0.9899 0.1800
vt 0.5359 0.9873
vt 0.0629 0.6426
vt 0.1013 0.6601
vt 0.7018 0.1801
vt 0.7387 0.1767
vt 0.1421 0.6805
vt 0.7798 0.1743
vt 0.1836 0.7031
vt 0.8234 0.1731
vt 0.5218 0.7530
vt 0.1123 0.6291
vt 0.1497 0.6592
vt 0.7392 0.1194
vt 0.7802 0.1135
vt 0.1875 0.6923
vt 0.8238 0.1110
vt 0.5303 0.7507
vt 0.8683 0.1122
vt 0.5426 0.8114
vt 0.9120 0.1169
vt 0.5540 0.8709
vt 0.9531 0.1250
vt 0.5640 0.9270
vt 0.9902 0.1361
vt 0.5722 0.9774
vt 0.0769 0.6031
vt 0.7022 0.1285
vt 0.5584 0.8025
vt 0.5769 0.8580
vt 0.9132 0.0629
vt 0.9542 0.0764
vt 0.5931 0.9106
vt 0.9911 0.0948
vt 0.6064 0.9581
vt 0.0959 0.5686
vt 0.1273 0.6020
vt 0.7033 0.0800
vt 0.7404 0.0654
vt 0.1600 0.6405
vt 0.7815 0.0561
vt 0.1927 0.6827
vt 0.8252 0.0526
vt 0.5383 0.7461
vt 0.8696 0.0549
vt 0.7423 0.0168
vt 0.7836 0.0046
vt 0.1725 0.6251
vt 0.1991 0.6749
vt 0.8273 0.0000
vt 0.5455 0.7395
vt 0.8717 0.0033
vt 0.5725 0.7896
vt 0.9152 0.0143
vt 0.5974 0.8393
vt 0.9560 0.0327
vt 0.6192 0.8867
vt 0.0670 0.5416
vt 0.0943 0.5083
vt 0.1191 0.5402
vt 0.6372 0.9301
vt 0.1455 0.5797
vt 0.7051 0.0362
vt 0.9757 0.5928
vt 0.9890 0.6507
vt 0.9549 0.6540
vt 0.9450 0.5958
vt 0.6149 0.8154
vt 0.6415 0.8563
vt 0.9578 0.5411
vt 0.9317 0.5436
vt 0.6633 0.8944
vt 0.1456 0.5191
vt 0.1663 0.5631
vt 0.9890 0.8962
vt 0.9757 0.9494
vt 0.9450 0.9523
vt 0.9549 0.8995
vt 0.1869 0.6137
vt 0.9972 0.8375
vt 0.9609 0.8410
vt 0.2064 0.6691
vt 1.0000 0.7754
vt 0.9630 0.7789
vt 0.5516 0.7312
vt 0.9972 0.7123
vt 0.9609 0.7158
vt 0.5846 0.7731
vt 0.2025 0.6067
vt 0.2144 0.6655
vt 0.9206 0.8434
vt 0.9219 0.7814
vt 0.5565 0.7213
vt 0.9206 0.7182
vt 0.5940 0.7538
vt 0.9169 0.6562
vt 0.6286 0.7873
vt 0.9108 0.5979
vt 0.6590 0.8206
vt 0.9026 0.5453
vt 0.6839 0.8524
vt 0.1745 0.5061
vt 0.1890 0.5529
vt 0.9108 0.9544
vt 0.9169 0.9018
vt 0.8745 0.5989
vt 0.8717 0.5462
vt 0.9026 0.9991
vt 0.8717 1.0000
vt 0.8745 0.9554
vt 0.2046 0.5017
vt 0.2127 0.5494
vt 0.8765 0.9030
vt 0.2188 0.6043
vt 0.8778 0.8446
vt 0.2227 0.6643
vt 0.8782 0.7826
vt 0.5598 0.7104
vt 0.8778 0.7194
vt 0.6005 0.7323
vt 0.8765 0.6574
vt 0.6381 0.7562
vt 0.6710 0.7809
vt 0.5615 0.6987
vt 0.2310 0.6655
vt 0.8337 0.7826
vt 0.8342 0.7194
vt 0.6039 0.7095
vt 0.8354 0.6574
vt 0.6429 0.7231
vt 0.8375 0.5989
vt 0.6772 0.7388
vt 0.8403 0.5462
vt 0.8403 1.0000
vt 0.8375 0.9554
vt 0.8683 0.5014
vt 0.8436 0.5014
vt 0.8354 0.9030
vt 0.2363 0.5529
vt 0.2351 0.6067
vt 0.8342 0.8446
vt 0.8094 0.9991
vt 0.8012 0.9544
vt 0.8094 0.5453
vt 0.8194 0.5007
vt 0.7951 0.9018
vt 0.2591 0.5630
vt 0.2508 0.6137
vt 0.7914 0.8434
vt 0.2390 0.6691
vt 0.7901 0.7814
vt 0.5615 0.6869
vt 0.7914 0.7182
vt 0.6039 0.6863
vt 0.7951 0.6562
vt 0.6429 0.6893
vt 0.8012 0.5979
vt 0.6772 0.6959
vt 0.7490 0.7789
vt 0.7510 0.7158
vt 0.5598 0.6753
vt 0.6005 0.6635
vt 0.7571 0.6540
vt 0.6381 0.6562
vt 0.7670 0.5958
vt 0.6710 0.6538
vt 0.7803 0.5436
vt 0.7803 0.9974
vt 0.7670 0.9523
vt 0.7965 0.4993
vt 0.7571 0.8995
vt 0.2802 0.5796
vt 0.2653 0.6251
vt 0.7510 0.8410
vt 0.2464 0.6749
vt 0.2905 0.5401
vt 0.3140 0.5684
vt 0.2987 0.6018
vt 0.7362 0.9494
vt 0.7229 0.8962
vt 0.2780 0.6404
vt 0.7147 0.8375
vt 0.2529 0.6827
vt 0.7120 0.7754
vt 0.5565 0.6643
vt 0.7147 0.7123
vt 0.5940 0.6420
vt 0.7229 0.6507
vt 0.6286 0.6251
vt 0.7362 0.5928
vt 0.6590 0.6141
vt 0.7542 0.5411
vt 0.7542 0.9949
vt 0.5516 0.6545
vt 0.5846 0.6227
vt 0.6839 0.7078
vt 0.6939 0.6465
vt 0.6149 0.5970
vt 0.0283 0.4091
vt 0.0125 0.3514
vt 0.0416 0.3477
vt 0.0545 0.4057
vt 0.6415 0.5784
vt 0.0498 0.4606
vt 0.0720 0.4577
vt 0.6839 0.6095
vt 0.6633 0.5675
vt 0.3334 0.6029
vt 0.3139 0.6290
vt 0.7101 0.9456
vt 0.6939 0.8921
vt 0.2885 0.6591
vt 0.6839 0.8330
vt 0.2583 0.6922
vt 0.0000 0.2269
vt 0.0038 0.1647
vt 0.0347 0.1607
vt 0.0315 0.2228
vt 0.0029 0.2899
vt 0.0338 0.2859
vt 0.0433 0.1021
vt 0.0570 0.0491
vt 0.0878 0.0466
vt 0.0775 0.0993
vt 0.3253 0.6599
vt 0.2964 0.6804
vt 0.0710 0.1577
vt 0.2623 0.7031
vt 0.0685 0.2198
vt 0.5455 0.6461
vt 0.0701 0.2829
vt 0.5725 0.6063
vt 0.0758 0.3448
vt 0.5974 0.5731
vt 0.0853 0.4031
vt 0.6192 0.5480
vt 0.0982 0.4555
vt 0.0752 0.0039
vt 0.1014 0.0018
vt 0.0935 0.5017
vt 0.1141 0.5000
vt 0.1105 0.2811
vt 0.1138 0.3431
vt 0.5584 0.5933
vt 0.5769 0.5544
vt 0.1195 0.4016
vt 0.5931 0.5241
vt 0.1273 0.4542
vt 0.1305 0.0004
vt 0.1220 0.0451
vt 0.1370 0.4990
vt 0.1155 0.0975
vt 0.3324 0.6935
vt 0.3012 0.7036
vt 0.1114 0.1559
vt 0.2647 0.7149
vt 0.1097 0.2179
vt 0.5383 0.6395
vt 0.3349 0.7285
vt 0.3030 0.7276
vt 0.1558 0.0970
vt 0.1542 0.1553
vt 0.2656 0.7271
vt 0.1533 0.2172
vt 0.5303 0.6350
vt 0.1533 0.2805
vt 0.5426 0.5845
vt 0.1541 0.3425
vt 0.5540 0.5415
vt 0.1558 0.4010
vt 0.5640 0.5077
vt 0.1582 0.4538
vt 0.1614 0.0000
vt 0.1583 0.0445
vt 0.1612 0.4986
vt 0.1952 0.3431
vt 0.1928 0.4016
vt 0.5298 0.5349
vt 0.5331 0.4993
vt 0.1896 0.4542
vt 0.1928 0.0004
vt 0.1953 0.0451
vt 0.1859 0.4990
vt 0.1970 0.0975
vt 0.3328 0.7634
vt 0.3015 0.7517
vt 0.1978 0.1559
vt 0.2649 0.7394
vt 0.1978 0.2179
vt 0.5218 0.6327
vt 0.1969 0.2811
vt 0.5259 0.5799
vt 0.2969 0.7749
vt 0.2625 0.7512
vt 0.2406 0.1577
vt 0.2414 0.2198
vt 0.5131 0.6327
vt 0.2397 0.2829
vt 0.5089 0.5799
vt 0.2355 0.3448
vt 0.5050 0.5349
vt 0.2290 0.4031
vt 0.5017 0.4993
vt 0.2205 0.4555
vt 0.2237 0.0018
vt 0.2316 0.0466
vt 0.2102 0.5000
vt 0.2373 0.0993
vt 0.3261 0.7970
vt 0.4808 0.5415
vt 0.4708 0.5077
vt 0.2632 0.4057
vt 0.2495 0.4577
vt 0.2527 0.0039
vt 0.2657 0.0491
vt 0.2330 0.5017
vt 0.2752 0.1021
vt 0.3151 0.8280
vt 0.2893 0.7962
vt 0.2809 0.1607
vt 0.2587 0.7621
vt 0.2825 0.2228
vt 0.5046 0.6350
vt 0.2800 0.2859
vt 0.4922 0.5845
vt 0.2735 0.3477
vt 0.3172 0.1647
vt 0.3195 0.2269
vt 0.4965 0.6395
vt 0.2534 0.7716
vt 0.3163 0.2899
vt 0.4765 0.5933
vt 0.3077 0.3514
vt 0.4580 0.5544
vt 0.2940 0.4091
vt 0.4417 0.5241
vt 0.2757 0.4606
vt 0.2789 0.0068
vt 0.2965 0.0525
vt 0.3349 0.8563
vt 0.3159 0.8908
vt 0.3001 0.8551
vt 0.3094 0.1059
vt 0.2790 0.8149
vt 0.3201 0.4132
vt 0.2979 0.4641
vt 0.3779 0.0922
vt 0.3990 0.0404
vt 0.4213 0.0430
vt 0.4041 0.0952
vt 0.2927 0.9192
vt 0.2819 0.8774
vt 0.3625 0.1501
vt 0.3917 0.1534
vt 0.2665 0.8303
vt 0.3534 0.2117
vt 0.3843 0.2153
vt 0.2470 0.7795
vt 0.3509 0.2748
vt 0.3825 0.2784
vt 0.4893 0.6461
vt 0.3509 0.2319
vt 0.3471 0.2948
vt 0.4623 0.6063
vt 0.3367 0.3560
vt 0.4374 0.5731
vt 0.4156 0.5480
vt 0.4832 0.6545
vt 0.2397 0.7853
vt 0.3861 0.3404
vt 0.4195 0.2809
vt 0.4225 0.3429
vt 0.4503 0.6227
vt 0.3951 0.3990
vt 0.4294 0.4013
vt 0.4199 0.5970
vt 0.4092 0.4517
vt 0.4400 0.4538
vt 0.3933 0.5784
vt 0.4278 0.4967
vt 0.4540 0.4984
vt 0.4475 0.0447
vt 0.4349 0.0973
vt 0.2662 0.9403
vt 0.2611 0.8940
vt 0.4259 0.1557
vt 0.2521 0.8417
vt 0.4207 0.2177
vt 0.4631 0.0000
vt 0.4830 0.4993
vt 0.5139 0.4993
vt 0.5105 0.4548
vt 0.4742 0.4548
vt 0.4692 0.0984
vt 0.5055 0.0984
vt 0.5075 0.0456
vt 0.4766 0.0456
vt 0.2384 0.9042
vt 0.2148 0.9077
vt 0.2072 0.9577
vt 0.2373 0.9533
vt 0.4639 0.1569
vt 0.5042 0.1569
vt 0.2365 0.8487
vt 0.2202 0.8511
vt 0.4610 0.2190
vt 0.5038 0.2190
vt 0.2317 0.7889
vt 0.2234 0.7901
vt 0.4607 0.2822
vt 0.5043 0.2822
vt 0.4784 0.6643
vt 0.4750 0.6753
vt 0.5174 0.6911
vt 0.2243 0.7270
vt 0.4628 0.3441
vt 0.5056 0.3441
vt 0.4408 0.6420
vt 0.4343 0.6635
vt 0.4674 0.4024
vt 0.5077 0.4024
vt 0.4062 0.6251
vt 0.3967 0.6562
vt 0.5102 0.0007
vt 0.4860 0.0007
vt 0.5475 0.4538
vt 0.5488 0.4013
vt 0.5389 0.0447
vt 0.5349 0.0000
vt 0.5454 0.4984
vt 0.5424 0.0973
vt 0.1911 0.9042
vt 0.1771 0.9533
vt 0.5453 0.1557
vt 0.2039 0.8487
vt 0.5475 0.2177
vt 0.2151 0.7889
vt 0.5488 0.2809
vt 0.4733 0.6869
vt 0.5493 0.3429
vt 0.4310 0.6863
vt 0.3919 0.6893
vt 0.2071 0.7853
vt 0.1882 0.8417
vt 0.5924 0.2784
vt 0.5903 0.2153
vt 0.4733 0.6987
vt 0.5920 0.3404
vt 0.4310 0.7095
vt 0.5891 0.3990
vt 0.3919 0.7231
vt 0.5838 0.4517
vt 0.3577 0.6959
vt 0.3577 0.7388
vt 0.5762 0.4967
vt 0.5787 0.0952
vt 0.5698 0.0430
vt 0.1683 0.8941
vt 0.1481 0.9404
vt 0.5856 0.1534
vt 0.3638 0.7809
vt 0.3967 0.7562
vt 0.1213 0.9193
vt 0.0969 0.9541
vt 0.1284 0.9788
vt 0.6129 0.0922
vt 0.5988 0.0404
vt 0.1472 0.8775
vt 0.6236 0.1501
vt 0.1737 0.8303
vt 0.6305 0.2117
vt 0.1997 0.7795
vt 0.6335 0.2748
vt 0.4750 0.7104
vt 0.6323 0.3369
vt 0.4343 0.7323
vt 0.6271 0.3956
vt 0.6179 0.4487
vt 0.6704 0.2702
vt 0.6668 0.2072
vt 0.4784 0.7213
vt 0.1932 0.7717
vt 0.6686 0.3323
vt 0.4408 0.7538
vt 0.6612 0.3913
vt 0.4062 0.7873
vt 0.6486 0.4448
vt 0.3758 0.8206
vt 0.0978 0.8910
vt 0.0692 0.9207
vt 0.6436 0.0884
vt 0.6249 0.0371
vt 0.1287 0.8553
vt 0.6577 0.1458
vt 0.1610 0.8150
vt 0.0784 0.8564
vt 0.0464 0.8801
vt 0.3509 0.8524
vt 0.3715 0.8944
vt 0.3933 0.8563
vt 0.1135 0.8281
vt 0.6867 0.1408
vt 0.6697 0.0839
vt 0.1505 0.7963
vt 0.6976 0.2018
vt 0.1879 0.7621
vt 0.7018 0.2647
vt 0.4832 0.7312
vt 0.6994 0.3270
vt 0.4503 0.7731
vt 0.6902 0.3863
vt 0.4199 0.8154
vt 0.0189 0.8983
vt 0.0443 0.9434
vt 0.1839 0.7513
vt 0.8780 0.4484
vt 0.8746 0.4046
vt 0.8302 0.4092
vt 0.8337 0.4539
vt 0.4623 0.7896
vt 0.4893 0.7395
vt 0.9211 0.4336
vt 0.9178 0.3924
vt 0.4374 0.8393
vt 0.0294 0.8338
vt 0.0000 0.8468
vt 0.4156 0.8867
vt 0.0639 0.8170
vt 0.3977 0.9301
vt 0.1021 0.7972
vt 0.3553 0.9280
vt 0.3844 0.9677
vt 0.1427 0.7750
vt 0.7899 0.4497
vt 0.7864 0.4059
vt 0.7450 0.3948
vt 0.7482 0.4361
vt 0.0950 0.7636
vt 0.0549 0.7743
vt 0.7423 0.3463
vt 0.7051 0.3328
vt 0.7075 0.3765
vt 0.1378 0.7518
vt 0.7836 0.3544
vt 0.1814 0.7395
vt 0.8273 0.3567
vt 0.4965 0.7461
vt 0.8717 0.3531
vt 0.4765 0.8025
vt 0.9152 0.3439
vt 0.4580 0.8580
vt 0.9584 0.3729
vt 0.9560 0.3292
vt 0.4417 0.9106
vt 0.0188 0.7835
vt 0.4284 0.9581
vt 0.4922 0.8114
vt 0.5046 0.7507
vt 0.9132 0.2899
vt 0.8696 0.2959
vt 0.4808 0.8709
vt 0.9542 0.2807
vt 0.4708 0.9270
vt 0.0516 0.7298
vt 0.0150 0.7312
vt 0.4626 0.9774
vt 0.0925 0.7286
vt 0.7404 0.2924
vt 0.7033 0.2842
vt 0.1360 0.7278
vt 0.7815 0.2971
vt 0.1805 0.7272
vt 0.8252 0.2983
vt 0.7392 0.2351
vt 0.7022 0.2327
vt 0.1375 0.7037
vt 0.0946 0.6937
vt 0.7802 0.2363
vt 0.1813 0.7149
vt 0.8238 0.2363
vt 0.5131 0.7530
vt 0.8683 0.2350
vt 0.5089 0.8159
vt 0.9120 0.2326
vt 0.5050 0.8775
vt 0.9531 0.2291
vt 0.5017 0.9354
vt 0.9911 0.2685
vt 0.9902 0.2247
vt 0.4989 0.9873
vt 0.0543 0.6853
vt 0.9116 0.1742
vt 0.8679 0.1730
vt 0.5298 0.8775
vt 0.5259 0.8159
vt 0.9528 0.1766
vt 0.5331 0.9354
vt 0.9899 0.1800
vt 0.5359 0.9873
vt 0.1013 0.6601
vt 0.0629 0.6426
vt 0.7387 0.1767
vt 0.7018 0.1801
vt 0.1421 0.6805
vt 0.7798 0.1743
vt 0.1836 0.7031
vt 0.8234 0.1731
vt 0.5218 0.7530
vt 0.1497 0.6592
vt 0.1123 0.6291
vt 0.7802 0.1135
vt 0.7392 0.1194
vt 0.1875 0.6923
vt 0.8238 0.1110
vt 0.5303 0.7507
vt 0.8683 0.1122
vt 0.5426 0.8114
vt 0.9120 0.1169
vt 0.5540 0.8709
vt 0.9531 0.1250
vt 0.5640 0.9270
vt 0.9902 0.1361
vt 0.5722 0.9774
vt 0.0769 0.6031
vt 0.7022 0.1285
vt 0.5769 0.8580
vt 0.5584 0.8025
vt 0.9542 0.0764
vt 0.9132 0.0629
vt 0.5931 0.9106
vt 0.9911 0.0948
vt 0.6064 0.9581
vt 0.1273 0.6020
vt 0.0959 0.5686
vt 0.7404 0.0654
vt 0.7033 0.0800
vt 0.1600 0.6405
vt 0.7815 0.0561
vt 0.1927 0.6827
vt 0.8252 0.0526
vt 0.5383 0.7461
vt 0.8696 0.0549
vt 0.7836 0.0046
vt 0.7423 0.0168
vt 0.1991 0.6749
vt 0.1725 0.6251
vt 0.8273 0.0000
vt 0.5455 0.7395
vt 0.8717 0.0033
vt 0.5725 0.7896
vt 0.9152 0.0143
vt 0.5974 0.8393
vt 0.9560 0.0327
vt 0.6192 0.8867
vt 0.1191 0.5402
vt 0.0943 0.5083
vt 0.0670 0.5416
vt 0.6372 0.9301
vt 0.1455 0.5797
vt 0.7051 0.0362
vt 0.9757 0.5928
vt 0.9450 0.5958
vt 0.9549 0.6540
vt 0.9890 0.6507
vt 0.6415 0.8563
vt 0.6149 0.8154
vt 0.9578 0.5411
vt 0.9317 0.5436
vt 0.6633 0.8944
vt 0.1663 0.5631
vt 0.1456 0.5191
vt 0.9890 0.8962
vt 0.9549 0.8995
vt 0.9450 0.9523
vt 0.9757 0.9494
vt 0.1869 0.6137
vt 0.9972 0.8375
vt 0.9609 0.8410
vt 0.2064 0.6691
vt 1.0000 0.7754
vt 0.9630 0.7789
vt 0.5516 0.7312
vt 0.9972 0.7123
vt 0.9609 0.7158
vt 0.5846 0.7731
vt 0.2144 0.6655
vt 0.2025 0.6067
vt 0.9219 0.7814
vt 0.9206 0.8434
vt 0.5565 0.7213
vt 0.9206 0.7182
vt 0.5940 0.7538
vt 0.9169 0.6562
vt 0.6286 0.7873
vt 0.9108 0.5979
vt 0.6590 0.8206
vt 0.9026 0.5453
vt 0.6839 0.8524
vt 0.1890 0.5529
vt 0.1745 0.5061
vt 0.9169 0.9018
vt 0.9108 0.9544
vt 0.8717 0.5462
vt 0.8745 0.5989
vt 0.8745 0.9554
vt 0.8717 1.0000
vt 0.9026 0.9991
vt 0.2127 0.5494
vt 0.2046 0.5017
vt 0.8765 0.9030
vt 0.2188 0.6043
vt 0.8778 0.8446
vt 0.2227 0.6643
vt 0.8782 0.7826
vt 0.5598 0.7104
vt 0.8778 0.7194
vt 0.6005 0.7323
vt 0.8765 0.6574
vt 0.6381 0.7562
vt 0.6710 0.7809
vt 0.5615 0.6987
vt 0.2310 0.6655
vt 0.8342 0.7194
vt 0.8337 0.7826
vt 0.6039 0.7095
vt 0.8354 0.6574
vt 0.6429 0.7231
vt 0.8375 0.5989
vt 0.6772 0.7388
vt 0.8403 0.5462
vt 0.8375 0.9554
vt 0.8403 1.0000
vt 0.8683 0.5014
vt 0.8436 0.5014
vt 0.8354 0.9030
vt 0.2351 0.6067
vt 0.2363 0.5529
vt 0.8342 0.8446
vt 0.8012 0.9544
vt 0.8094 0.9991
vt 0.8194 0.5007
vt 0.8094 0.5453
vt 0.7951 0.9018
vt 0.2508 0.6137
vt 0.2591 0.5630
vt 0.7914 0.8434
vt 0.2390 0.6691
vt 0.7901 0.7814
vt 0.5615 0.6869
vt 0.7914 0.7182
vt 0.6039 0.6863
vt 0.7951 0.6562
vt 0.6429 0.6893
vt 0.8012 0.5979
vt 0.6772 0.6959
vt 0.7510 0.7158
vt 0.7490 0.7789
vt 0.6005 0.6635
vt 0.5598 0.6753
vt 0.7571 0.6540
vt 0.6381 0.6562
vt 0.7670 0.5958
vt 0.6710 0.6538
vt 0.7803 0.5436
vt 0.7670 0.9523
vt 0.7803 0.9974
vt 0.7965 0.4993
vt 0.7571 0.8995
vt 0.2653 0.6251
vt 0.2802 0.5796
vt 0.7510 0.8410
vt 0.2464 0.6749
vt 0.2987 0.6018
vt 0.3140 0.5684
vt 0.2905 0.5401
vt 0.7229 0.8962
vt 0.7362 0.9494
vt 0.2780 0.6404
vt 0.7147 0.8375
vt 0.2529 0.6827
vt 0.7120 0.7754
vt 0.5565 0.6643
vt 0.7147 0.7123
vt 0.5940 0.6420
vt 0.7229 0.6507
vt 0.6286 0.6251
vt 0.7362 0.5928
vt 0.6590 0.6141
vt 0.7542 0.5411
vt 0.7542 0.9949
vt 0.5846 0.6227
vt 0.5516 0.6545
vt 0.6939 0.6465
vt 0.6839 0.7078
vt 0.6149 0.5970
vt 0.0283 0.4091
vt 0.0545 0.4057
vt 0.0416 0.3477
vt 0.0125 0.3514
vt 0.6415 0.5784
vt 0.0498 0.4606
vt 0.0720 0.4577
vt 0.6839 0.6095
vt 0.6633 0.5675
vt 0.3139 0.6290
vt 0.3334 0.6029
vt 0.6939 0.8921
vt 0.7101 0.9456
vt 0.2885 0.6591
vt 0.6839 0.8330
vt 0.2583 0.6922
vt 0.0000 0.2269
vt 0.0315 0.2228
vt 0.0347 0.1607
vt 0.0038 0.1647
vt 0.0029 0.2899
vt 0.0338 0.2859
vt 0.0433 0.1021
vt 0.0775 0.0993
vt 0.0878 0.0466
vt 0.0570 0.0491
vt 0.2964 0.6804
vt 0.3253 0.6599
vt 0.0710 0.1577
vt 0.2623 0.7031
vt 0.0685 0.2198
vt 0.5455 0.6461
vt 0.0701 0.2829
vt 0.5725 0.6063
vt 0.0758 0.3448
vt 0.5974 0.5731
vt 0.0853 0.4031
vt 0.6192 0.5480
vt 0.0982 0.4555
vt 0.1014 0.0018
vt 0.0752 0.0039
vt 0.0935 0.5017
vt 0.1141 0.5000
vt 0.1138 0.3431
vt 0.1105 0.2811
vt 0.5769 0.5544
vt 0.5584 0.5933
vt 0.1195 0.4016
vt 0.5931 0.5241
vt 0.1273 0.4542
vt 0.1220 0.0451
vt 0.1305 0.0004
vt 0.1370 0.4990
vt 0.1155 0.0975
vt 0.3012 0.7036
vt 0.3324 0.6935
vt 0.1114 0.1559
vt 0.2647 0.7149
vt 0.1097 0.2179
vt 0.5383 0.6395
vt 0.3030 0.7276
vt 0.3349 0.7285
vt 0.1542 0.1553
vt 0.1558 0.0970
vt 0.2656 0.7271
vt 0.1533 0.2172
vt 0.5303 0.6350
vt 0.1533 0.2805
vt 0.5426 0.5845
vt 0.1541 0.3425
vt 0.5540 0.5415
vt 0.1558 0.4010
vt 0.5640 0.5077
vt 0.1582 0.4538
vt 0.1583 0.0445
vt 0.1614 0.0000
vt 0.1612 0.4986
vt 0.1928 0.4016
vt 0.1952 0.3431
vt 0.5331 0.4993
vt 0.5298 0.5349
vt 0.1896 0.4542
vt 0.1953 0.0451
vt 0.1928 0.0004
vt 0.1859 0.4990
vt 0.1970 0.0975
vt 0.3015 0.7517
vt 0.3328 0.7634
vt 0.1978 0.1559
vt 0.2649 0.7394
vt 0.1978 0.2179
vt 0.5218 0.6327
vt 0.1969 0.2811
vt 0.5259 0.5799
vt 0.2625 0.7512
vt 0.2969 0.7749
vt 0.2414 0.2198
vt 0.2406 0.1577
vt 0.5131 0.6327
vt 0.2397 0.2829
vt 0.5089 0.5799
vt 0.2355 0.3448
vt 0.5050 0.5349
vt 0.2290 0.4031
vt 0.5017 0.4993
vt 0.2205 0.4555
vt 0.2316 0.0466
vt 0.2237 0.0018
vt 0.2102 0.5000
vt 0.2373 0.0993
vt 0.3261 0.7970
vt 0.4708 0.5077
vt 0.4808 0.5415
vt 0.2495 0.4577
vt 0.2632 0.4057
vt 0.2657 0.0491
vt 0.2527 0.0039
vt 0.2330 0.5017
vt 0.2752 0.1021
vt 0.2893 0.7962
vt 0.3151 0.8280
vt 0.2809 0.1607
vt 0.2587 0.7621
vt 0.2825 0.2228
vt 0.5046 0.6350
vt 0.2800 0.2859
vt 0.4922 0.5845
vt 0.2735 0.3477
vt 0.3195 0.2269
vt 0.3172 0.1647
vt 0.4965 0.6395
vt 0.2534 0.7716
vt 0.3163 0.2899
vt 0.4765 0.5933
vt 0.3077 0.3514
vt 0.4580 0.5544
vt 0.2940 0.4091
vt 0.4417 0.5241
vt 0.2757 0.4606
vt 0.2965 0.0525
vt 0.2789 0.0068
vt 0.3001 0.8551
vt 0.3159 0.8908
vt 0.3349 0.8563
vt 0.3094 0.1059
vt 0.2790 0.8149
vt 0.2979 0.4641
vt 0.3201 0.4132
vt 0.3779 0.0922
vt 0.4041 0.0952
vt 0.4213 0.0430
vt 0.3990 0.0404
vt 0.2819 0.8774
vt 0.2927 0.9192
vt 0.3625 0.1501
vt 0.3917 0.1534
vt 0.2665 0.8303
vt 0.3534 0.2117
vt 0.3843 0.2153
vt 0.2470 0.7795
vt 0.3509 0.2748
vt 0.3825 0.2784
vt 0.4893 0.6461
vt 0.3471 0.2948
vt 0.3509 0.2319
vt 0.4623 0.6063
vt 0.3367 0.3560
vt 0.4374 0.5731
vt 0.4156 0.5480
vt 0.4832 0.6545
vt 0.2397 0.7853
vt 0.3861 0.3404
vt 0.4225 0.3429
vt 0.4195 0.2809
vt 0.4503 0.6227
vt 0.3951 0.3990
vt 0.4294 0.4013
vt 0.4199 0.5970
vt 0.4092 0.4517
vt 0.4400 0.4538
vt 0.3933 0.5784
vt 0.4278 0.4967
vt 0.4540 0.4984
vt 0.4349 0.0973
vt 0.4475 0.0447
vt 0.2611 0.8940
vt 0.2662 0.9403
vt 0.4259 0.1557
vt 0.2521 0.8417
vt 0.4207 0.2177
vt 0.4631 0.0000
vn 0.7040 0.0000 -0.7101
vn 0.5528 0.0000 -0.8333
vn 0.5528 0.1626 -0.8173
vn 0.7040 0.1385 -0.6965
vn -0.5528 0.0000 -0.8333
vn -0.7040 0.0000 -0.7101
vn -0.7040 0.1385 -0.6965
vn -0.5528 0.1626 -0.8173
vn 0.8286 0.0000 -0.5598
vn 0.8286 0.1092 -0.5490
vn -0.3805 0.0000 -0.9247
vn -0.3805 0.1804 -0.9070
vn 0.9217 0.0000 -0.3879
vn 0.9217 0.0757 -0.3804
vn -0.1939 0.0000 -0.9810
vn -0.1939 0.1914 -0.9622
vn 0.9796 0.0000 -0.2010
vn 0.9796 0.0392 -0.1971
vn 0.0000 0.0000 -1.0000
vn 0.0000 0.1951 -0.9808
vn -0.9796 0.0000 -0.2010
vn -1.0000 0.0000 0.0000
vn -0.9796 0.0392 -0.1971
vn 1.0000 0.0000 0.0000
vn 0.1939 0.0000 -0.9810
vn 0.1939 0.1914 -0.9622
vn -0.9217 0.0000 -0.3879
vn -0.9217 0.0757 -0.3804
vn 0.3805 0.0000 -0.9247
vn 0.3805 0.1804 -0.9070
vn -0.8286 0.0000 -0.5598
vn -0.8286 0.1092 -0.5490
vn 0.3805 0.3539 -0.8544
vn 0.5528 0.3189 -0.7699
vn -0.8286 0.2142 -0.5171
vn -0.7040 0.2717 -0.6561
vn 0.7040 0.2717 -0.6561
vn -0.5528 0.3189 -0.7699
vn 0.8286 0.2142 -0.5171
vn -0.3805 0.3539 -0.8544
vn 0.9217 0.1484 -0.3583
vn -0.1939 0.3754 -0.9063
vn 0.9796 0.0769 -0.1856
vn 0.0000 0.3827 -0.9239
vn -0.9796 0.0769 -0.1856
vn 0.1939 0.3754 -0.9063
vn -0.9217 0.1484 -0.3583
vn 0.9217 0.2155 -0.3225
vn 0.9796 0.1116 -0.1671
vn -0.1939 0.5450 -0.8157
vn 0.0000 0.5556 -0.8314
vn -0.9796 0.1116 -0.1671
vn 0.1939 0.5450 -0.8157
vn -0.9217 0.2155 -0.3225
vn 0.3805 0.5137 -0.7689
vn -0.8286 0.3110 -0.4654
vn 0.5528 0.4630 -0.6929
vn -0.7040 0.3945 -0.5904
vn 0.7040 0.3945 -0.5904
vn -0.5528 0.4630 -0.6929
vn 0.8286 0.3110 -0.4654
vn -0.3805 0.5137 -0.7689
vn -0.8286 0.3958 -0.3958
vn -0.7040 0.5021 -0.5021
vn 0.5528 0.5893 -0.5893
vn 0.7040 0.5021 -0.5021
vn -0.5528 0.5893 -0.5893
vn 0.8286 0.3958 -0.3958
vn -0.3805 0.6539 -0.6539
vn 0.9217 0.2743 -0.2743
vn -0.1939 0.6937 -0.6937
vn 0.9796 0.1421 -0.1421
vn 0.0000 0.7071 -0.7071
vn -0.9796 0.1421 -0.1421
vn 0.1939 0.6937 -0.6937
vn -0.9217 0.2743 -0.2743
vn 0.3805 0.6539 -0.6539
vn -0.1939 0.8157 -0.5450
vn 0.0000 0.8314 -0.5556
vn -0.9796 0.1671 -0.1116
vn 0.9796 0.1671 -0.1116
vn 0.1939 0.8157 -0.5450
vn -0.9217 0.3225 -0.2155
vn 0.3805 0.7689 -0.5137
vn -0.8286 0.4654 -0.3110
vn 0.5528 0.6929 -0.4630
vn -0.7040 0.5904 -0.3945
vn 0.7040 0.5904 -0.3945
vn -0.5528 0.6929 -0.4630
vn 0.8286 0.4654 -0.3110
vn -0.3805 0.7689 -0.5137
vn 0.9217 0.3225 -0.2155
vn 0.5528 0.7699 -0.3189
vn 0.7040 0.6561 -0.2717
vn -0.7040 0.6561 -0.2717
vn -0.5528 0.7699 -0.3189
vn 0.8286 0.5171 -0.2142
vn -0.3805 0.8544 -0.3539
vn 0.9217 0.3583 -0.1484
vn -0.1939 0.9063 -0.3754
vn 0.9796 0.1856 -0.0769
vn 0.0000 0.9239 -0.3827
vn -0.9796 0.1856 -0.0769
vn 0.1939 0.9063 -0.3754
vn -0.9217 0.3583 -0.1484
vn 0.3805 0.8544 -0.3539
vn -0.8286 0.5171 -0.2142
vn 0.9796 0.1971 -0.0392
vn 0.0000 0.9808 -0.1951
vn 0.1939 0.9622 -0.1914
vn -0.9796 0.1971 -0.0392
vn -0.9217 0.3804 -0.0757
vn 0.3805 0.9070 -0.1804
vn -0.8286 0.5490 -0.1092
vn 0.5528 0.8173 -0.1626
vn -0.7040 0.6965 -0.1385
vn 0.7040 0.6965 -0.1385
vn -0.5528 0.8173 -0.1626
vn 0.8286 0.5490 -0.1092
vn -0.3805 0.9070 -0.1804
vn 0.9217 0.3804 -0.0757
vn -0.1939 0.9622 -0.1914
vn 0.7040 0.7101 0.0000
vn 0.8286 0.5598 0.0000
vn -0.5528 0.8333 0.0000
vn -0.3805 0.9247 0.0000
vn 0.9217 0.3879 0.0000
vn -0.1939 0.9810 0.0000
vn 0.9796 0.2010 0.0000
vn 0.0000 1.0000 0.0000
vn -0.9796 0.2010 0.0000
vn 0.1939 0.9810 0.0000
vn -0.9217 0.3879 0.0000
vn 0.3805 0.9247 0.0000
vn -0.8286 0.5598 0.0000
vn 0.5528 0.8333 0.0000
vn -0.7040 0.7101 0.0000
vn -0.9796 0.1971 0.0392
vn -0.9217 0.3804 0.0757
vn 0.1939 0.9622 0.1914
vn 0.3805 0.9070 0.1804
vn -0.8286 0.5490 0.1092
vn 0.5528 0.8173 0.1626
vn -0.7040 0.6965 0.1385
vn 0.7040 0.6965 0.1385
vn -0.5528 0.8173 0.1626
vn 0.8286 0.5490 0.1092
vn -0.3805 0.9070 0.1804
vn 0.9217 0.3804 0.0757
vn -0.1939 0.9622 0.1914
vn 0.9796 0.1971 0.0392
vn 0.0000 0.9808 0.1951
vn -0.5528 0.7699 0.3189
vn -0.3805 0.8544 0.3539
vn 0.8286 0.5171 0.2142
vn 0.9217 0.3583 0.1484
vn -0.1939 0.9063 0.3754
vn 0.9796 0.1856 0.0769
vn 0.0000 0.9239 0.3827
vn -0.9796 0.1856 0.0769
vn 0.1939 0.9063 0.3754
vn -0.9217 0.3583 0.1484
vn 0.3805 0.8544 0.3539
vn -0.8286 0.5171 0.2142
vn 0.5528 0.7699 0.3189
vn -0.7040 0.6561 0.2717
vn 0.7040 0.6561 0.2717
vn 0.1939 0.8157 0.5450
vn 0.3805 0.7689 0.5137
vn -0.9217 0.3225 0.2155
vn -0.8286 0.4654 0.3110
vn 0.5528 0.6929 0.4630
vn -0.7040 0.5904 0.3945
vn 0.7040 0.5904 0.3945
vn -0.5528 0.6929 0.4630
vn 0.8286 0.4654 0.3110
vn -0.3805 0.7689 0.5137
vn 0.9217 0.3225 0.2155
vn -0.1939 0.8157 0.5450
vn 0.9796 0.1671 0.1116
vn 0.0000 0.8314 0.5556
vn -0.9796 0.1671 0.1116
vn 0.8286 0.3958 0.3958
vn 0.9217 0.2743 0.2743
vn -0.3805 0.6539 0.6539
vn -0.1939 0.6937 0.6937
vn 0.9796 0.1421 0.1421
vn 0.0000 0.7071 0.7071
vn -0.9796 0.1421 0.1421
vn 0.1939 0.6937 0.6937
vn -0.9217 0.2743 0.2743
vn 0.3805 0.6539 0.6539
vn -0.8286 0.3958 0.3958
vn 0.5528 0.5893 0.5893
vn -0.7040 0.5021 0.5021
vn 0.7040 0.5021 0.5021
vn -0.5528 0.5893 0.5893
vn -0.9217 0.2155 0.3225
vn -0.8286 0.3110 0.4654
vn 0.3805 0.5137 0.7689
vn 0.5528 0.4630 0.6929
vn -0.7040 0.3945 0.5904
vn 0.7040 0.3945 0.5904
vn -0.5528 0.4630 0.6929
vn 0.8286 0.3110 0.4654
vn -0.3805 0.5137 0.7689
vn 0.9217 0.2155 0.3225
vn -0.1939 0.5450 0.8157
vn 0.9796 0.1116 0.1671
vn 0.0000 0.5556 0.8314
vn -0.9796 0.1116 0.1671
vn 0.1939 0.5450 0.8157
vn -0.3805 0.3539 0.8544
vn -0.1939 0.3754 0.9063
vn 0.9217 0.1484 0.3583
vn 0.9796 0.0769 0.1856
vn 0.0000 0.3827 0.9239
vn -0.9796 0.0769 0.1856
vn 0.1939 0.3754 0.9063
vn -0.9217 0.1484 0.3583
vn 0.3805 0.3539 0.8544
vn -0.8286 0.2142 0.5171
vn 0.5528 0.3189 0.7699
vn -0.7040 0.2717 0.6561
vn 0.7040 0.2717 0.6561
vn -0.5528 0.3189 0.7699
vn 0.8286 0.2142 0.5171
vn 0.3805 0.1804 0.9070
vn 0.5528 0.1626 0.8173
vn -0.8286 0.1092 0.5490
vn -0.7040 0.1385 0.6965
vn 0.7040 0.1385 0.6965
vn -0.5528 0.1626 0.8173
vn 0.8286 0.1092 0.5490
vn -0.3805 0.1804 0.9070
vn 0.9217 0.0757 0.3804
vn -0.1939 0.1914 0.9622
vn 0.9796 0.0392 0.1971
vn 0.0000 0.1951 0.9808
vn -0.9796 0.0392 0.1971
vn 0.1939 0.1914 0.9622
vn -0.9217 0.0757 0.3804
vn 0.9217 0.0000 0.3879
vn 0.9796 0.0000 0.2010
vn -0.1939 0.0000 0.9810
vn 0.0000 0.0000 1.0000
vn -0.9796 0.0000 0.2010
vn 0.1939 0.0000 0.9810
vn -0.9217 0.0000 0.3879
vn 0.3805 0.0000 0.9247
vn -0.8286 0.0000 0.5598
vn 0.5528 0.0000 0.8333
vn -0.7040 0.0000 0.7101
vn 0.7040 0.0000 0.7101
vn -0.5528 0.0000 0.8333
vn 0.8286 0.0000 0.5598
vn -0.3805 0.0000 0.9247
vn 0.5528 -0.1626 0.8173
vn 0.7040 -0.1385 0.6965
vn -0.7040 -0.1385 0.6965
vn -0.5528 -0.1626 0.8173
vn 0.8286 -0.1092 0.5490
vn -0.3805 -0.1804 0.9070
vn 0.9217 -0.0757 0.3804
vn -0.1939 -0.1914 0.9622
vn 0.9796 -0.0392 0.1971
vn 0.0000 -0.1951 0.9808
vn -0.9796 -0.0392 0.1971
vn 0.1939 -0.1914 0.9622
vn -0.9217 -0.0757 0.3804
vn 0.3805 -0.1804 0.9070
vn -0.8286 -0.1092 0.5490
vn -0.9796 -0.0769 0.1856
vn 0.9796 -0.0769 0.1856
vn 0.0000 -0.3827 0.9239
vn 0.1939 -0.3754 0.9063
vn -0.9217 -0.1484 0.3583
vn 0.3805 -0.3539 0.8544
vn -0.8286 -0.2142 0.5171
vn 0.5528 -0.3189 0.7699
vn -0.7040 -0.2717 0.6561
vn 0.7040 -0.2717 0.6561
vn -0.5528 -0.3189 0.7699
vn 0.8286 -0.2142 0.5171
vn -0.3805 -0.3539 0.8544
vn 0.9217 -0.1484 0.3583
vn -0.1939 -0.3754 0.9063
vn -0.7040 -0.3945 0.5904
vn -0.5528 -0.4630 0.6929
vn 0.7040 -0.3945 0.5904
vn 0.8286 -0.3110 0.4654
vn -0.3805 -0.5137 0.7689
vn 0.9217 -0.2155 0.3225
vn -0.1939 -0.5450 0.8157
vn 0.9796 -0.1116 0.1671
vn 0.0000 -0.5556 0.8314
vn -0.9796 -0.1116 0.1671
vn 0.1939 -0.5450 0.8157
vn -0.9217 -0.2155 0.3225
vn 0.3805 -0.5137 0.7689
vn -0.8286 -0.3110 0.4654
vn 0.5528 -0.4630 0.6929
vn 0.0000 -0.7071 0.7071
vn 0.1939 -0.6937 0.6937
vn -0.9796 -0.1421 0.1421
vn -0.9217 -0.2743 0.2743
vn 0.3805 -0.6539 0.6539
vn -0.8286 -0.3958 0.3958
vn 0.5528 -0.5893 0.5893
vn -0.7040 -0.5021 0.5021
vn 0.7040 -0.5021 0.5021
vn -0.5528 -0.5893 0.5893
vn 0.8286 -0.3958 0.3958
vn -0.3805 -0.6539 0.6539
vn 0.9217 -0.2743 0.2743
vn -0.1939 -0.6937 0.6937
vn 0.9796 -0.1421 0.1421
vn 0.7040 -0.5904 0.3945
vn 0.8286 -0.4654 0.3110
vn -0.5528 -0.6929 0.4630
vn -0.3805 -0.7689 0.5137
vn 0.9217 -0.3225 0.2155
vn -0.1939 -0.8157 0.5450
vn 0.9796 -0.1671 0.1116
vn 0.0000 -0.8314 0.5556
vn -0.9796 -0.1671 0.1116
vn 0.1939 -0.8157 0.5450
vn -0.9217 -0.3225 0.2155
vn 0.3805 -0.7689 0.5137
vn -0.8286 -0.4654 0.3110
vn 0.5528 -0.6929 0.4630
vn -0.7040 -0.5904 0.3945
vn -0.9796 -0.1856 0.0769
vn -0.9217 -0.3583 0.1484
vn 0.1939 -0.9063 0.3754
vn 0.3805 -0.8544 0.3539
vn -0.8286 -0.5171 0.2142
vn 0.5528 -0.7699 0.3189
vn -0.7040 -0.6561 0.2717
vn 0.7040 -0.6561 0.2717
vn -0.5528 -0.7699 0.3189
vn 0.8286 -0.5171 0.2142
vn -0.3805 -0.8544 0.3539
vn 0.9217 -0.3583 0.1484
vn -0.1939 -0.9063 0.3754
vn 0.9796 -0.1856 0.0769
vn 0.0000 -0.9239 0.3827
vn -0.5528 -0.8173 0.1626
vn -0.3805 -0.9070 0.1804
vn 0.8286 -0.5490 0.1092
vn 0.9217 -0.3804 0.0757
vn -0.1939 -0.9622 0.1914
vn 0.9796 -0.1971 0.0392
vn 0.0000 -0.9808 0.1951
vn -0.9796 -0.1971 0.0392
vn 0.1939 -0.9622 0.1914
vn -0.9217 -0.3804 0.0757
vn 0.3805 -0.9070 0.1804
vn -0.8286 -0.5490 0.1092
vn 0.5528 -0.8173 0.1626
vn -0.7040 -0.6965 0.1385
vn 0.7040 -0.6965 0.1385
vn 0.1939 -0.9810 0.0000
vn 0.3805 -0.9247 0.0000
vn -0.9217 -0.3879 0.0000
vn -0.8286 -0.5598 0.0000
vn 0.5528 -0.8333 0.0000
vn -0.7040 -0.7101 0.0000
vn 0.7040 -0.7101 0.0000
vn -0.5528 -0.8333 0.0000
vn 0.8286 -0.5598 0.0000
vn -0.3805 -0.9247 0.0000
vn 0.9217 -0.3879 0.0000
vn -0.1939 -0.9810 0.0000
vn 0.9796 -0.2010 0.0000
vn 0.0000 -1.0000 0.0000
vn -0.9796 -0.2010 0.0000
vn 0.8286 -0.5490 -0.1092
vn 0.9217 -0.3804 -0.0757
vn -0.3805 -0.9070 -0.1804
vn -0.1939 -0.9622 -0.1914
vn 0.9796 -0.1971 -0.0392
vn 0.0000 -0.9808 -0.1951
vn -0.9796 -0.1971 -0.0392
vn 0.1939 -0.9622 -0.1914
vn -0.9217 -0.3804 -0.0757
vn 0.3805 -0.9070 -0.1804
vn -0.8286 -0.5490 -0.1092
vn 0.5528 -0.8173 -0.1626
vn -0.7040 -0.6965 -0.1385
vn 0.7040 -0.6965 -0.1385
vn -0.5528 -0.8173 -0.1626
vn 0.3805 -0.8544 -0.3539
vn 0.5528 -0.7699 -0.3189
vn -0.8286 -0.5171 -0.2142
vn -0.7040 -0.6561 -0.2717
vn 0.7040 -0.6561 -0.2717
vn -0.5528 -0.7699 -0.3189
vn 0.8286 -0.5171 -0.2142
vn -0.3805 -0.8544 -0.3539
vn 0.9217 -0.3583 -0.1484
vn -0.1939 -0.9063 -0.3754
vn 0.9796 -0.1856 -0.0769
vn 0.0000 -0.9239 -0.3827
vn -0.9796 -0.1856 -0.0769
vn 0.1939 -0.9063 -0.3754
vn -0.9217 -0.3583 -0.1484
vn 0.9217 -0.3225 -0.2155
vn 0.9796 -0.1671 -0.1116
vn -0.1939 -0.8157 -0.5450
vn 0.0000 -0.8314 -0.5556
vn -0.9796 -0.1671 -0.1116
vn 0.1939 -0.8157 -0.5450
vn -0.9217 -0.3225 -0.2155
vn 0.3805 -0.7689 -0.5137
vn -0.8286 -0.4654 -0.3110
vn 0.5528 -0.6929 -0.4630
vn -0.7040 -0.5904 -0.3945
vn 0.7040 -0.5904 -0.3945
vn -0.5528 -0.6929 -0.4630
vn 0.8286 -0.4654 -0.3110
vn -0.3805 -0.7689 -0.5137
vn -0.8286 -0.3958 -0.3958
vn -0.7040 -0.5021 -0.5021
vn 0.5528 -0.5893 -0.5893
vn 0.7040 -0.5021 -0.5021
vn -0.5528 -0.5893 -0.5893
vn 0.8286 -0.3958 -0.3958
vn -0.3805 -0.6539 -0.6539
vn 0.9217 -0.2743 -0.2743
vn -0.1939 -0.6937 -0.6937
vn 0.9796 -0.1421 -0.1421
vn 0.0000 -0.7071 -0.7071
vn -0.9796 -0.1421 -0.1421
vn 0.1939 -0.6937 -0.6937
vn -0.9217 -0.2743 -0.2743
vn 0.3805 -0.6539 -0.6539
vn -0.1939 -0.5450 -0.8157
vn 0.0000 -0.5556 -0.8314
vn -0.9796 -0.1116 -0.1671
vn 0.9796 -0.1116 -0.1671
vn 0.1939 -0.5450 -0.8157
vn -0.9217 -0.2155 -0.3225
vn 0.3805 -0.5137 -0.7689
vn -0.8286 -0.3110 -0.4654
vn 0.5528 -0.4630 -0.6929
vn -0.7040 -0.3945 -0.5904
vn 0.7040 -0.3945 -0.5904
vn -0.5528 -0.4630 -0.6929
vn 0.8286 -0.3110 -0.4654
vn -0.3805 -0.5137 -0.7689
vn 0.9217 -0.2155 -0.3225
vn 0.5528 -0.3189 -0.7699
vn 0.7040 -0.2717 -0.6561
vn -0.7040 -0.2717 -0.6561
vn -0.5528 -0.3189 -0.7699
vn 0.8286 -0.2142 -0.5171
vn -0.3805 -0.3539 -0.8544
vn 0.9217 -0.1484 -0.3583
vn -0.1939 -0.3754 -0.9063
vn 0.9796 -0.0769 -0.1856
vn 0.0000 -0.3827 -0.9239
vn -0.9796 -0.0769 -0.1856
vn 0.1939 -0.3754 -0.9063
vn -0.9217 -0.1484 -0.3583
vn 0.3805 -0.3539 -0.8544
vn -0.8286 -0.2142 -0.5171
vn -0.9796 -0.0392 -0.1971
vn 0.9796 -0.0392 -0.1971
vn 0.0000 -0.1951 -0.9808
vn 0.1939 -0.1914 -0.9622
vn -0.9217 -0.0757 -0.3804
vn 0.3805 -0.1804 -0.9070
vn -0.8286 -0.1092 -0.5490
vn 0.5528 -0.1626 -0.8173
vn -0.7040 -0.1385 -0.6965
vn 0.7040 -0.1385 -0.6965
vn -0.5528 -0.1626 -0.8173
vn 0.8286 -0.1092 -0.5490
vn -0.3805 -0.1804 -0.9070
vn 0.9217 -0.0757 -0.3804
vn -0.1939 -0.1914 -0.9622
usemtl Material.001
s 1
f 5238/7073/4846 5237/7074/4847 4770/7075/4848 4771/7076/4849
f 5231/7077/4850 5230/7078/4851 4763/7079/4852 4764/7080/4853
f 5239/7081/4854 5238/7082/4846 4771/7083/4849 4772/7084/4855
f 5232/7085/4856 5231/7077/4850 4764/7080/4853 4765/7086/4857
f 5240/7087/4858 5239/7081/4854 4772/7084/4855 4773/7088/4859
f 5233/7089/4860 5232/7085/4856 4765/7086/4857 4766/7090/4861
f 5241/7091/4862 5240/7087/4858 4773/7088/4859 4774/7092/4863
f 5234/7093/4864 5233/7089/4860 4766/7090/4861 4767/7094/4865
f 5227/7095/4866 5031/7096/4867 4760/7097/4868
f 4835/7098/4869 5241/7091/4862 4774/7092/4863
f 5235/7099/4870 5234/7093/4864 4767/7094/4865 4768/7100/4871
f 5228/7101/4872 5227/7095/4866 4760/7097/4868 4761/7102/4873
f 5236/7103/4874 5235/7099/4870 4768/7100/4871 4769/7104/4875
f 5229/7105/4876 5228/7101/4872 4761/7102/4873 4762/7106/4877
f 5237/7074/4847 5236/7103/4874 4769/7104/4875 4770/7075/4848
f 5230/7078/4851 5229/7107/4876 4762/7108/4877 4763/7079/4852
f 4770/7075/4848 4769/7104/4875 4784/7109/4878 4785/7110/4879
f 4763/7079/4852 4762/7108/4877 4777/7111/4880 4778/7112/4881
f 4771/7076/4849 4770/7075/4848 4785/7110/4879 4786/7113/4882
f 4764/7080/4853 4763/7079/4852 4778/7112/4881 4779/7114/4883
f 4772/7084/4855 4771/7083/4849 4786/7115/4882 4787/7116/4884
f 4765/7086/4857 4764/7080/4853 4779/7114/4883 4780/7117/4885
f 4773/7088/4859 4772/7084/4855 4787/7116/4884 4788/7118/4886
f 4766/7090/4861 4765/7086/4857 4780/7117/4885 4781/7119/4887
f 4774/7092/4863 4773/7088/4859 4788/7118/4886 4789/7120/4888
f 4767/7094/4865 4766/7090/4861 4781/7119/4887 4782/7121/4889
f 4760/7097/4868 5031/7096/4867 4775/7122/4890
f 4835/7098/4869 4774/7092/4863 4789/7120/4888
f 4768/7100/4871 4767/7094/4865 4782/7121/4889 4783/7123/4891
f 4761/7102/4873 4760/7097/4868 4775/7122/4890 4776/7124/4892
f 4769/7104/4875 4768/7100/4871 4783/7123/4891 4784/7109/4878
f 4762/7106/4877 4761/7102/4873 4776/7124/4892 4777/7125/4880
f 4789/7120/4888 4788/7118/4886 4803/7126/4893 4804/7127/4894
f 4782/7121/4889 4781/7119/4887 4796/7128/4895 4797/7129/4896
f 4775/7122/4890 5031/7096/4867 4790/7130/4897
f 4835/7098/4869 4789/7120/4888 4804/7127/4894
f 4783/7123/4891 4782/7121/4889 4797/7129/4896 4798/7131/4898
f 4776/7124/4892 4775/7122/4890 4790/7130/4897 4791/7132/4899
f 4784/7109/4878 4783/7123/4891 4798/7131/4898 4799/7133/4900
f 4777/7125/4880 4776/7124/4892 4791/7132/4899 4792/7134/4901
f 4785/7110/4879 4784/7109/4878 4799/7133/4900 4800/7135/4902
f 4778/7136/4881 4777/7125/4880 4792/7134/4901 4793/7137/4903
f 4786/7113/4882 4785/7110/4879 4800/7135/4902 4801/7138/4904
f 4779/7114/4883 4778/7112/4881 4793/7139/4903 4794/7140/4905
f 4787/7116/4884 4786/7115/4882 4801/7141/4904 4802/7142/4906
f 4780/7117/4885 4779/7114/4883 4794/7140/4905 4795/7143/4907
f 4788/7118/4886 4787/7116/4884 4802/7142/4906 4803/7126/4893
f 4781/7119/4887 4780/7117/4885 4795/7143/4907 4796/7128/4895
f 4793/7137/4903 4792/7134/4901 4807/7144/4908 4808/7145/4909
f 4801/7141/4904 4800/7146/4902 4815/7147/4910 4816/7148/4911
f 4794/7140/4905 4793/7139/4903 4808/7149/4909 4809/7150/4912
f 4802/7142/4906 4801/7141/4904 4816/7148/4911 4817/7151/4913
f 4795/7143/4907 4794/7140/4905 4809/7150/4912 4810/7152/4914
f 4803/7126/4893 4802/7142/4906 4817/7151/4913 4818/7153/4915
f 4796/7128/4895 4795/7143/4907 4810/7152/4914 4811/7154/4916
f 4804/7127/4894 4803/7126/4893 4818/7153/4915 4819/7155/4917
f 4797/7129/4896 4796/7128/4895 4811/7154/4916 4812/7156/4918
f 4790/7130/4897 5031/7096/4867 4805/7157/4919
f 4835/7098/4869 4804/7127/4894 4819/7155/4917
f 4798/7131/4898 4797/7129/4896 4812/7156/4918 4813/7158/4920
f 4791/7132/4899 4790/7130/4897 4805/7157/4919 4806/7159/4921
f 4799/7133/4900 4798/7131/4898 4813/7158/4920 4814/7160/4922
f 4792/7134/4901 4791/7132/4899 4806/7159/4921 4807/7144/4908
f 4800/7135/4902 4799/7133/4900 4814/7160/4922 4815/7161/4910
f 4812/7156/4918 4811/7154/4916 4826/7162/4923 4827/7163/4924
f 4805/7157/4919 5031/7096/4867 4820/7164/4925
f 4835/7098/4869 4819/7155/4917 4834/7165/4926
f 4813/7158/4920 4812/7156/4918 4827/7163/4924 4828/7166/4927
f 4806/7159/4921 4805/7157/4919 4820/7164/4925 4821/7167/4928
f 4814/7160/4922 4813/7158/4920 4828/7166/4927 4829/7168/4929
f 4807/7144/4908 4806/7159/4921 4821/7167/4928 4822/7169/4930
f 4815/7161/4910 4814/7160/4922 4829/7168/4929 4830/7170/4931
f 4808/7145/4909 4807/7144/4908 4822/7169/4930 4823/7171/4932
f 4816/7148/4911 4815/7147/4910 4830/7172/4931 4831/7173/4933
f 4809/7150/4912 4808/7149/4909 4823/7174/4932 4824/7175/4934
f 4817/7151/4913 4816/7148/4911 4831/7173/4933 4832/7176/4935
f 4810/7152/4914 4809/7150/4912 4824/7175/4934 4825/7177/4936
f 4818/7153/4915 4817/7151/4913 4832/7176/4935 4833/7178/4937
f 4811/7154/4916 4810/7152/4914 4825/7177/4936 4826/7162/4923
f 4819/7155/4917 4818/7153/4915 4833/7178/4937 4834/7165/4926
f 4831/7173/4933 4830/7172/4931 4846/7179/4938 4847/7180/4939
f 4824/7181/4934 4823/7171/4932 4839/7182/4940 4840/7183/4941
f 4832/7176/4935 4831/7173/4933 4847/7180/4939 4848/7184/4942
f 4825/7177/4936 4824/7175/4934 4840/7185/4941 4841/7186/4943
f 4833/7178/4937 4832/7176/4935 4848/7184/4942 4849/7187/4944
f 4826/7162/4923 4825/7177/4936 4841/7186/4943 4842/7188/4945
f 4834/7165/4926 4833/7178/4937 4849/7187/4944 4850/7189/4946
f 4827/7163/4924 4826/7162/4923 4842/7188/4945 4843/7190/4947
f 4820/7164/4925 5031/7096/4867 4836/7191/4948
f 4835/7098/4869 4834/7165/4926 4850/7189/4946
f 4828/7166/4927 4827/7163/4924 4843/7190/4947 4844/7192/4949
f 4821/7167/4928 4820/7164/4925 4836/7191/4948 4837/7193/4950
f 4829/7168/4929 4828/7166/4927 4844/7192/4949 4845/7194/4951
f 4822/7169/4930 4821/7167/4928 4837/7193/4950 4838/7195/4952
f 4830/7172/4931 4829/7196/4929 4845/7197/4951 4846/7179/4938
f 4823/7171/4932 4822/7169/4930 4838/7195/4952 4839/7182/4940
f 4835/7098/4869 4850/7189/4946 4865/7198/4953
f 4844/7199/4949 4843/7200/4947 4858/7201/4954 4859/7202/4955
f 4837/7193/4950 4836/7191/4948 4851/7203/4956 4852/7204/4957
f 4845/7205/4951 4844/7199/4949 4859/7202/4955 4860/7206/4958
f 4838/7195/4952 4837/7193/4950 4852/7204/4957 4853/7207/4959
f 4846/7179/4938 4845/7197/4951 4860/7208/4958 4861/7209/4960
f 4839/7182/4940 4838/7195/4952 4853/7207/4959 4854/7210/4961
f 4847/7180/4939 4846/7179/4938 4861/7209/4960 4862/7211/4962
f 4840/7183/4941 4839/7182/4940 4854/7210/4961 4855/7212/4963
f 4848/7184/4942 4847/7180/4939 4862/7211/4962 4863/7213/4964
f 4841/7214/4943 4840/7183/4941 4855/7212/4963 4856/7215/4965
f 4849/7187/4944 4848/7184/4942 4863/7213/4964 4864/7216/4966
f 4842/7217/4945 4841/7218/4943 4856/7219/4965 4857/7220/4967
f 4850/7189/4946 4849/7187/4944 4864/7216/4966 4865/7198/4953
f 4843/7200/4947 4842/7217/4945 4857/7220/4967 4858/7201/4954
f 4836/7191/4948 5031/7096/4867 4851/7203/4956
f 4863/7213/4964 4862/7211/4962 4877/7221/4968 4878/7222/4969
f 4856/7219/4965 4855/7223/4963 4870/7224/4970 4871/7225/4971
f 4864/7216/4966 4863/7213/4964 4878/7222/4969 4879/7226/4972
f 4857/7220/4967 4856/7219/4965 4871/7225/4971 4872/7227/4973
f 4865/7198/4953 4864/7216/4966 4879/7226/4972 4880/7228/4974
f 4858/7201/4954 4857/7220/4967 4872/7227/4973 4873/7229/4975
f 4851/7203/4956 5031/7096/4867 4866/7230/4976
f 4835/7098/4869 4865/7198/4953 4880/7228/4974
f 4859/7202/4955 4858/7201/4954 4873/7229/4975 4874/7231/4977
f 4852/7204/4957 4851/7203/4956 4866/7230/4976 4867/7232/4978
f 4860/7206/4958 4859/7202/4955 4874/7231/4977 4875/7233/4979
f 4853/7207/4959 4852/7204/4957 4867/7232/4978 4868/7234/4980
f 4861/7235/4960 4860/7206/4958 4875/7233/4979 4876/7236/4981
f 4854/7210/4961 4853/7207/4959 4868/7234/4980 4869/7237/4982
f 4862/7211/4962 4861/7209/4960 4876/7238/4981 4877/7221/4968
f 4855/7212/4963 4854/7210/4961 4869/7237/4982 4870/7239/4970
f 4867/7232/4978 4866/7230/4976 4881/7240/4983 4882/7241/4984
f 4875/7233/4979 4874/7231/4977 4889/7242/4985 4890/7243/4986
f 4868/7234/4980 4867/7232/4978 4882/7241/4984 4883/7244/4987
f 4876/7236/4981 4875/7233/4979 4890/7243/4986 4891/7245/4988
f 4869/7237/4982 4868/7234/4980 4883/7244/4987 4884/7246/4989
f 4877/7221/4968 4876/7238/4981 4891/7247/4988 4892/7248/4990
f 4870/7239/4970 4869/7237/4982 4884/7246/4989 4885/7249/4991
f 4878/7222/4969 4877/7221/4968 4892/7248/4990 4893/7250/4992
f 4871/7225/4971 4870/7224/4970 4885/7251/4991 4886/7252/4993
f 4879/7226/4972 4878/7222/4969 4893/7250/4992 4894/7253/4994
f 4872/7227/4973 4871/7225/4971 4886/7252/4993 4887/7254/4995
f 4880/7228/4974 4879/7226/4972 4894/7253/4994 4895/7255/4996
f 4873/7229/4975 4872/7227/4973 4887/7254/4995 4888/7256/4997
f 4866/7230/4976 5031/7096/4867 4881/7240/4983
f 4835/7098/4869 4880/7228/4974 4895/7255/4996
f 4874/7231/4977 4873/7229/4975 4888/7256/4997 4889/7242/4985
f 4886/7252/4993 4885/7251/4991 4900/7257/4998 4901/7258/4999
f 4894/7253/4994 4893/7250/4992 4908/7259/5000 4909/7260/5001
f 4887/7254/4995 4886/7252/4993 4901/7258/4999 4902/7261/5002
f 4895/7255/4996 4894/7253/4994 4909/7260/5001 4910/7262/5003
f 4888/7256/4997 4887/7254/4995 4902/7261/5002 4903/7263/5004
f 4881/7240/4983 5031/7096/4867 4896/7264/5005
f 4835/7098/4869 4895/7255/4996 4910/7262/5003
f 4889/7242/4985 4888/7256/4997 4903/7263/5004 4904/7265/5006
f 4882/7241/4984 4881/7240/4983 4896/7264/5005 4897/7266/5007
f 4890/7243/4986 4889/7242/4985 4904/7265/5006 4905/7267/5008
f 4883/7244/4987 4882/7241/4984 4897/7266/5007 4898/7268/5009
f 4891/7245/4988 4890/7243/4986 4905/7267/5008 4906/7269/5010
f 4884/7246/4989 4883/7244/4987 4898/7268/5009 4899/7270/5011
f 4892/7271/4990 4891/7245/4988 4906/7269/5010 4907/7272/5012
f 4885/7249/4991 4884/7246/4989 4899/7270/5011 4900/7273/4998
f 4893/7250/4992 4892/7248/4990 4907/7274/5012 4908/7259/5000
f 4905/7267/5008 4904/7265/5006 4919/7275/5013 4920/7276/5014
f 4898/7268/5009 4897/7266/5007 4912/7277/5015 4913/7278/5016
f 4906/7269/5010 4905/7267/5008 4920/7276/5014 4921/7279/5017
f 4899/7270/5011 4898/7268/5009 4913/7278/5016 4914/7280/5018
f 4907/7272/5012 4906/7269/5010 4921/7279/5017 4922/7281/5019
f 4900/7273/4998 4899/7270/5011 4914/7280/5018 4915/7282/5020
f 4908/7259/5000 4907/7274/5012 4922/7283/5019 4923/7284/5021
f 4901/7258/4999 4900/7257/4998 4915/7285/5020 4916/7286/5022
f 4909/7260/5001 4908/7259/5000 4923/7284/5021 4924/7287/5023
f 4902/7261/5002 4901/7258/4999 4916/7286/5022 4917/7288/5024
f 4910/7262/5003 4909/7260/5001 4924/7287/5023 4925/7289/5025
f 4903/7263/5004 4902/7261/5002 4917/7288/5024 4918/7290/5026
f 4896/7264/5005 5031/7096/4867 4911/7291/5027
f 4835/7098/4869 4910/7262/5003 4925/7289/5025
f 4904/7265/5006 4903/7263/5004 4918/7290/5026 4919/7275/5013
f 4897/7266/5007 4896/7264/5005 4911/7291/5027 4912/7277/5015
f 4924/7287/5023 4923/7284/5021 4938/7292/5028 4939/7293/5029
f 4917/7288/5024 4916/7286/5022 4931/7294/5030 4932/7295/5031
f 4925/7289/5025 4924/7287/5023 4939/7293/5029 4940/7296/5032
f 4918/7290/5026 4917/7288/5024 4932/7295/5031 4933/7297/5033
f 4911/7291/5027 5031/7096/4867 4926/7298/5034
f 4835/7098/4869 4925/7289/5025 4940/7296/5032
f 4919/7275/5013 4918/7290/5026 4933/7297/5033 4934/7299/5035
f 4912/7277/5015 4911/7291/5027 4926/7298/5034 4927/7300/5036
f 4920/7276/5014 4919/7275/5013 4934/7299/5035 4935/7301/5037
f 4913/7278/5016 4912/7277/5015 4927/7300/5036 4928/7302/5038
f 4921/7279/5017 4920/7276/5014 4935/7301/5037 4936/7303/5039
f 4914/7280/5018 4913/7278/5016 4928/7302/5038 4929/7304/5040
f 4922/7281/5019 4921/7279/5017 4936/7303/5039 4937/7305/5041
f 4915/7282/5020 4914/7280/5018 4929/7304/5040 4930/7306/5042
f 4923/7284/5021 4922/7283/5019 4937/7307/5041 4938/7292/5028
f 4916/7286/5022 4915/7285/5020 4930/7308/5042 4931/7294/5030
f 4928/7302/5038 4927/7300/5036 4942/7309/5043 4943/7310/5044
f 4936/7303/5039 4935/7301/5037 4950/7311/5045 4951/7312/5046
f 4929/7304/5040 4928/7302/5038 4943/7310/5044 4944/7313/5047
f 4937/7305/5041 4936/7303/5039 4951/7312/5046 4952/7314/5048
f 4930/7306/5042 4929/7304/5040 4944/7313/5047 4945/7315/5049
f 4938/7292/5028 4937/7307/5041 4952/7316/5048 4953/7317/5050
f 4931/7294/5030 4930/7308/5042 4945/7318/5049 4946/7319/5051
f 4939/7293/5029 4938/7292/5028 4953/7317/5050 4954/7320/5052
f 4932/7295/5031 4931/7294/5030 4946/7319/5051 4947/7321/5053
f 4940/7296/5032 4939/7293/5029 4954/7320/5052 4955/7322/5054
f 4933/7297/5033 4932/7295/5031 4947/7321/5053 4948/7323/5055
f 4926/7298/5034 5031/7096/4867 4941/7324/5056
f 4835/7098/4869 4940/7296/5032 4955/7322/5054
f 4934/7299/5035 4933/7297/5033 4948/7323/5055 4949/7325/5057
f 4927/7300/5036 4926/7298/5034 4941/7324/5056 4942/7309/5043
f 4935/7301/5037 4934/7299/5035 4949/7325/5057 4950/7311/5045
f 4947/7321/5053 4946/7319/5051 4961/7326/5058 4962/7327/5059
f 4955/7322/5054 4954/7320/5052 4969/7328/5060 4970/7329/5061
f 4948/7323/5055 4947/7321/5053 4962/7327/5059 4963/7330/5062
f 4941/7324/5056 5031/7096/4867 4956/7331/5063
f 4835/7098/4869 4955/7322/5054 4970/7329/5061
f 4949/7325/5057 4948/7323/5055 4963/7330/5062 4964/7332/5064
f 4942/7309/5043 4941/7324/5056 4956/7331/5063 4957/7333/5065
f 4950/7311/5045 4949/7325/5057 4964/7332/5064 4965/7334/5066
f 4943/7310/5044 4942/7309/5043 4957/7333/5065 4958/7335/5067
f 4951/7312/5046 4950/7311/5045 4965/7334/5066 4966/7336/5068
f 4944/7313/5047 4943/7310/5044 4958/7335/5067 4959/7337/5069
f 4952/7316/5048 4951/7338/5046 4966/7339/5068 4967/7340/5070
f 4945/7315/5049 4944/7313/5047 4959/7337/5069 4960/7341/5071
f 4953/7317/5050 4952/7316/5048 4967/7340/5070 4968/7342/5072
f 4946/7319/5051 4945/7318/5049 4960/7343/5071 4961/7326/5058
f 4954/7320/5052 4953/7317/5050 4968/7342/5072 4969/7328/5060
f 4966/7344/5068 4965/7345/5066 4980/7346/5073 4981/7347/5074
f 4959/7337/5069 4958/7335/5067 4973/7348/5075 4974/7349/5076
f 4967/7350/5070 4966/7344/5068 4981/7347/5074 4982/7351/5077
f 4960/7341/5071 4959/7337/5069 4974/7349/5076 4975/7352/5078
f 4968/7342/5072 4967/7340/5070 4982/7353/5077 4983/7354/5079
f 4961/7355/5058 4960/7356/5071 4975/7357/5078 4976/7358/5080
f 4969/7328/5060 4968/7342/5072 4983/7354/5079 4984/7359/5081
f 4962/7360/5059 4961/7355/5058 4976/7358/5080 4977/7361/5082
f 4970/7329/5061 4969/7328/5060 4984/7359/5081 4985/7362/5083
f 4963/7363/5062 4962/7360/5059 4977/7361/5082 4978/7364/5084
f 4956/7331/5063 5031/7096/4867 4971/7365/5085
f 4835/7098/4869 4970/7329/5061 4985/7362/5083
f 4964/7366/5064 4963/7363/5062 4978/7364/5084 4979/7367/5086
f 4957/7333/5065 4956/7331/5063 4971/7365/5085 4972/7368/5087
f 4965/7345/5066 4964/7366/5064 4979/7367/5086 4980/7346/5073
f 4958/7335/5067 4957/7333/5065 4972/7368/5087 4973/7348/5075
f 4985/7362/5083 4984/7359/5081 4999/7369/5088 5000/7370/5089
f 4978/7364/5084 4977/7361/5082 4992/7371/5090 4993/7372/5091
f 4971/7365/5085 5031/7096/4867 4986/7373/5092
f 4835/7098/4869 4985/7362/5083 5000/7370/5089
f 4979/7367/5086 4978/7364/5084 4993/7372/5091 4994/7374/5093
f 4972/7368/5087 4971/7365/5085 4986/7373/5092 4987/7375/5094
f 4980/7346/5073 4979/7367/5086 4994/7374/5093 4995/7376/5095
f 4973/7348/5075 4972/7368/5087 4987/7375/5094 4988/7377/5096
f 4981/7347/5074 4980/7346/5073 4995/7376/5095 4996/7378/5097
f 4974/7349/5076 4973/7348/5075 4988/7377/5096 4989/7379/5098
f 4982/7351/5077 4981/7347/5074 4996/7378/5097 4997/7380/5099
f 4975/7352/5078 4974/7349/5076 4989/7379/5098 4990/7381/5100
f 4983/7354/5079 4982/7353/5077 4997/7382/5099 4998/7383/5101
f 4976/7358/5080 4975/7357/5078 4990/7384/5100 4991/7385/5102
f 4984/7359/5081 4983/7354/5079 4998/7383/5101 4999/7369/5088
f 4977/7361/5082 4976/7358/5080 4991/7385/5102 4992/7371/5090
f 4997/7380/5099 4996/7378/5097 5011/7386/5103 5012/7387/5104
f 4990/7384/5100 4989/7388/5098 5004/7389/5105 5005/7390/5106
f 4998/7383/5101 4997/7382/5099 5012/7391/5104 5013/7392/5107
f 4991/7385/5102 4990/7384/5100 5005/7390/5106 5006/7393/5108
f 4999/7369/5088 4998/7383/5101 5013/7392/5107 5014/7394/5109
f 4992/7371/5090 4991/7385/5102 5006/7393/5108 5007/7395/5110
f 5000/7370/5089 4999/7369/5088 5014/7394/5109 5015/7396/5111
f 4993/7372/5091 4992/7371/5090 5007/7395/5110 5008/7397/5112
f 4986/7373/5092 5031/7096/4867 5001/7398/5113
f 4835/7098/4869 5000/7370/5089 5015/7396/5111
f 4994/7374/5093 4993/7372/5091 5008/7397/5112 5009/7399/5114
f 4987/7375/5094 4986/7373/5092 5001/7398/5113 5002/7400/5115
f 4995/7376/5095 4994/7374/5093 5009/7399/5114 5010/7401/5116
f 4988/7377/5096 4987/7375/5094 5002/7400/5115 5003/7402/5117
f 4996/7378/5097 4995/7376/5095 5010/7401/5116 5011/7386/5103
f 4989/7379/5098 4988/7377/5096 5003/7402/5117 5004/7403/5105
f 5001/7398/5113 5031/7096/4867 5016/7404/5118
f 4835/7098/4869 5015/7396/5111 5030/7405/5119
f 5009/7399/5114 5008/7397/5112 5023/7406/5120 5024/7407/5121
f 5002/7400/5115 5001/7398/5113 5016/7404/5118 5017/7408/5122
f 5010/7401/5116 5009/7399/5114 5024/7407/5121 5025/7409/5123
f 5003/7402/5117 5002/7400/5115 5017/7408/5122 5018/7410/5124
f 5011/7386/5103 5010/7401/5116 5025/7409/5123 5026/7411/5125
f 5004/7403/5105 5003/7402/5117 5018/7410/5124 5019/7412/5126
f 5012/7387/5104 5011/7386/5103 5026/7411/5125 5027/7413/5127
f 5005/7390/5106 5004/7389/5105 5019/7414/5126 5020/7415/5128
f 5013/7416/5107 5012/7387/5104 5027/7413/5127 5028/7417/5129
f 5006/7393/5108 5005/7390/5106 5020/7415/5128 5021/7418/5130
f 5014/7394/5109 5013/7392/5107 5028/7419/5129 5029/7420/5131
f 5007/7395/5110 5006/7393/5108 5021/7418/5130 5022/7421/5132
f 5015/7396/5111 5014/7394/5109 5029/7420/5131 5030/7405/5119
f 5008/7397/5112 5007/7395/5110 5022/7421/5132 5023/7406/5120
f 5020/7415/5128 5019/7414/5126 5035/7422/5133 5036/7423/5134
f 5028/7417/5129 5027/7413/5127 5043/7424/5135 5044/7425/5136
f 5021/7418/5130 5020/7415/5128 5036/7423/5134 5037/7426/5137
f 5029/7420/5131 5028/7419/5129 5044/7427/5136 5045/7428/5138
f 5022/7421/5132 5021/7418/5130 5037/7426/5137 5038/7429/5139
f 5030/7405/5119 5029/7420/5131 5045/7428/5138 5046/7430/5140
f 5023/7406/5120 5022/7421/5132 5038/7429/5139 5039/7431/5141
f 5016/7404/5118 5031/7096/4867 5032/7432/5142
f 4835/7098/4869 5030/7405/5119 5046/7430/5140
f 5024/7407/5121 5023/7406/5120 5039/7431/5141 5040/7433/5143
f 5017/7408/5122 5016/7404/5118 5032/7432/5142 5033/7434/5144
f 5025/7409/5123 5024/7407/5121 5040/7433/5143 5041/7435/5145
f 5018/7410/5124 5017/7408/5122 5033/7434/5144 5034/7436/5146
f 5026/7411/5125 5025/7409/5123 5041/7435/5145 5042/7437/5147
f 5019/7412/5126 5018/7410/5124 5034/7436/5146 5035/7438/5133
f 5027/7413/5127 5026/7411/5125 5042/7437/5147 5043/7424/5135
f 5040/7433/5143 5039/7431/5141 5054/7439/5148 5055/7440/5149
f 5033/7434/5144 5032/7432/5142 5047/7441/5150 5048/7442/5151
f 5041/7435/5145 5040/7433/5143 5055/7440/5149 5056/7443/5152
f 5034/7436/5146 5033/7434/5144 5048/7442/5151 5049/7444/5153
f 5042/7437/5147 5041/7435/5145 5056/7443/5152 5057/7445/5154
f 5035/7438/5133 5034/7436/5146 5049/7444/5153 5050/7446/5155
f 5043/7424/5135 5042/7437/5147 5057/7445/5154 5058/7447/5156
f 5036/7423/5134 5035/7422/5133 5050/7448/5155 5051/7449/5157
f 5044/7425/5136 5043/7424/5135 5058/7447/5156 5059/7450/5158
f 5037/7426/5137 5036/7423/5134 5051/7449/5157 5052/7451/5159
f 5045/7428/5138 5044/7427/5136 5059/7452/5158 5060/7453/5160
f 5038/7429/5139 5037/7426/5137 5052/7451/5159 5053/7454/5161
f 5046/7430/5140 5045/7428/5138 5060/7453/5160 5061/7455/5162
f 5039/7431/5141 5038/7429/5139 5053/7454/5161 5054/7439/5148
f 5032/7432/5142 5031/7096/4867 5047/7441/5150
f 4835/7098/4869 5046/7430/5140 5061/7455/5162
f 5059/7452/5158 5058/7456/5156 5073/7457/5163 5074/7458/5164
f 5052/7451/5159 5051/7449/5157 5066/7459/5165 5067/7460/5166
f 5060/7453/5160 5059/7452/5158 5074/7458/5164 5075/7461/5167
f 5053/7454/5161 5052/7451/5159 5067/7460/5166 5068/7462/5168
f 5061/7455/5162 5060/7453/5160 5075/7461/5167 5076/7463/5169
f 5054/7439/5148 5053/7454/5161 5068/7462/5168 5069/7464/5170
f 5047/7441/5150 5031/7096/4867 5062/7465/5171
f 4835/7098/4869 5061/7455/5162 5076/7463/5169
f 5055/7440/5149 5054/7439/5148 5069/7464/5170 5070/7466/5172
f 5048/7442/5151 5047/7441/5150 5062/7465/5171 5063/7467/5173
f 5056/7443/5152 5055/7440/5149 5070/7466/5172 5071/7468/5174
f 5049/7444/5153 5048/7442/5151 5063/7467/5173 5064/7469/5175
f 5057/7445/5154 5056/7443/5152 5071/7468/5174 5072/7470/5176
f 5050/7446/5155 5049/7444/5153 5064/7469/5175 5065/7471/5177
f 5058/7447/5156 5057/7445/5154 5072/7470/5176 5073/7472/5163
f 5051/7449/5157 5050/7448/5155 5065/7473/5177 5066/7459/5165
f 5063/7467/5173 5062/7465/5171 5077/7474/5178 5078/7475/5179
f 5071/7468/5174 5070/7466/5172 5085/7476/5180 5086/7477/5181
f 5064/7469/5175 5063/7467/5173 5078/7475/5179 5079/7478/5182
f 5072/7479/5176 5071/7480/5174 5086/7481/5181 5087/7482/5183
f 5065/7471/5177 5064/7469/5175 5079/7478/5182 5080/7483/5184
f 5073/7484/5163 5072/7479/5176 5087/7482/5183 5088/7485/5185
f 5066/7486/5165 5065/7471/5177 5080/7483/5184 5081/7487/5186
f 5074/7458/5164 5073/7457/5163 5088/7488/5185 5089/7489/5187
f 5067/7460/5166 5066/7459/5165 5081/7490/5186 5082/7491/5188
f 5075/7461/5167 5074/7458/5164 5089/7489/5187 5090/7492/5189
f 5068/7462/5168 5067/7460/5166 5082/7491/5188 5083/7493/5190
f 5076/7463/5169 5075/7461/5167 5090/7492/5189 5091/7494/5191
f 5069/7495/5170 5068/7496/5168 5083/7497/5190 5084/7498/5192
f 5062/7465/5171 5031/7096/4867 5077/7474/5178
f 4835/7098/4869 5076/7463/5169 5091/7494/5191
f 5070/7499/5172 5069/7495/5170 5084/7498/5192 5085/7500/5180
f 5082/7501/5188 5081/7502/5186 5096/7503/5193 5097/7504/5194
f 5090/7492/5189 5089/7489/5187 5104/7505/5195 5105/7506/5196
f 5083/7497/5190 5082/7501/5188 5097/7504/5194 5098/7507/5197
f 5091/7494/5191 5090/7492/5189 5105/7506/5196 5106/7508/5198
f 5084/7498/5192 5083/7497/5190 5098/7507/5197 5099/7509/5199
f 5077/7474/5178 5031/7096/4867 5092/7510/5200
f 4835/7098/4869 5091/7494/5191 5106/7508/5198
f 5085/7500/5180 5084/7498/5192 5099/7509/5199 5100/7511/5201
f 5078/7475/5179 5077/7474/5178 5092/7510/5200 5093/7512/5202
f 5086/7481/5181 5085/7500/5180 5100/7511/5201 5101/7513/5203
f 5079/7478/5182 5078/7475/5179 5093/7512/5202 5094/7514/5204
f 5087/7482/5183 5086/7481/5181 5101/7513/5203 5102/7515/5205
f 5080/7483/5184 5079/7478/5182 5094/7514/5204 5095/7516/5206
f 5088/7485/5185 5087/7482/5183 5102/7515/5205 5103/7517/5207
f 5081/7502/5186 5080/7518/5184 5095/7519/5206 5096/7503/5193
f 5089/7520/5187 5088/7485/5185 5103/7517/5207 5104/7521/5195
f 5101/7513/5203 5100/7511/5201 5115/7522/5208 5116/7523/5209
f 5094/7514/5204 5093/7512/5202 5108/7524/5210 5109/7525/5211
f 5102/7515/5205 5101/7513/5203 5116/7523/5209 5117/7526/5212
f 5095/7516/5206 5094/7514/5204 5109/7525/5211 5110/7527/5213
f 5103/7517/5207 5102/7515/5205 5117/7526/5212 5118/7528/5214
f 5096/7503/5193 5095/7519/5206 5110/7529/5213 5111/7530/5215
f 5104/7521/5195 5103/7517/5207 5118/7528/5214 5119/7531/5216
f 5097/7504/5194 5096/7503/5193 5111/7530/5215 5112/7532/5217
f 5105/7506/5196 5104/7505/5195 5119/7533/5216 5120/7534/5218
f 5098/7507/5197 5097/7504/5194 5112/7532/5217 5113/7535/5219
f 5106/7508/5198 5105/7506/5196 5120/7534/5218 5121/7536/5220
f 5099/7509/5199 5098/7507/5197 5113/7535/5219 5114/7537/5221
f 5092/7510/5200 5031/7096/4867 5107/7538/5222
f 4835/7098/4869 5106/7508/5198 5121/7536/5220
f 5100/7511/5201 5099/7509/5199 5114/7537/5221 5115/7522/5208
f 5093/7512/5202 5092/7510/5200 5107/7538/5222 5108/7524/5210
f 5120/7534/5218 5119/7533/5216 5134/7539/5223 5135/7540/5224
f 5113/7535/5219 5112/7532/5217 5127/7541/5225 5128/7542/5226
f 5121/7536/5220 5120/7534/5218 5135/7540/5224 5136/7543/5227
f 5114/7537/5221 5113/7535/5219 5128/7542/5226 5129/7544/5228
f 5107/7538/5222 5031/7096/4867 5122/7545/5229
f 4835/7098/4869 5121/7536/5220 5136/7543/5227
f 5115/7522/5208 5114/7537/5221 5129/7544/5228 5130/7546/5230
f 5108/7524/5210 5107/7538/5222 5122/7545/5229 5123/7547/5231
f 5116/7523/5209 5115/7522/5208 5130/7546/5230 5131/7548/5232
f 5109/7525/5211 5108/7524/5210 5123/7547/5231 5124/7549/5233
f 5117/7526/5212 5116/7523/5209 5131/7548/5232 5132/7550/5234
f 5110/7527/5213 5109/7525/5211 5124/7549/5233 5125/7551/5235
f 5118/7528/5214 5117/7526/5212 5132/7550/5234 5133/7552/5236
f 5111/7530/5215 5110/7529/5213 5125/7553/5235 5126/7554/5237
f 5119/7531/5216 5118/7528/5214 5133/7552/5236 5134/7555/5223
f 5112/7532/5217 5111/7530/5215 5126/7554/5237 5127/7541/5225
f 5132/7550/5234 5131/7548/5232 5146/7556/5238 5147/7557/5239
f 5125/7551/5235 5124/7549/5233 5139/7558/5240 5140/7559/5241
f 5133/7552/5236 5132/7550/5234 5147/7557/5239 5148/7560/5242
f 5126/7554/5237 5125/7553/5235 5140/7561/5241 5141/7562/5243
f 5134/7555/5223 5133/7552/5236 5148/7560/5242 5149/7563/5244
f 5127/7541/5225 5126/7554/5237 5141/7562/5243 5142/7564/5245
f 5135/7540/5224 5134/7539/5223 5149/7565/5244 5150/7566/5246
f 5128/7542/5226 5127/7541/5225 5142/7564/5245 5143/7567/5247
f 5136/7543/5227 5135/7540/5224 5150/7566/5246 5151/7568/5248
f 5129/7544/5228 5128/7542/5226 5143/7567/5247 5144/7569/5249
f 5122/7545/5229 5031/7096/4867 5137/7570/5250
f 4835/7098/4869 5136/7543/5227 5151/7568/5248
f 5130/7546/5230 5129/7544/5228 5144/7569/5249 5145/7571/5251
f 5123/7547/5231 5122/7545/5229 5137/7570/5250 5138/7572/5252
f 5131/7548/5232 5130/7546/5230 5145/7571/5251 5146/7556/5238
f 5124/7549/5233 5123/7547/5231 5138/7572/5252 5139/7558/5240
f 5151/7568/5248 5150/7566/5246 5165/7573/5253 5166/7574/5254
f 5144/7569/5249 5143/7567/5247 5158/7575/5255 5159/7576/5256
f 5137/7570/5250 5031/7096/4867 5152/7577/5257
f 4835/7098/4869 5151/7568/5248 5166/7574/5254
f 5145/7571/5251 5144/7569/5249 5159/7576/5256 5160/7578/5258
f 5138/7572/5252 5137/7570/5250 5152/7577/5257 5153/7579/5259
f 5146/7556/5238 5145/7571/5251 5160/7578/5258 5161/7580/5260
f 5139/7558/5240 5138/7572/5252 5153/7579/5259 5154/7581/5261
f 5147/7557/5239 5146/7556/5238 5161/7580/5260 5162/7582/5262
f 5140/7559/5241 5139/7558/5240 5154/7581/5261 5155/7583/5263
f 5148/7560/5242 5147/7557/5239 5162/7582/5262 5163/7584/5264
f 5141/7562/5243 5140/7561/5241 5155/7585/5263 5156/7586/5265
f 5149/7563/5244 5148/7560/5242 5163/7584/5264 5164/7587/5266
f 5142/7564/5245 5141/7562/5243 5156/7586/5265 5157/7588/5267
f 5150/7566/5246 5149/7565/5244 5164/7589/5266 5165/7573/5253
f 5143/7567/5247 5142/7564/5245 5157/7588/5267 5158/7575/5255
f 5155/7583/5263 5154/7581/5261 5169/7590/5268 5170/7591/5269
f 5163/7584/5264 5162/7582/5262 5177/7592/5270 5178/7593/5271
f 5156/7586/5265 5155/7585/5263 5170/7594/5269 5171/7595/5272
f 5164/7587/5266 5163/7584/5264 5178/7593/5271 5179/7596/5273
f 5157/7588/5267 5156/7586/5265 5171/7595/5272 5172/7597/5274
f 5165/7573/5253 5164/7589/5266 5179/7598/5273 5180/7599/5275
f 5158/7575/5255 5157/7588/5267 5172/7597/5274 5173/7600/5276
f 5166/7574/5254 5165/7573/5253 5180/7599/5275 5181/7601/5277
f 5159/7576/5256 5158/7575/5255 5173/7600/5276 5174/7602/5278
f 5152/7577/5257 5031/7096/4867 5167/7603/5279
f 4835/7098/4869 5166/7574/5254 5181/7601/5277
f 5160/7578/5258 5159/7576/5256 5174/7602/5278 5175/7604/5280
f 5153/7579/5259 5152/7577/5257 5167/7603/5279 5168/7605/5281
f 5161/7580/5260 5160/7578/5258 5175/7604/5280 5176/7606/5282
f 5154/7581/5261 5153/7579/5259 5168/7605/5281 5169/7590/5268
f 5162/7582/5262 5161/7580/5260 5176/7606/5282 5177/7592/5270
f 5174/7602/5278 5173/7600/5276 5188/7607/5283 5189/7608/5284
f 5167/7603/5279 5031/7096/4867 5182/7609/5285
f 4835/7098/4869 5181/7601/5277 5196/7610/5286
f 5175/7604/5280 5174/7602/5278 5189/7608/5284 5190/7611/5287
f 5168/7605/5281 5167/7603/5279 5182/7609/5285 5183/7612/5288
f 5176/7606/5282 5175/7604/5280 5190/7611/5287 5191/7613/5289
f 5169/7590/5268 5168/7605/5281 5183/7612/5288 5184/7614/5290
f 5177/7592/5270 5176/7606/5282 5191/7613/5289 5192/7615/5291
f 5170/7591/5269 5169/7590/5268 5184/7614/5290 5185/7616/5292
f 5178/7593/5271 5177/7592/5270 5192/7615/5291 5193/7617/5293
f 5171/7595/5272 5170/7594/5269 5185/7618/5292 5186/7619/5294
f 5179/7598/5273 5178/7620/5271 5193/7621/5293 5194/7622/5295
f 5172/7597/5274 5171/7595/5272 5186/7619/5294 5187/7623/5296
f 5180/7599/5275 5179/7598/5273 5194/7622/5295 5195/7624/5297
f 5173/7600/5276 5172/7597/5274 5187/7623/5296 5188/7607/5283
f 5181/7601/5277 5180/7599/5275 5195/7624/5297 5196/7610/5286
f 5193/7617/5293 5192/7615/5291 5207/7625/5298 5208/7626/5299
f 5186/7627/5294 5185/7628/5292 5200/7629/5300 5201/7630/5301
f 5194/7622/5295 5193/7621/5293 5208/7631/5299 5209/7632/5302
f 5187/7633/5296 5186/7627/5294 5201/7630/5301 5202/7634/5303
f 5195/7624/5297 5194/7622/5295 5209/7632/5302 5210/7635/5304
f 5188/7636/5283 5187/7633/5296 5202/7634/5303 5203/7637/5305
f 5196/7610/5286 5195/7624/5297 5210/7635/5304 5211/7638/5306
f 5189/7639/5284 5188/7636/5283 5203/7637/5305 5204/7640/5307
f 5182/7609/5285 5031/7096/4867 5197/7641/5308
f 4835/7098/4869 5196/7610/5286 5211/7638/5306
f 5190/7611/5287 5189/7608/5284 5204/7642/5307 5205/7643/5309
f 5183/7612/5288 5182/7609/5285 5197/7641/5308 5198/7644/5310
f 5191/7613/5289 5190/7611/5287 5205/7643/5309 5206/7645/5311
f 5184/7614/5290 5183/7612/5288 5198/7644/5310 5199/7646/5312
f 5192/7615/5291 5191/7613/5289 5206/7645/5311 5207/7625/5298
f 5185/7616/5292 5184/7614/5290 5199/7646/5312 5200/7647/5300
f 5197/7641/5308 5031/7096/4867 5212/7648/5313
f 4835/7098/4869 5211/7638/5306 5226/7649/5314
f 5205/7650/5309 5204/7640/5307 5219/7651/5315 5220/7652/5316
f 5198/7644/5310 5197/7641/5308 5212/7648/5313 5213/7653/5317
f 5206/7654/5311 5205/7650/5309 5220/7652/5316 5221/7655/5318
f 5199/7646/5312 5198/7644/5310 5213/7653/5317 5214/7656/5319
f 5207/7657/5298 5206/7654/5311 5221/7655/5318 5222/7658/5320
f 5200/7647/5300 5199/7646/5312 5214/7656/5319 5215/7659/5321
f 5208/7660/5299 5207/7657/5298 5222/7658/5320 5223/7661/5322
f 5201/7630/5301 5200/7629/5300 5215/7662/5321 5216/7663/5323
f 5209/7632/5302 5208/7631/5299 5223/7664/5322 5224/7665/5324
f 5202/7634/5303 5201/7630/5301 5216/7663/5323 5217/7666/5325
f 5210/7635/5304 5209/7632/5302 5224/7665/5324 5225/7667/5326
f 5203/7637/5305 5202/7634/5303 5217/7666/5325 5218/7668/5327
f 5211/7638/5306 5210/7635/5304 5225/7667/5326 5226/7649/5314
f 5204/7640/5307 5203/7637/5305 5218/7668/5327 5219/7651/5315
f 5216/7663/5323 5215/7662/5321 5230/7078/4851 5231/7077/4850
f 5224/7665/5324 5223/7664/5322 5238/7082/4846 5239/7081/4854
f 5217/7666/5325 5216/7663/5323 5231/7077/4850 5232/7085/4856
f 5225/7667/5326 5224/7665/5324 5239/7081/4854 5240/7087/4858
f 5218/7668/5327 5217/7666/5325 5232/7085/4856 5233/7089/4860
f 5226/7649/5314 5225/7667/5326 5240/7087/4858 5241/7091/4862
f 5219/7651/5315 5218/7668/5327 5233/7089/4860 5234/7093/4864
f 5212/7648/5313 5031/7096/4867 5227/7095/4866
f 4835/7098/4869 5226/7649/5314 5241/7091/4862
f 5220/7652/5316 5219/7651/5315 5234/7093/4864 5235/7099/4870
f 5213/7653/5317 5212/7648/5313 5227/7095/4866 5228/7101/4872
f 5221/7655/5318 5220/7652/5316 5235/7099/4870 5236/7103/4874
f 5214/7656/5319 5213/7653/5317 5228/7101/4872 5229/7105/4876
f 5222/7658/5320 5221/7655/5318 5236/7103/4874 5237/7074/4847
f 5215/7662/5321 5214/7669/5319 5229/7107/4876 5230/7078/4851
f 5223/7661/5322 5222/7658/5320 5237/7074/4847 5238/7073/4846
f 5720/7670/4851 5253/7671/4852 5252/7672/4853 5719/7673/4850
f 5713/7674/4847 5246/7675/4848 5245/7676/4849 5712/7677/4846
f 5721/7678/4876 5254/7679/4877 5253/7680/4852 5720/7681/4851
f 5714/7682/4874 5247/7683/4875 5246/7675/4848 5713/7674/4847
f 5722/7684/4872 5255/7685/4873 5254/7679/4877 5721/7678/4876
f 5715/7686/4870 5248/7687/4871 5247/7683/4875 5714/7682/4874
f 5723/7688/4866 5256/7689/4868 5255/7685/4873 5722/7684/4872
f 5716/7690/4864 5249/7691/4865 5248/7687/4871 5715/7686/4870
f 5709/7692/4862 5242/7693/4863 5513/7694/4869
f 5317/7695/4867 5256/7689/4868 5723/7688/4866
f 5717/7696/4860 5250/7697/4861 5249/7691/4865 5716/7690/4864
f 5710/7698/4858 5243/7699/4859 5242/7693/4863 5709/7692/4862
f 5718/7700/4856 5251/7701/4857 5250/7697/4861 5717/7696/4860
f 5711/7702/4854 5244/7703/4855 5243/7699/4859 5710/7698/4858
f 5719/7673/4850 5252/7672/4853 5251/7701/4857 5718/7700/4856
f 5712/7677/4846 5245/7676/4849 5244/7704/4855 5711/7705/4854
f 5252/7672/4853 5267/7706/4883 5266/7707/4885 5251/7701/4857
f 5245/7676/4849 5260/7708/4882 5259/7709/4884 5244/7704/4855
f 5253/7671/4852 5268/7710/4881 5267/7706/4883 5252/7672/4853
f 5246/7675/4848 5261/7711/4879 5260/7708/4882 5245/7676/4849
f 5254/7679/4877 5269/7712/4880 5268/7713/4881 5253/7680/4852
f 5247/7683/4875 5262/7714/4878 5261/7711/4879 5246/7675/4848
f 5255/7685/4873 5270/7715/4892 5269/7712/4880 5254/7679/4877
f 5248/7687/4871 5263/7716/4891 5262/7714/4878 5247/7683/4875
f 5256/7689/4868 5271/7717/4890 5270/7715/4892 5255/7685/4873
f 5249/7691/4865 5264/7718/4889 5263/7716/4891 5248/7687/4871
f 5242/7693/4863 5257/7719/4888 5513/7694/4869
f 5317/7695/4867 5271/7717/4890 5256/7689/4868
f 5250/7697/4861 5265/7720/4887 5264/7718/4889 5249/7691/4865
f 5243/7699/4859 5258/7721/4886 5257/7719/4888 5242/7693/4863
f 5251/7701/4857 5266/7707/4885 5265/7720/4887 5250/7697/4861
f 5244/7703/4855 5259/7722/4884 5258/7721/4886 5243/7699/4859
f 5271/7717/4890 5286/7723/4897 5285/7724/4899 5270/7715/4892
f 5264/7718/4889 5279/7725/4896 5278/7726/4898 5263/7716/4891
f 5257/7719/4888 5272/7727/4894 5513/7694/4869
f 5317/7695/4867 5286/7723/4897 5271/7717/4890
f 5265/7720/4887 5280/7728/4895 5279/7725/4896 5264/7718/4889
f 5258/7721/4886 5273/7729/4893 5272/7727/4894 5257/7719/4888
f 5266/7707/4885 5281/7730/4907 5280/7728/4895 5265/7720/4887
f 5259/7722/4884 5274/7731/4906 5273/7729/4893 5258/7721/4886
f 5267/7706/4883 5282/7732/4905 5281/7730/4907 5266/7707/4885
f 5260/7733/4882 5275/7734/4904 5274/7731/4906 5259/7722/4884
f 5268/7710/4881 5283/7735/4903 5282/7732/4905 5267/7706/4883
f 5261/7711/4879 5276/7736/4902 5275/7737/4904 5260/7708/4882
f 5269/7712/4880 5284/7738/4901 5283/7739/4903 5268/7713/4881
f 5262/7714/4878 5277/7740/4900 5276/7736/4902 5261/7711/4879
f 5270/7715/4892 5285/7724/4899 5284/7738/4901 5269/7712/4880
f 5263/7716/4891 5278/7726/4898 5277/7740/4900 5262/7714/4878
f 5275/7734/4904 5290/7741/4911 5289/7742/4913 5274/7731/4906
f 5283/7739/4903 5298/7743/4909 5297/7744/4912 5282/7745/4905
f 5276/7736/4902 5291/7746/4910 5290/7747/4911 5275/7737/4904
f 5284/7738/4901 5299/7748/4908 5298/7743/4909 5283/7739/4903
f 5277/7740/4900 5292/7749/4922 5291/7746/4910 5276/7736/4902
f 5285/7724/4899 5300/7750/4921 5299/7748/4908 5284/7738/4901
f 5278/7726/4898 5293/7751/4920 5292/7749/4922 5277/7740/4900
f 5286/7723/4897 5301/7752/4919 5300/7750/4921 5285/7724/4899
f 5279/7725/4896 5294/7753/4918 5293/7751/4920 5278/7726/4898
f 5272/7727/4894 5287/7754/4917 5513/7694/4869
f 5317/7695/4867 5301/7752/4919 5286/7723/4897
f 5280/7728/4895 5295/7755/4916 5294/7753/4918 5279/7725/4896
f 5273/7729/4893 5288/7756/4915 5287/7754/4917 5272/7727/4894
f 5281/7730/4907 5296/7757/4914 5295/7755/4916 5280/7728/4895
f 5274/7731/4906 5289/7742/4913 5288/7756/4915 5273/7729/4893
f 5282/7732/4905 5297/7758/4912 5296/7757/4914 5281/7730/4907
f 5294/7753/4918 5309/7759/4924 5308/7760/4927 5293/7751/4920
f 5287/7754/4917 5302/7761/4926 5513/7694/4869
f 5317/7695/4867 5316/7762/4925 5301/7752/4919
f 5295/7755/4916 5310/7763/4923 5309/7759/4924 5294/7753/4918
f 5288/7756/4915 5303/7764/4937 5302/7761/4926 5287/7754/4917
f 5296/7757/4914 5311/7765/4936 5310/7763/4923 5295/7755/4916
f 5289/7742/4913 5304/7766/4935 5303/7764/4937 5288/7756/4915
f 5297/7758/4912 5312/7767/4934 5311/7765/4936 5296/7757/4914
f 5290/7741/4911 5305/7768/4933 5304/7766/4935 5289/7742/4913
f 5298/7743/4909 5313/7769/4932 5312/7770/4934 5297/7744/4912
f 5291/7746/4910 5306/7771/4931 5305/7772/4933 5290/7747/4911
f 5299/7748/4908 5314/7773/4930 5313/7769/4932 5298/7743/4909
f 5292/7749/4922 5307/7774/4929 5306/7771/4931 5291/7746/4910
f 5300/7750/4921 5315/7775/4928 5314/7773/4930 5299/7748/4908
f 5293/7751/4920 5308/7760/4927 5307/7774/4929 5292/7749/4922
f 5301/7752/4919 5316/7762/4925 5315/7775/4928 5300/7750/4921
f 5313/7769/4932 5329/7776/4940 5328/7777/4941 5312/7770/4934
f 5306/7778/4931 5322/7779/4938 5321/7780/4939 5305/7768/4933
f 5314/7773/4930 5330/7781/4952 5329/7776/4940 5313/7769/4932
f 5307/7774/4929 5323/7782/4951 5322/7783/4938 5306/7771/4931
f 5315/7775/4928 5331/7784/4950 5330/7781/4952 5314/7773/4930
f 5308/7760/4927 5324/7785/4949 5323/7782/4951 5307/7774/4929
f 5316/7762/4925 5332/7786/4948 5331/7784/4950 5315/7775/4928
f 5309/7759/4924 5325/7787/4947 5324/7785/4949 5308/7760/4927
f 5302/7761/4926 5318/7788/4946 5513/7694/4869
f 5317/7695/4867 5332/7786/4948 5316/7762/4925
f 5310/7763/4923 5326/7789/4945 5325/7787/4947 5309/7759/4924
f 5303/7764/4937 5319/7790/4944 5318/7788/4946 5302/7761/4926
f 5311/7765/4936 5327/7791/4943 5326/7789/4945 5310/7763/4923
f 5304/7766/4935 5320/7792/4942 5319/7790/4944 5303/7764/4937
f 5312/7770/4934 5328/7777/4941 5327/7793/4943 5311/7794/4936
f 5305/7768/4933 5321/7780/4939 5320/7792/4942 5304/7766/4935
f 5317/7695/4867 5347/7795/4956 5332/7786/4948
f 5326/7796/4945 5341/7797/4967 5340/7798/4954 5325/7799/4947
f 5319/7790/4944 5334/7800/4966 5333/7801/4953 5318/7788/4946
f 5327/7802/4943 5342/7803/4965 5341/7797/4967 5326/7796/4945
f 5320/7792/4942 5335/7804/4964 5334/7800/4966 5319/7790/4944
f 5328/7777/4941 5343/7805/4963 5342/7806/4965 5327/7793/4943
f 5321/7780/4939 5336/7807/4962 5335/7804/4964 5320/7792/4942
f 5329/7776/4940 5344/7808/4961 5343/7805/4963 5328/7777/4941
f 5322/7779/4938 5337/7809/4960 5336/7807/4962 5321/7780/4939
f 5330/7781/4952 5345/7810/4959 5344/7808/4961 5329/7776/4940
f 5323/7811/4951 5338/7812/4958 5337/7809/4960 5322/7779/4938
f 5331/7784/4950 5346/7813/4957 5345/7810/4959 5330/7781/4952
f 5324/7814/4949 5339/7815/4955 5338/7816/4958 5323/7817/4951
f 5332/7786/4948 5347/7795/4956 5346/7813/4957 5331/7784/4950
f 5325/7799/4947 5340/7798/4954 5339/7815/4955 5324/7814/4949
f 5318/7788/4946 5333/7801/4953 5513/7694/4869
f 5345/7810/4959 5360/7818/4980 5359/7819/4982 5344/7808/4961
f 5338/7816/4958 5353/7820/4979 5352/7821/4981 5337/7822/4960
f 5346/7813/4957 5361/7823/4978 5360/7818/4980 5345/7810/4959
f 5339/7815/4955 5354/7824/4977 5353/7820/4979 5338/7816/4958
f 5347/7795/4956 5362/7825/4976 5361/7823/4978 5346/7813/4957
f 5340/7798/4954 5355/7826/4975 5354/7824/4977 5339/7815/4955
f 5333/7801/4953 5348/7827/4974 5513/7694/4869
f 5317/7695/4867 5362/7825/4976 5347/7795/4956
f 5341/7797/4967 5356/7828/4973 5355/7826/4975 5340/7798/4954
f 5334/7800/4966 5349/7829/4972 5348/7827/4974 5333/7801/4953
f 5342/7803/4965 5357/7830/4971 5356/7828/4973 5341/7797/4967
f 5335/7804/4964 5350/7831/4969 5349/7829/4972 5334/7800/4966
f 5343/7832/4963 5358/7833/4970 5357/7830/4971 5342/7803/4965
f 5336/7807/4962 5351/7834/4968 5350/7831/4969 5335/7804/4964
f 5344/7808/4961 5359/7819/4982 5358/7835/4970 5343/7805/4963
f 5337/7809/4960 5352/7836/4981 5351/7834/4968 5336/7807/4962
f 5349/7829/4972 5364/7837/4994 5363/7838/4996 5348/7827/4974
f 5357/7830/4971 5372/7839/4993 5371/7840/4995 5356/7828/4973
f 5350/7831/4969 5365/7841/4992 5364/7837/4994 5349/7829/4972
f 5358/7833/4970 5373/7842/4991 5372/7839/4993 5357/7830/4971
f 5351/7834/4968 5366/7843/4990 5365/7841/4992 5350/7831/4969
f 5359/7819/4982 5374/7844/4989 5373/7845/4991 5358/7835/4970
f 5352/7836/4981 5367/7846/4988 5366/7843/4990 5351/7834/4968
f 5360/7818/4980 5375/7847/4987 5374/7844/4989 5359/7819/4982
f 5353/7820/4979 5368/7848/4986 5367/7849/4988 5352/7821/4981
f 5361/7823/4978 5376/7850/4984 5375/7847/4987 5360/7818/4980
f 5354/7824/4977 5369/7851/4985 5368/7848/4986 5353/7820/4979
f 5362/7825/4976 5377/7852/4983 5376/7850/4984 5361/7823/4978
f 5355/7826/4975 5370/7853/4997 5369/7851/4985 5354/7824/4977
f 5348/7827/4974 5363/7838/4996 5513/7694/4869
f 5317/7695/4867 5377/7852/4983 5362/7825/4976
f 5356/7828/4973 5371/7840/4995 5370/7853/4997 5355/7826/4975
f 5368/7848/4986 5383/7854/5008 5382/7855/5010 5367/7849/4988
f 5376/7850/4984 5391/7856/5007 5390/7857/5009 5375/7847/4987
f 5369/7851/4985 5384/7858/5006 5383/7854/5008 5368/7848/4986
f 5377/7852/4983 5392/7859/5005 5391/7856/5007 5376/7850/4984
f 5370/7853/4997 5385/7860/5004 5384/7858/5006 5369/7851/4985
f 5363/7838/4996 5378/7861/5003 5513/7694/4869
f 5317/7695/4867 5392/7859/5005 5377/7852/4983
f 5371/7840/4995 5386/7862/5002 5385/7860/5004 5370/7853/4997
f 5364/7837/4994 5379/7863/5001 5378/7861/5003 5363/7838/4996
f 5372/7839/4993 5387/7864/4999 5386/7862/5002 5371/7840/4995
f 5365/7841/4992 5380/7865/5000 5379/7863/5001 5364/7837/4994
f 5373/7842/4991 5388/7866/4998 5387/7864/4999 5372/7839/4993
f 5366/7843/4990 5381/7867/5012 5380/7865/5000 5365/7841/4992
f 5374/7868/4989 5389/7869/5011 5388/7866/4998 5373/7842/4991
f 5367/7846/4988 5382/7870/5010 5381/7867/5012 5366/7843/4990
f 5375/7847/4987 5390/7857/5009 5389/7871/5011 5374/7844/4989
f 5387/7864/4999 5402/7872/5022 5401/7873/5024 5386/7862/5002
f 5380/7865/5000 5395/7874/5021 5394/7875/5023 5379/7863/5001
f 5388/7866/4998 5403/7876/5020 5402/7872/5022 5387/7864/4999
f 5381/7867/5012 5396/7877/5019 5395/7874/5021 5380/7865/5000
f 5389/7869/5011 5404/7878/5018 5403/7876/5020 5388/7866/4998
f 5382/7870/5010 5397/7879/5017 5396/7877/5019 5381/7867/5012
f 5390/7857/5009 5405/7880/5016 5404/7881/5018 5389/7871/5011
f 5383/7854/5008 5398/7882/5014 5397/7883/5017 5382/7855/5010
f 5391/7856/5007 5406/7884/5015 5405/7880/5016 5390/7857/5009
f 5384/7858/5006 5399/7885/5013 5398/7882/5014 5383/7854/5008
f 5392/7859/5005 5407/7886/5027 5406/7884/5015 5391/7856/5007
f 5385/7860/5004 5400/7887/5026 5399/7885/5013 5384/7858/5006
f 5378/7861/5003 5393/7888/5025 5513/7694/4869
f 5317/7695/4867 5407/7886/5027 5392/7859/5005
f 5386/7862/5002 5401/7873/5024 5400/7887/5026 5385/7860/5004
f 5379/7863/5001 5394/7875/5023 5393/7888/5025 5378/7861/5003
f 5406/7884/5015 5421/7889/5036 5420/7890/5038 5405/7880/5016
f 5399/7885/5013 5414/7891/5035 5413/7892/5037 5398/7882/5014
f 5407/7886/5027 5422/7893/5034 5421/7889/5036 5406/7884/5015
f 5400/7887/5026 5415/7894/5033 5414/7891/5035 5399/7885/5013
f 5393/7888/5025 5408/7895/5032 5513/7694/4869
f 5317/7695/4867 5422/7893/5034 5407/7886/5027
f 5401/7873/5024 5416/7896/5031 5415/7894/5033 5400/7887/5026
f 5394/7875/5023 5409/7897/5029 5408/7895/5032 5393/7888/5025
f 5402/7872/5022 5417/7898/5030 5416/7896/5031 5401/7873/5024
f 5395/7874/5021 5410/7899/5028 5409/7897/5029 5394/7875/5023
f 5403/7876/5020 5418/7900/5042 5417/7898/5030 5402/7872/5022
f 5396/7877/5019 5411/7901/5041 5410/7899/5028 5395/7874/5021
f 5404/7878/5018 5419/7902/5040 5418/7900/5042 5403/7876/5020
f 5397/7879/5017 5412/7903/5039 5411/7901/5041 5396/7877/5019
f 5405/7880/5016 5420/7890/5038 5419/7904/5040 5404/7881/5018
f 5398/7882/5014 5413/7892/5037 5412/7905/5039 5397/7883/5017
f 5410/7899/5028 5425/7906/5050 5424/7907/5052 5409/7897/5029
f 5418/7900/5042 5433/7908/5049 5432/7909/5051 5417/7898/5030
f 5411/7901/5041 5426/7910/5048 5425/7906/5050 5410/7899/5028
f 5419/7902/5040 5434/7911/5047 5433/7908/5049 5418/7900/5042
f 5412/7903/5039 5427/7912/5046 5426/7910/5048 5411/7901/5041
f 5420/7890/5038 5435/7913/5044 5434/7914/5047 5419/7904/5040
f 5413/7892/5037 5428/7915/5045 5427/7916/5046 5412/7905/5039
f 5421/7889/5036 5436/7917/5043 5435/7913/5044 5420/7890/5038
f 5414/7891/5035 5429/7918/5057 5428/7915/5045 5413/7892/5037
f 5422/7893/5034 5437/7919/5056 5436/7917/5043 5421/7889/5036
f 5415/7894/5033 5430/7920/5055 5429/7918/5057 5414/7891/5035
f 5408/7895/5032 5423/7921/5054 5513/7694/4869
f 5317/7695/4867 5437/7919/5056 5422/7893/5034
f 5416/7896/5031 5431/7922/5053 5430/7920/5055 5415/7894/5033
f 5409/7897/5029 5424/7907/5052 5423/7921/5054 5408/7895/5032
f 5417/7898/5030 5432/7909/5051 5431/7922/5053 5416/7896/5031
f 5429/7918/5057 5444/7923/5064 5443/7924/5066 5428/7915/5045
f 5437/7919/5056 5452/7925/5063 5451/7926/5065 5436/7917/5043
f 5430/7920/5055 5445/7927/5062 5444/7923/5064 5429/7918/5057
f 5423/7921/5054 5438/7928/5061 5513/7694/4869
f 5317/7695/4867 5452/7925/5063 5437/7919/5056
f 5431/7922/5053 5446/7929/5059 5445/7927/5062 5430/7920/5055
f 5424/7907/5052 5439/7930/5060 5438/7928/5061 5423/7921/5054
f 5432/7909/5051 5447/7931/5058 5446/7929/5059 5431/7922/5053
f 5425/7906/5050 5440/7932/5072 5439/7930/5060 5424/7907/5052
f 5433/7908/5049 5448/7933/5071 5447/7931/5058 5432/7909/5051
f 5426/7910/5048 5441/7934/5070 5440/7932/5072 5425/7906/5050
f 5434/7914/5047 5449/7935/5069 5448/7936/5071 5433/7937/5049
f 5427/7912/5046 5442/7938/5068 5441/7934/5070 5426/7910/5048
f 5435/7913/5044 5450/7939/5067 5449/7935/5069 5434/7914/5047
f 5428/7915/5045 5443/7924/5066 5442/7940/5068 5427/7916/5046
f 5436/7917/5043 5451/7926/5065 5450/7939/5067 5435/7913/5044
f 5448/7941/5071 5463/7942/5078 5462/7943/5080 5447/7944/5058
f 5441/7934/5070 5456/7945/5077 5455/7946/5079 5440/7932/5072
f 5449/7947/5069 5464/7948/5076 5463/7942/5078 5448/7941/5071
f 5442/7938/5068 5457/7949/5074 5456/7945/5077 5441/7934/5070
f 5450/7939/5067 5465/7950/5075 5464/7951/5076 5449/7935/5069
f 5443/7952/5066 5458/7953/5073 5457/7954/5074 5442/7955/5068
f 5451/7926/5065 5466/7956/5087 5465/7950/5075 5450/7939/5067
f 5444/7957/5064 5459/7958/5086 5458/7953/5073 5443/7952/5066
f 5452/7925/5063 5467/7959/5085 5466/7956/5087 5451/7926/5065
f 5445/7960/5062 5460/7961/5084 5459/7958/5086 5444/7957/5064
f 5438/7928/5061 5453/7962/5083 5513/7694/4869
f 5317/7695/4867 5467/7959/5085 5452/7925/5063
f 5446/7963/5059 5461/7964/5082 5460/7961/5084 5445/7960/5062
f 5439/7930/5060 5454/7965/5081 5453/7962/5083 5438/7928/5061
f 5447/7944/5058 5462/7943/5080 5461/7964/5082 5446/7963/5059
f 5440/7932/5072 5455/7946/5079 5454/7965/5081 5439/7930/5060
f 5467/7959/5085 5482/7966/5092 5481/7967/5094 5466/7956/5087
f 5460/7961/5084 5475/7968/5091 5474/7969/5093 5459/7958/5086
f 5453/7962/5083 5468/7970/5089 5513/7694/4869
f 5317/7695/4867 5482/7966/5092 5467/7959/5085
f 5461/7964/5082 5476/7971/5090 5475/7968/5091 5460/7961/5084
f 5454/7965/5081 5469/7972/5088 5468/7970/5089 5453/7962/5083
f 5462/7943/5080 5477/7973/5102 5476/7971/5090 5461/7964/5082
f 5455/7946/5079 5470/7974/5101 5469/7972/5088 5454/7965/5081
f 5463/7942/5078 5478/7975/5100 5477/7973/5102 5462/7943/5080
f 5456/7945/5077 5471/7976/5099 5470/7974/5101 5455/7946/5079
f 5464/7948/5076 5479/7977/5098 5478/7975/5100 5463/7942/5078
f 5457/7949/5074 5472/7978/5097 5471/7976/5099 5456/7945/5077
f 5465/7950/5075 5480/7979/5096 5479/7980/5098 5464/7951/5076
f 5458/7953/5073 5473/7981/5095 5472/7982/5097 5457/7954/5074
f 5466/7956/5087 5481/7967/5094 5480/7979/5096 5465/7950/5075
f 5459/7958/5086 5474/7969/5093 5473/7981/5095 5458/7953/5073
f 5479/7977/5098 5494/7983/5105 5493/7984/5106 5478/7975/5100
f 5472/7982/5097 5487/7985/5103 5486/7986/5104 5471/7987/5099
f 5480/7979/5096 5495/7988/5117 5494/7989/5105 5479/7980/5098
f 5473/7981/5095 5488/7990/5116 5487/7985/5103 5472/7982/5097
f 5481/7967/5094 5496/7991/5115 5495/7988/5117 5480/7979/5096
f 5474/7969/5093 5489/7992/5114 5488/7990/5116 5473/7981/5095
f 5482/7966/5092 5497/7993/5113 5496/7991/5115 5481/7967/5094
f 5475/7968/5091 5490/7994/5112 5489/7992/5114 5474/7969/5093
f 5468/7970/5089 5483/7995/5111 5513/7694/4869
f 5317/7695/4867 5497/7993/5113 5482/7966/5092
f 5476/7971/5090 5491/7996/5110 5490/7994/5112 5475/7968/5091
f 5469/7972/5088 5484/7997/5109 5483/7995/5111 5468/7970/5089
f 5477/7973/5102 5492/7998/5108 5491/7996/5110 5476/7971/5090
f 5470/7974/5101 5485/7999/5107 5484/7997/5109 5469/7972/5088
f 5478/7975/5100 5493/7984/5106 5492/7998/5108 5477/7973/5102
f 5471/7976/5099 5486/8000/5104 5485/7999/5107 5470/7974/5101
f 5483/7995/5111 5498/8001/5119 5513/7694/4869
f 5317/7695/4867 5512/8002/5118 5497/7993/5113
f 5491/7996/5110 5506/8003/5132 5505/8004/5120 5490/7994/5112
f 5484/7997/5109 5499/8005/5131 5498/8001/5119 5483/7995/5111
f 5492/7998/5108 5507/8006/5130 5506/8003/5132 5491/7996/5110
f 5485/7999/5107 5500/8007/5129 5499/8005/5131 5484/7997/5109
f 5493/7984/5106 5508/8008/5128 5507/8006/5130 5492/7998/5108
f 5486/8000/5104 5501/8009/5127 5500/8007/5129 5485/7999/5107
f 5494/7983/5105 5509/8010/5126 5508/8008/5128 5493/7984/5106
f 5487/7985/5103 5502/8011/5125 5501/8012/5127 5486/7986/5104
f 5495/8013/5117 5510/8014/5124 5509/8010/5126 5494/7983/5105
f 5488/7990/5116 5503/8015/5123 5502/8011/5125 5487/7985/5103
f 5496/7991/5115 5511/8016/5122 5510/8017/5124 5495/7988/5117
f 5489/7992/5114 5504/8018/5121 5503/8015/5123 5488/7990/5116
f 5497/7993/5113 5512/8002/5118 5511/8016/5122 5496/7991/5115
f 5490/7994/5112 5505/8004/5120 5504/8018/5121 5489/7992/5114
f 5502/8011/5125 5518/8019/5147 5517/8020/5135 5501/8012/5127
f 5510/8014/5124 5526/8021/5146 5525/8022/5133 5509/8010/5126
f 5503/8015/5123 5519/8023/5145 5518/8019/5147 5502/8011/5125
f 5511/8016/5122 5527/8024/5144 5526/8025/5146 5510/8017/5124
f 5504/8018/5121 5520/8026/5143 5519/8023/5145 5503/8015/5123
f 5512/8002/5118 5528/8027/5142 5527/8024/5144 5511/8016/5122
f 5505/8004/5120 5521/8028/5141 5520/8026/5143 5504/8018/5121
f 5498/8001/5119 5514/8029/5140 5513/7694/4869
f 5317/7695/4867 5528/8027/5142 5512/8002/5118
f 5506/8003/5132 5522/8030/5139 5521/8028/5141 5505/8004/5120
f 5499/8005/5131 5515/8031/5138 5514/8029/5140 5498/8001/5119
f 5507/8006/5130 5523/8032/5137 5522/8030/5139 5506/8003/5132
f 5500/8007/5129 5516/8033/5136 5515/8031/5138 5499/8005/5131
f 5508/8008/5128 5524/8034/5134 5523/8032/5137 5507/8006/5130
f 5501/8009/5127 5517/8035/5135 5516/8033/5136 5500/8007/5129
f 5509/8010/5126 5525/8022/5133 5524/8034/5134 5508/8008/5128
f 5522/8030/5139 5537/8036/5161 5536/8037/5148 5521/8028/5141
f 5515/8031/5138 5530/8038/5160 5529/8039/5162 5514/8029/5140
f 5523/8032/5137 5538/8040/5159 5537/8036/5161 5522/8030/5139
f 5516/8033/5136 5531/8041/5158 5530/8038/5160 5515/8031/5138
f 5524/8034/5134 5539/8042/5157 5538/8040/5159 5523/8032/5137
f 5517/8035/5135 5532/8043/5156 5531/8041/5158 5516/8033/5136
f 5525/8022/5133 5540/8044/5155 5539/8042/5157 5524/8034/5134
f 5518/8019/5147 5533/8045/5154 5532/8046/5156 5517/8020/5135
f 5526/8021/5146 5541/8047/5153 5540/8044/5155 5525/8022/5133
f 5519/8023/5145 5534/8048/5152 5533/8045/5154 5518/8019/5147
f 5527/8024/5144 5542/8049/5151 5541/8050/5153 5526/8025/5146
f 5520/8026/5143 5535/8051/5149 5534/8048/5152 5519/8023/5145
f 5528/8027/5142 5543/8052/5150 5542/8049/5151 5527/8024/5144
f 5521/8028/5141 5536/8037/5148 5535/8051/5149 5520/8026/5143
f 5514/8029/5140 5529/8039/5162 5513/7694/4869
f 5317/7695/4867 5543/8052/5150 5528/8027/5142
f 5541/8050/5153 5556/8053/5175 5555/8054/5177 5540/8055/5155
f 5534/8048/5152 5549/8056/5174 5548/8057/5176 5533/8045/5154
f 5542/8049/5151 5557/8058/5173 5556/8053/5175 5541/8050/5153
f 5535/8051/5149 5550/8059/5172 5549/8056/5174 5534/8048/5152
f 5543/8052/5150 5558/8060/5171 5557/8058/5173 5542/8049/5151
f 5536/8037/5148 5551/8061/5170 5550/8059/5172 5535/8051/5149
f 5529/8039/5162 5544/8062/5169 5513/7694/4869
f 5317/7695/4867 5558/8060/5171 5543/8052/5150
f 5537/8036/5161 5552/8063/5168 5551/8061/5170 5536/8037/5148
f 5530/8038/5160 5545/8064/5167 5544/8062/5169 5529/8039/5162
f 5538/8040/5159 5553/8065/5166 5552/8063/5168 5537/8036/5161
f 5531/8041/5158 5546/8066/5164 5545/8064/5167 5530/8038/5160
f 5539/8042/5157 5554/8067/5165 5553/8065/5166 5538/8040/5159
f 5532/8043/5156 5547/8068/5163 5546/8066/5164 5531/8041/5158
f 5540/8044/5155 5555/8069/5177 5554/8067/5165 5539/8042/5157
f 5533/8045/5154 5548/8057/5176 5547/8070/5163 5532/8046/5156
f 5545/8064/5167 5560/8071/5189 5559/8072/5191 5544/8062/5169
f 5553/8065/5166 5568/8073/5188 5567/8074/5190 5552/8063/5168
f 5546/8066/5164 5561/8075/5187 5560/8071/5189 5545/8064/5167
f 5554/8076/5165 5569/8077/5186 5568/8078/5188 5553/8079/5166
f 5547/8068/5163 5562/8080/5185 5561/8075/5187 5546/8066/5164
f 5555/8081/5177 5570/8082/5184 5569/8077/5186 5554/8076/5165
f 5548/8083/5176 5563/8084/5183 5562/8080/5185 5547/8068/5163
f 5556/8053/5175 5571/8085/5182 5570/8086/5184 5555/8054/5177
f 5549/8056/5174 5564/8087/5181 5563/8088/5183 5548/8057/5176
f 5557/8058/5173 5572/8089/5179 5571/8085/5182 5556/8053/5175
f 5550/8059/5172 5565/8090/5180 5564/8087/5181 5549/8056/5174
f 5558/8060/5171 5573/8091/5178 5572/8089/5179 5557/8058/5173
f 5551/8092/5170 5566/8093/5192 5565/8094/5180 5550/8095/5172
f 5544/8062/5169 5559/8072/5191 5513/7694/4869
f 5317/7695/4867 5573/8091/5178 5558/8060/5171
f 5552/8096/5168 5567/8097/5190 5566/8093/5192 5551/8092/5170
f 5564/8098/5181 5579/8099/5203 5578/8100/5205 5563/8101/5183
f 5572/8089/5179 5587/8102/5202 5586/8103/5204 5571/8085/5182
f 5565/8094/5180 5580/8104/5201 5579/8099/5203 5564/8098/5181
f 5573/8091/5178 5588/8105/5200 5587/8102/5202 5572/8089/5179
f 5566/8093/5192 5581/8106/5199 5580/8104/5201 5565/8094/5180
f 5559/8072/5191 5574/8107/5198 5513/7694/4869
f 5317/7695/4867 5588/8105/5200 5573/8091/5178
f 5567/8097/5190 5582/8108/5197 5581/8106/5199 5566/8093/5192
f 5560/8071/5189 5575/8109/5196 5574/8107/5198 5559/8072/5191
f 5568/8078/5188 5583/8110/5194 5582/8108/5197 5567/8097/5190
f 5561/8075/5187 5576/8111/5195 5575/8109/5196 5560/8071/5189
f 5569/8077/5186 5584/8112/5193 5583/8110/5194 5568/8078/5188
f 5562/8080/5185 5577/8113/5207 5576/8111/5195 5561/8075/5187
f 5570/8082/5184 5585/8114/5206 5584/8112/5193 5569/8077/5186
f 5563/8101/5183 5578/8100/5205 5577/8115/5207 5562/8116/5185
f 5571/8117/5182 5586/8118/5204 5585/8114/5206 5570/8082/5184
f 5583/8110/5194 5598/8119/5217 5597/8120/5219 5582/8108/5197
f 5576/8111/5195 5591/8121/5216 5590/8122/5218 5575/8109/5196
f 5584/8112/5193 5599/8123/5215 5598/8119/5217 5583/8110/5194
f 5577/8113/5207 5592/8124/5214 5591/8121/5216 5576/8111/5195
f 5585/8114/5206 5600/8125/5213 5599/8123/5215 5584/8112/5193
f 5578/8100/5205 5593/8126/5212 5592/8127/5214 5577/8115/5207
f 5586/8118/5204 5601/8128/5211 5600/8125/5213 5585/8114/5206
f 5579/8099/5203 5594/8129/5209 5593/8126/5212 5578/8100/5205
f 5587/8102/5202 5602/8130/5210 5601/8131/5211 5586/8103/5204
f 5580/8104/5201 5595/8132/5208 5594/8129/5209 5579/8099/5203
f 5588/8105/5200 5603/8133/5222 5602/8130/5210 5587/8102/5202
f 5581/8106/5199 5596/8134/5221 5595/8132/5208 5580/8104/5201
f 5574/8107/5198 5589/8135/5220 5513/7694/4869
f 5317/7695/4867 5603/8133/5222 5588/8105/5200
f 5582/8108/5197 5597/8120/5219 5596/8134/5221 5581/8106/5199
f 5575/8109/5196 5590/8122/5218 5589/8135/5220 5574/8107/5198
f 5602/8130/5210 5617/8136/5231 5616/8137/5233 5601/8131/5211
f 5595/8132/5208 5610/8138/5230 5609/8139/5232 5594/8129/5209
f 5603/8133/5222 5618/8140/5229 5617/8136/5231 5602/8130/5210
f 5596/8134/5221 5611/8141/5228 5610/8138/5230 5595/8132/5208
f 5589/8135/5220 5604/8142/5227 5513/7694/4869
f 5317/7695/4867 5618/8140/5229 5603/8133/5222
f 5597/8120/5219 5612/8143/5226 5611/8141/5228 5596/8134/5221
f 5590/8122/5218 5605/8144/5224 5604/8142/5227 5589/8135/5220
f 5598/8119/5217 5613/8145/5225 5612/8143/5226 5597/8120/5219
f 5591/8121/5216 5606/8146/5223 5605/8144/5224 5590/8122/5218
f 5599/8123/5215 5614/8147/5237 5613/8145/5225 5598/8119/5217
f 5592/8124/5214 5607/8148/5236 5606/8146/5223 5591/8121/5216
f 5600/8125/5213 5615/8149/5235 5614/8147/5237 5599/8123/5215
f 5593/8126/5212 5608/8150/5234 5607/8151/5236 5592/8127/5214
f 5601/8128/5211 5616/8152/5233 5615/8149/5235 5600/8125/5213
f 5594/8129/5209 5609/8139/5232 5608/8150/5234 5593/8126/5212
f 5614/8147/5237 5629/8153/5243 5628/8154/5245 5613/8145/5225
f 5607/8148/5236 5622/8155/5242 5621/8156/5244 5606/8146/5223
f 5615/8149/5235 5630/8157/5241 5629/8153/5243 5614/8147/5237
f 5608/8150/5234 5623/8158/5239 5622/8159/5242 5607/8151/5236
f 5616/8152/5233 5631/8160/5240 5630/8157/5241 5615/8149/5235
f 5609/8139/5232 5624/8161/5238 5623/8158/5239 5608/8150/5234
f 5617/8136/5231 5632/8162/5252 5631/8163/5240 5616/8137/5233
f 5610/8138/5230 5625/8164/5251 5624/8161/5238 5609/8139/5232
f 5618/8140/5229 5633/8165/5250 5632/8162/5252 5617/8136/5231
f 5611/8141/5228 5626/8166/5249 5625/8164/5251 5610/8138/5230
f 5604/8142/5227 5619/8167/5248 5513/7694/4869
f 5317/7695/4867 5633/8165/5250 5618/8140/5229
f 5612/8143/5226 5627/8168/5247 5626/8166/5249 5611/8141/5228
f 5605/8144/5224 5620/8169/5246 5619/8167/5248 5604/8142/5227
f 5613/8145/5225 5628/8154/5245 5627/8168/5247 5612/8143/5226
f 5606/8146/5223 5621/8156/5244 5620/8169/5246 5605/8144/5224
f 5633/8165/5250 5648/8170/5257 5647/8171/5259 5632/8162/5252
f 5626/8166/5249 5641/8172/5256 5640/8173/5258 5625/8164/5251
f 5619/8167/5248 5634/8174/5254 5513/7694/4869
f 5317/7695/4867 5648/8170/5257 5633/8165/5250
f 5627/8168/5247 5642/8175/5255 5641/8172/5256 5626/8166/5249
f 5620/8169/5246 5635/8176/5253 5634/8174/5254 5619/8167/5248
f 5628/8154/5245 5643/8177/5267 5642/8175/5255 5627/8168/5247
f 5621/8156/5244 5636/8178/5266 5635/8176/5253 5620/8169/5246
f 5629/8153/5243 5644/8179/5265 5643/8177/5267 5628/8154/5245
f 5622/8155/5242 5637/8180/5264 5636/8178/5266 5621/8156/5244
f 5630/8157/5241 5645/8181/5263 5644/8179/5265 5629/8153/5243
f 5623/8158/5239 5638/8182/5262 5637/8183/5264 5622/8159/5242
f 5631/8160/5240 5646/8184/5261 5645/8181/5263 5630/8157/5241
f 5624/8161/5238 5639/8185/5260 5638/8182/5262 5623/8158/5239
f 5632/8162/5252 5647/8171/5259 5646/8186/5261 5631/8163/5240
f 5625/8164/5251 5640/8173/5258 5639/8185/5260 5624/8161/5238
f 5637/8180/5264 5652/8187/5271 5651/8188/5273 5636/8178/5266
f 5645/8181/5263 5660/8189/5269 5659/8190/5272 5644/8179/5265
f 5638/8182/5262 5653/8191/5270 5652/8192/5271 5637/8183/5264
f 5646/8184/5261 5661/8193/5268 5660/8189/5269 5645/8181/5263
f 5639/8185/5260 5654/8194/5282 5653/8191/5270 5638/8182/5262
f 5647/8171/5259 5662/8195/5281 5661/8196/5268 5646/8186/5261
f 5640/8173/5258 5655/8197/5280 5654/8194/5282 5639/8185/5260
f 5648/8170/5257 5663/8198/5279 5662/8195/5281 5647/8171/5259
f 5641/8172/5256 5656/8199/5278 5655/8197/5280 5640/8173/5258
f 5634/8174/5254 5649/8200/5277 5513/7694/4869
f 5317/7695/4867 5663/8198/5279 5648/8170/5257
f 5642/8175/5255 5657/8201/5276 5656/8199/5278 5641/8172/5256
f 5635/8176/5253 5650/8202/5275 5649/8200/5277 5634/8174/5254
f 5643/8177/5267 5658/8203/5274 5657/8201/5276 5642/8175/5255
f 5636/8178/5266 5651/8188/5273 5650/8202/5275 5635/8176/5253
f 5644/8179/5265 5659/8190/5272 5658/8203/5274 5643/8177/5267
f 5656/8199/5278 5671/8204/5284 5670/8205/5287 5655/8197/5280
f 5649/8200/5277 5664/8206/5286 5513/7694/4869
f 5317/7695/4867 5678/8207/5285 5663/8198/5279
f 5657/8201/5276 5672/8208/5283 5671/8204/5284 5656/8199/5278
f 5650/8202/5275 5665/8209/5297 5664/8206/5286 5649/8200/5277
f 5658/8203/5274 5673/8210/5296 5672/8208/5283 5657/8201/5276
f 5651/8188/5273 5666/8211/5295 5665/8209/5297 5650/8202/5275
f 5659/8190/5272 5674/8212/5294 5673/8210/5296 5658/8203/5274
f 5652/8187/5271 5667/8213/5293 5666/8211/5295 5651/8188/5273
f 5660/8189/5269 5675/8214/5292 5674/8212/5294 5659/8190/5272
f 5653/8191/5270 5668/8215/5291 5667/8216/5293 5652/8192/5271
f 5661/8196/5268 5676/8217/5290 5675/8218/5292 5660/8219/5269
f 5654/8194/5282 5669/8220/5289 5668/8215/5291 5653/8191/5270
f 5662/8195/5281 5677/8221/5288 5676/8217/5290 5661/8196/5268
f 5655/8197/5280 5670/8205/5287 5669/8220/5289 5654/8194/5282
f 5663/8198/5279 5678/8207/5285 5677/8221/5288 5662/8195/5281
f 5675/8214/5292 5690/8222/5300 5689/8223/5301 5674/8212/5294
f 5668/8224/5291 5683/8225/5298 5682/8226/5299 5667/8227/5293
f 5676/8217/5290 5691/8228/5312 5690/8229/5300 5675/8218/5292
f 5669/8230/5289 5684/8231/5311 5683/8225/5298 5668/8224/5291
f 5677/8221/5288 5692/8232/5310 5691/8228/5312 5676/8217/5290
f 5670/8233/5287 5685/8234/5309 5684/8231/5311 5669/8230/5289
f 5678/8207/5285 5693/8235/5308 5692/8232/5310 5677/8221/5288
f 5671/8236/5284 5686/8237/5307 5685/8234/5309 5670/8233/5287
f 5664/8206/5286 5679/8238/5306 5513/7694/4869
f 5317/7695/4867 5693/8235/5308 5678/8207/5285
f 5672/8208/5283 5687/8239/5305 5686/8240/5307 5671/8204/5284
f 5665/8209/5297 5680/8241/5304 5679/8238/5306 5664/8206/5286
f 5673/8210/5296 5688/8242/5303 5687/8239/5305 5672/8208/5283
f 5666/8211/5295 5681/8243/5302 5680/8241/5304 5665/8209/5297
f 5674/8212/5294 5689/8223/5301 5688/8242/5303 5673/8210/5296
f 5667/8213/5293 5682/8244/5299 5681/8243/5302 5666/8211/5295
f 5679/8238/5306 5694/8245/5314 5513/7694/4869
f 5317/7695/4867 5708/8246/5313 5693/8235/5308
f 5687/8247/5305 5702/8248/5327 5701/8249/5315 5686/8237/5307
f 5680/8241/5304 5695/8250/5326 5694/8245/5314 5679/8238/5306
f 5688/8251/5303 5703/8252/5325 5702/8248/5327 5687/8247/5305
f 5681/8243/5302 5696/8253/5324 5695/8250/5326 5680/8241/5304
f 5689/8254/5301 5704/8255/5323 5703/8252/5325 5688/8251/5303
f 5682/8244/5299 5697/8256/5322 5696/8253/5324 5681/8243/5302
f 5690/8257/5300 5705/8258/5321 5704/8255/5323 5689/8254/5301
f 5683/8225/5298 5698/8259/5320 5697/8260/5322 5682/8226/5299
f 5691/8228/5312 5706/8261/5319 5705/8262/5321 5690/8229/5300
f 5684/8231/5311 5699/8263/5318 5698/8259/5320 5683/8225/5298
f 5692/8232/5310 5707/8264/5317 5706/8261/5319 5691/8228/5312
f 5685/8234/5309 5700/8265/5316 5699/8263/5318 5684/8231/5311
f 5693/8235/5308 5708/8246/5313 5707/8264/5317 5692/8232/5310
f 5686/8237/5307 5701/8249/5315 5700/8265/5316 5685/8234/5309
f 5698/8259/5320 5713/7674/4847 5712/7677/4846 5697/8260/5322
f 5706/8261/5319 5721/7678/4876 5720/7681/4851 5705/8262/5321
f 5699/8263/5318 5714/7682/4874 5713/7674/4847 5698/8259/5320
f 5707/8264/5317 5722/7684/4872 5721/7678/4876 5706/8261/5319
f 5700/8265/5316 5715/7686/4870 5714/7682/4874 5699/8263/5318
f 5708/8246/5313 5723/7688/4866 5722/7684/4872 5707/8264/5317
f 5701/8249/5315 5716/7690/4864 5715/7686/4870 5700/8265/5316
f 5694/8245/5314 5709/7692/4862 5513/7694/4869
f 5317/7695/4867 5723/7688/4866 5708/8246/5313
f 5702/8248/5327 5717/7696/4860 5716/7690/4864 5701/8249/5315
f 5695/8250/5326 5710/7698/4858 5709/7692/4862 5694/8245/5314
f 5703/8252/5325 5718/7700/4856 5717/7696/4860 5702/8248/5327
f 5696/8253/5324 5711/7702/4854 5710/7698/4858 5695/8250/5326
f 5704/8255/5323 5719/7673/4850 5718/7700/4856 5703/8252/5325
f 5697/8260/5322 5712/7677/4846 5711/7705/4854 5696/8266/5324
f 5705/8258/5321 5720/7670/4851 5719/7673/4850 5704/8255/5323
